make -C kernel
make[1]: Entering directory '/home/rudy/radianos/kernel'
make[1]: Nothing to be done for 'all'.
make[1]: Leaving directory '/home/rudy/radianos/kernel'
rm -rf iso_root
mkdir -p iso_root/boot
cp -v kernel/bin-x86_64/kernel iso_root/boot/
'kernel/bin-x86_64/kernel' -> 'iso_root/boot/kernel'
mkdir -p iso_root/boot/limine
cp -v limine.conf iso_root/boot/limine/
'limine.conf' -> 'iso_root/boot/limine/limine.conf'
mkdir -p iso_root/EFI/BOOT
cp -v limine/limine-bios.sys limine/limine-bios-cd.bin limine/limine-uefi-cd.bin iso_root/boot/limine/
'limine/limine-bios.sys' -> 'iso_root/boot/limine/limine-bios.sys'
'limine/limine-bios-cd.bin' -> 'iso_root/boot/limine/limine-bios-cd.bin'
'limine/limine-uefi-cd.bin' -> 'iso_root/boot/limine/limine-uefi-cd.bin'
cp -v limine/BOOTX64.EFI iso_root/EFI/BOOT/
'limine/BOOTX64.EFI' -> 'iso_root/EFI/BOOT/BOOTX64.EFI'
cp -v limine/BOOTIA32.EFI iso_root/EFI/BOOT/
'limine/BOOTIA32.EFI' -> 'iso_root/EFI/BOOT/BOOTIA32.EFI'
xorriso -as mkisofs -R -r -J -b boot/limine/limine-bios-cd.bin \
	-no-emul-boot -boot-load-size 4 -boot-info-table -hfsplus \
	-apm-block-size 2048 --efi-boot boot/limine/limine-uefi-cd.bin \
	-efi-boot-part --efi-boot-image --protective-msdos-label \
	iso_root -o template-x86_64.iso
xorriso 1.5.6 : RockRidge filesystem manipulator, libburnia project.

Drive current: -outdev 'stdio:template-x86_64.iso'
Media current: stdio file, overwriteable
Media status : is blank
Media summary: 0 sessions, 0 data blocks, 0 data, 78.3g free
Added to ISO image: directory '/'='/home/rudy/radianos/iso_root'
xorriso : UPDATE :      11 files added in 1 seconds
xorriso : UPDATE :      11 files added in 1 seconds
ISO image produced: 2015 sectors
Written to medium : 2015 sectors at LBA 0
Writing to 'stdio:template-x86_64.iso' completed successfully.

./limine/limine bios-install template-x86_64.iso
Physical block size of 512 bytes.
Installing to GPT. Logical block size of 512 bytes.
Secondary header at LBA 0x1f7b.
Secondary header valid.
GPT partition NOT specified. Attempting GPT embedding.
New maximum count of partition entries: 52.
Stage 2 to be located at 0x4200 and 0x3eba00.
Reminder: Remember to copy the limine-bios.sys file in either
          the root, /boot, /limine, or /boot/limine directories of
          one of the partitions on the device, or boot will fail!
Limine BIOS stages installed successfully!
rm -rf iso_root
qemu-system-x86_64 \
	-M q35 \
	-drive if=pflash,unit=0,format=raw,file=ovmf/ovmf-code-x86_64.fd,readonly=on \
	-cdrom template-x86_64.iso \
	-no-reboot \
	-d int \
	-m 2G
Servicing hardware INT=0x20
     0: v=20 e=0000 i=0 cpl=0 IP=0038:000000007ff12958 pc=000000007ff12958 SP=0030:000000007ff02258 env->regs[R_EAX]=000000007ff12958
RAX=000000007ff12958 RBX=000000007f4e7ce0 RCX=0000000000000010 RDX=000000007f280d98
RSI=0000000000000128 RDI=0000000000000000 RBP=000000007ff022e0 RSP=000000007ff02258
R8 =000000000000001a R9 =000000007f4e7bb8 R10=000000007ee3e4c4 R11=8000000000000009
R12=0000000000000007 R13=0000000000000101 R14=000000007ff023a8 R15=000fffffc0000000
RIP=000000007ff12958 RFL=00000206 [-----P-] CPL=0 II=0 A20=1 SMM=0 HLT=0
ES =0030 0000000000000000 ffffffff 00cf9300 DPL=0 DS   [-WA]
CS =0038 0000000000000000 ffffffff 00af9a00 DPL=0 CS64 [-R-]
SS =0030 0000000000000000 ffffffff 00cf9300 DPL=0 DS   [-WA]
DS =0030 0000000000000000 ffffffff 00cf9300 DPL=0 DS   [-WA]
FS =0030 0000000000000000 ffffffff 00cf9300 DPL=0 DS   [-WA]
GS =0030 0000000000000000 ffffffff 00cf9300 DPL=0 DS   [-WA]
LDT=0000 0000000000000000 0000ffff 00008200 DPL=0 LDT
TR =0000 0000000000000000 0000ffff 00008b00 DPL=0 TSS64-busy
GDT=     000000007f5dc000 00000047
IDT=     000000007f268018 00000fff
CR0=80000033 CR2=0000000000000000 CR3=000000007f801000 CR4=00000660
DR0=0000000000000000 DR1=0000000000000000 DR2=0000000000000000 DR3=0000000000000000 
DR6=00000000ffff0ff0 DR7=0000000000000400
CCS=0000000000000004 CCD=000000007ff02260 CCO=EFLAGS
EFER=0000000000000d00
Servicing hardware INT=0x20
     1: v=20 e=0000 i=0 cpl=0 IP=0038:000000007ee2f266 pc=000000007ee2f266 SP=0030:000000007ff02198 env->regs[R_EAX]=000000007ee3e680
RAX=000000007ee3e680 RBX=0000000000000010 RCX=000000007ee3e680 RDX=000000007f280d98
RSI=0000000000000128 RDI=0000000000000001 RBP=000000007ff021d0 RSP=000000007ff02198
R8 =000000000000001a R9 =000000007f4e7bb8 R10=000000007ee3e4c4 R11=8000000000000009
R12=0000000000000007 R13=0000000000000106 R14=000000007ff023a8 R15=000fffffc0000000
RIP=000000007ee2f266 RFL=00000206 [-----P-] CPL=0 II=0 A20=1 SMM=0 HLT=0
ES =0030 0000000000000000 ffffffff 00cf9300 DPL=0 DS   [-WA]
CS =0038 0000000000000000 ffffffff 00af9a00 DPL=0 CS64 [-R-]
SS =0030 0000000000000000 ffffffff 00cf9300 DPL=0 DS   [-WA]
DS =0030 0000000000000000 ffffffff 00cf9300 DPL=0 DS   [-WA]
FS =0030 0000000000000000 ffffffff 00cf9300 DPL=0 DS   [-WA]
GS =0030 0000000000000000 ffffffff 00cf9300 DPL=0 DS   [-WA]
LDT=0000 0000000000000000 0000ffff 00008200 DPL=0 LDT
TR =0000 0000000000000000 0000ffff 00008b00 DPL=0 TSS64-busy
GDT=     000000007f5dc000 00000047
IDT=     000000007f268018 00000fff
CR0=80000033 CR2=0000000000000000 CR3=000000007f801000 CR4=00000668
DR0=0000000000000000 DR1=0000000000000000 DR2=0000000000000000 DR3=0000000000000000 
DR6=00000000ffff0ff0 DR7=0000000000000400
CCS=0000000000000004 CCD=000000007ff021a0 CCO=EFLAGS
EFER=0000000000000d00
Servicing hardware INT=0x20
     2: v=20 e=0000 i=0 cpl=0 IP=0038:000000007f27bd2e pc=000000007f27bd2e SP=0030:000000007ff02260 env->regs[R_EAX]=0000000000000010
RAX=0000000000000010 RBX=000000007ff023a4 RCX=0000000000000010 RDX=000000007ff023a4
RSI=0000000000000008 RDI=0000000000000005 RBP=000000007ff022e0 RSP=000000007ff02260
R8 =000000000000001a R9 =000000007f4e7bb8 R10=000000007ee3e4c4 R11=8000000000000009
R12=0000000000000005 R13=000000000000010c R14=000000007ff023a8 R15=000fffffc0000000
RIP=000000007f27bd2e RFL=00000293 [--S-A-C] CPL=0 II=0 A20=1 SMM=0 HLT=0
ES =0030 0000000000000000 ffffffff 00cf9300 DPL=0 DS   [-WA]
CS =0038 0000000000000000 ffffffff 00af9a00 DPL=0 CS64 [-R-]
SS =0030 0000000000000000 ffffffff 00cf9300 DPL=0 DS   [-WA]
DS =0030 0000000000000000 ffffffff 00cf9300 DPL=0 DS   [-WA]
FS =0030 0000000000000000 ffffffff 00cf9300 DPL=0 DS   [-WA]
GS =0030 0000000000000000 ffffffff 00cf9300 DPL=0 DS   [-WA]
LDT=0000 0000000000000000 0000ffff 00008200 DPL=0 LDT
TR =0000 0000000000000000 0000ffff 00008b00 DPL=0 TSS64-busy
GDT=     000000007f5dc000 00000047
IDT=     000000007f268018 00000fff
CR0=80000033 CR2=0000000000000000 CR3=000000007f801000 CR4=00000668
DR0=0000000000000000 DR1=0000000000000000 DR2=0000000000000000 DR3=0000000000000000 
DR6=00000000ffff0ff0 DR7=0000000000000400
CCS=0000000000000091 CCD=fffffffffffffff2 CCO=EFLAGS
EFER=0000000000000d00
Servicing hardware INT=0x20
     3: v=20 e=0000 i=0 cpl=0 IP=0038:000000007f27bd2e pc=000000007f27bd2e SP=0030:000000007ff02260 env->regs[R_EAX]=0000000000000010
RAX=0000000000000010 RBX=000000007ff023a4 RCX=0000000000000010 RDX=0000000000000000
RSI=0000000000000008 RDI=0000000000000007 RBP=000000007ff022e0 RSP=000000007ff02260
R8 =000000000000001a R9 =000000007f4e7bb8 R10=000000007ee3e4c4 R11=8000000000000009
R12=0000000000000007 R13=0000000000000112 R14=000000007ff023a8 R15=000fffffc0000000
RIP=000000007f27bd2e RFL=00000293 [--S-A-C] CPL=0 II=0 A20=1 SMM=0 HLT=0
ES =0030 0000000000000000 ffffffff 00cf9300 DPL=0 DS   [-WA]
CS =0038 0000000000000000 ffffffff 00af9a00 DPL=0 CS64 [-R-]
SS =0030 0000000000000000 ffffffff 00cf9300 DPL=0 DS   [-WA]
DS =0030 0000000000000000 ffffffff 00cf9300 DPL=0 DS   [-WA]
FS =0030 0000000000000000 ffffffff 00cf9300 DPL=0 DS   [-WA]
GS =0030 0000000000000000 ffffffff 00cf9300 DPL=0 DS   [-WA]
LDT=0000 0000000000000000 0000ffff 00008200 DPL=0 LDT
TR =0000 0000000000000000 0000ffff 00008b00 DPL=0 TSS64-busy
GDT=     000000007f5dc000 00000047
IDT=     000000007f268018 00000fff
CR0=80000033 CR2=0000000000000000 CR3=000000007f801000 CR4=00000668
DR0=0000000000000000 DR1=0000000000000000 DR2=0000000000000000 DR3=0000000000000000 
DR6=00000000ffff0ff0 DR7=0000000000000400
CCS=0000000000000091 CCD=fffffffffffffff2 CCO=EFLAGS
EFER=0000000000000d00
Servicing hardware INT=0x20
     4: v=20 e=0000 i=0 cpl=0 IP=0038:000000007f27bd2e pc=000000007f27bd2e SP=0030:000000007ff02260 env->regs[R_EAX]=0000000000000010
RAX=0000000000000010 RBX=000000007ff023a4 RCX=0000000000000010 RDX=0000000000000000
RSI=0000000000000008 RDI=0000000000000007 RBP=000000007ff022e0 RSP=000000007ff02260
R8 =000000000000001a R9 =000000007f4e7bb8 R10=000000007ee3e4c4 R11=8000000000000009
R12=0000000000000007 R13=0000000000000117 R14=000000007ff023a8 R15=000fffffc0000000
RIP=000000007f27bd2e RFL=00000293 [--S-A-C] CPL=0 II=0 A20=1 SMM=0 HLT=0
ES =0030 0000000000000000 ffffffff 00cf9300 DPL=0 DS   [-WA]
CS =0038 0000000000000000 ffffffff 00af9a00 DPL=0 CS64 [-R-]
SS =0030 0000000000000000 ffffffff 00cf9300 DPL=0 DS   [-WA]
DS =0030 0000000000000000 ffffffff 00cf9300 DPL=0 DS   [-WA]
FS =0030 0000000000000000 ffffffff 00cf9300 DPL=0 DS   [-WA]
GS =0030 0000000000000000 ffffffff 00cf9300 DPL=0 DS   [-WA]
LDT=0000 0000000000000000 0000ffff 00008200 DPL=0 LDT
TR =0000 0000000000000000 0000ffff 00008b00 DPL=0 TSS64-busy
GDT=     000000007f5dc000 00000047
IDT=     000000007f268018 00000fff
CR0=80000033 CR2=0000000000000000 CR3=000000007f801000 CR4=00000668
DR0=0000000000000000 DR1=0000000000000000 DR2=0000000000000000 DR3=0000000000000000 
DR6=00000000ffff0ff0 DR7=0000000000000400
CCS=0000000000000091 CCD=fffffffffffffff2 CCO=EFLAGS
EFER=0000000000000d00
Servicing hardware INT=0x20
     5: v=20 e=0000 i=0 cpl=0 IP=0038:000000007ff12958 pc=000000007ff12958 SP=0030:000000007ff02258 env->regs[R_EAX]=000000007ff12958
RAX=000000007ff12958 RBX=000000007f4e7cd8 RCX=0000000000000010 RDX=000000007f280d98
RSI=0000000000000120 RDI=0000000000000000 RBP=000000007ff022e0 RSP=000000007ff02258
R8 =000000000000001a R9 =000000007f4e7bb8 R10=000000007ee3e4c4 R11=8000000000000009
R12=0000000000000005 R13=000000000000011d R14=000000007ff023a8 R15=000fffffc0000000
RIP=000000007ff12958 RFL=00000206 [-----P-] CPL=0 II=0 A20=1 SMM=0 HLT=0
ES =0030 0000000000000000 ffffffff 00cf9300 DPL=0 DS   [-WA]
CS =0038 0000000000000000 ffffffff 00af9a00 DPL=0 CS64 [-R-]
SS =0030 0000000000000000 ffffffff 00cf9300 DPL=0 DS   [-WA]
DS =0030 0000000000000000 ffffffff 00cf9300 DPL=0 DS   [-WA]
FS =0030 0000000000000000 ffffffff 00cf9300 DPL=0 DS   [-WA]
GS =0030 0000000000000000 ffffffff 00cf9300 DPL=0 DS   [-WA]
LDT=0000 0000000000000000 0000ffff 00008200 DPL=0 LDT
TR =0000 0000000000000000 0000ffff 00008b00 DPL=0 TSS64-busy
GDT=     000000007f5dc000 00000047
IDT=     000000007f268018 00000fff
CR0=80000033 CR2=0000000000000000 CR3=000000007f801000 CR4=00000668
DR0=0000000000000000 DR1=0000000000000000 DR2=0000000000000000 DR3=0000000000000000 
DR6=00000000ffff0ff0 DR7=0000000000000400
CCS=0000000000000004 CCD=000000007ff02260 CCO=EFLAGS
EFER=0000000000000d00
Servicing hardware INT=0x20
     6: v=20 e=0000 i=0 cpl=0 IP=0038:000000007ee2f266 pc=000000007ee2f266 SP=0030:000000007ff02198 env->regs[R_EAX]=000000007ee3e680
RAX=000000007ee3e680 RBX=0000000000000010 RCX=000000007ee3e680 RDX=000000007f280d98
RSI=0000000000000128 RDI=0000000000000001 RBP=000000007ff021d0 RSP=000000007ff02198
R8 =000000000000001a R9 =000000007f4e7bb8 R10=000000007ee3e4c4 R11=8000000000000009
R12=0000000000000007 R13=0000000000000123 R14=000000007ff023a8 R15=000fffffc0000000
RIP=000000007ee2f266 RFL=00000206 [-----P-] CPL=0 II=0 A20=1 SMM=0 HLT=0
ES =0030 0000000000000000 ffffffff 00cf9300 DPL=0 DS   [-WA]
CS =0038 0000000000000000 ffffffff 00af9a00 DPL=0 CS64 [-R-]
SS =0030 0000000000000000 ffffffff 00cf9300 DPL=0 DS   [-WA]
DS =0030 0000000000000000 ffffffff 00cf9300 DPL=0 DS   [-WA]
FS =0030 0000000000000000 ffffffff 00cf9300 DPL=0 DS   [-WA]
GS =0030 0000000000000000 ffffffff 00cf9300 DPL=0 DS   [-WA]
LDT=0000 0000000000000000 0000ffff 00008200 DPL=0 LDT
TR =0000 0000000000000000 0000ffff 00008b00 DPL=0 TSS64-busy
GDT=     000000007f5dc000 00000047
IDT=     000000007f268018 00000fff
CR0=80000033 CR2=0000000000000000 CR3=000000007f801000 CR4=00000668
DR0=0000000000000000 DR1=0000000000000000 DR2=0000000000000000 DR3=0000000000000000 
DR6=00000000ffff0ff0 DR7=0000000000000400
CCS=0000000000000004 CCD=000000007ff021a0 CCO=EFLAGS
EFER=0000000000000d00
Servicing hardware INT=0x20
     7: v=20 e=0000 i=0 cpl=0 IP=0038:000000007f27bd2e pc=000000007f27bd2e SP=0030:000000007ff02260 env->regs[R_EAX]=0000000000000010
RAX=0000000000000010 RBX=000000007ff023a4 RCX=0000000000000010 RDX=000000007ff023a4
RSI=0000000000000008 RDI=0000000000000005 RBP=000000007ff022e0 RSP=000000007ff02260
R8 =000000000000001a R9 =000000007f4e7bb8 R10=000000007ee3e4c4 R11=8000000000000009
R12=0000000000000005 R13=0000000000000128 R14=000000007ff023a8 R15=000fffffc0000000
RIP=000000007f27bd2e RFL=00000293 [--S-A-C] CPL=0 II=0 A20=1 SMM=0 HLT=0
ES =0030 0000000000000000 ffffffff 00cf9300 DPL=0 DS   [-WA]
CS =0038 0000000000000000 ffffffff 00af9a00 DPL=0 CS64 [-R-]
SS =0030 0000000000000000 ffffffff 00cf9300 DPL=0 DS   [-WA]
DS =0030 0000000000000000 ffffffff 00cf9300 DPL=0 DS   [-WA]
FS =0030 0000000000000000 ffffffff 00cf9300 DPL=0 DS   [-WA]
GS =0030 0000000000000000 ffffffff 00cf9300 DPL=0 DS   [-WA]
LDT=0000 0000000000000000 0000ffff 00008200 DPL=0 LDT
TR =0000 0000000000000000 0000ffff 00008b00 DPL=0 TSS64-busy
GDT=     000000007f5dc000 00000047
IDT=     000000007f268018 00000fff
CR0=80000033 CR2=0000000000000000 CR3=000000007f801000 CR4=00000668
DR0=0000000000000000 DR1=0000000000000000 DR2=0000000000000000 DR3=0000000000000000 
DR6=00000000ffff0ff0 DR7=0000000000000400
CCS=0000000000000091 CCD=fffffffffffffff2 CCO=EFLAGS
EFER=0000000000000d00
Servicing hardware INT=0x20
     8: v=20 e=0000 i=0 cpl=0 IP=0038:000000007f27bd2e pc=000000007f27bd2e SP=0030:000000007ff02260 env->regs[R_EAX]=0000000000000010
RAX=0000000000000010 RBX=000000007ff023a4 RCX=0000000000000010 RDX=0000000000000000
RSI=0000000000000008 RDI=0000000000000007 RBP=000000007ff022e0 RSP=000000007ff02260
R8 =000000000000001a R9 =000000007f4e7bb8 R10=000000007ee3e4c4 R11=8000000000000009
R12=0000000000000007 R13=000000000000012e R14=000000007ff023a8 R15=000fffffc0000000
RIP=000000007f27bd2e RFL=00000293 [--S-A-C] CPL=0 II=0 A20=1 SMM=0 HLT=0
ES =0030 0000000000000000 ffffffff 00cf9300 DPL=0 DS   [-WA]
CS =0038 0000000000000000 ffffffff 00af9a00 DPL=0 CS64 [-R-]
SS =0030 0000000000000000 ffffffff 00cf9300 DPL=0 DS   [-WA]
DS =0030 0000000000000000 ffffffff 00cf9300 DPL=0 DS   [-WA]
FS =0030 0000000000000000 ffffffff 00cf9300 DPL=0 DS   [-WA]
GS =0030 0000000000000000 ffffffff 00cf9300 DPL=0 DS   [-WA]
LDT=0000 0000000000000000 0000ffff 00008200 DPL=0 LDT
TR =0000 0000000000000000 0000ffff 00008b00 DPL=0 TSS64-busy
GDT=     000000007f5dc000 00000047
IDT=     000000007f268018 00000fff
CR0=80000033 CR2=0000000000000000 CR3=000000007f801000 CR4=00000668
DR0=0000000000000000 DR1=0000000000000000 DR2=0000000000000000 DR3=0000000000000000 
DR6=00000000ffff0ff0 DR7=0000000000000400
CCS=0000000000000091 CCD=fffffffffffffff2 CCO=EFLAGS
EFER=0000000000000d00
Servicing hardware INT=0x20
     9: v=20 e=0000 i=0 cpl=0 IP=0038:000000007ff12958 pc=000000007ff12958 SP=0030:000000007ff02258 env->regs[R_EAX]=000000007ff12958
RAX=000000007ff12958 RBX=000000007f4e7cd8 RCX=0000000000000010 RDX=000000007f280d98
RSI=0000000000000120 RDI=0000000000000000 RBP=000000007ff022e0 RSP=000000007ff02258
R8 =000000000000001a R9 =000000007f4e7bb8 R10=000000007ee3e4c4 R11=8000000000000009
R12=0000000000000005 R13=0000000000000134 R14=000000007ff023a8 R15=000fffffc0000000
RIP=000000007ff12958 RFL=00000206 [-----P-] CPL=0 II=0 A20=1 SMM=0 HLT=0
ES =0030 0000000000000000 ffffffff 00cf9300 DPL=0 DS   [-WA]
CS =0038 0000000000000000 ffffffff 00af9a00 DPL=0 CS64 [-R-]
SS =0030 0000000000000000 ffffffff 00cf9300 DPL=0 DS   [-WA]
DS =0030 0000000000000000 ffffffff 00cf9300 DPL=0 DS   [-WA]
FS =0030 0000000000000000 ffffffff 00cf9300 DPL=0 DS   [-WA]
GS =0030 0000000000000000 ffffffff 00cf9300 DPL=0 DS   [-WA]
LDT=0000 0000000000000000 0000ffff 00008200 DPL=0 LDT
TR =0000 0000000000000000 0000ffff 00008b00 DPL=0 TSS64-busy
GDT=     000000007f5dc000 00000047
IDT=     000000007f268018 00000fff
CR0=80000033 CR2=0000000000000000 CR3=000000007f801000 CR4=00000668
DR0=0000000000000000 DR1=0000000000000000 DR2=0000000000000000 DR3=0000000000000000 
DR6=00000000ffff0ff0 DR7=0000000000000400
CCS=0000000000000004 CCD=000000007ff02260 CCO=EFLAGS
EFER=0000000000000d00
Servicing hardware INT=0x20
    10: v=20 e=0000 i=0 cpl=0 IP=0038:000000007f27bd2e pc=000000007f27bd2e SP=0030:000000007ff02260 env->regs[R_EAX]=0000000000000010
RAX=0000000000000010 RBX=000000007ff023a4 RCX=0000000000000010 RDX=000000007ff023a4
RSI=0000000000000008 RDI=0000000000000005 RBP=000000007ff022e0 RSP=000000007ff02260
R8 =000000000000001a R9 =000000007f4e7bb8 R10=000000007ee3e4c4 R11=8000000000000009
R12=0000000000000005 R13=0000000000000139 R14=000000007ff023a8 R15=000fffffc0000000
RIP=000000007f27bd2e RFL=00000293 [--S-A-C] CPL=0 II=0 A20=1 SMM=0 HLT=0
ES =0030 0000000000000000 ffffffff 00cf9300 DPL=0 DS   [-WA]
CS =0038 0000000000000000 ffffffff 00af9a00 DPL=0 CS64 [-R-]
SS =0030 0000000000000000 ffffffff 00cf9300 DPL=0 DS   [-WA]
DS =0030 0000000000000000 ffffffff 00cf9300 DPL=0 DS   [-WA]
FS =0030 0000000000000000 ffffffff 00cf9300 DPL=0 DS   [-WA]
GS =0030 0000000000000000 ffffffff 00cf9300 DPL=0 DS   [-WA]
LDT=0000 0000000000000000 0000ffff 00008200 DPL=0 LDT
TR =0000 0000000000000000 0000ffff 00008b00 DPL=0 TSS64-busy
GDT=     000000007f5dc000 00000047
IDT=     000000007f268018 00000fff
CR0=80000033 CR2=0000000000000000 CR3=000000007f801000 CR4=00000668
DR0=0000000000000000 DR1=0000000000000000 DR2=0000000000000000 DR3=0000000000000000 
DR6=00000000ffff0ff0 DR7=0000000000000400
CCS=0000000000000091 CCD=fffffffffffffff2 CCO=EFLAGS
EFER=0000000000000d00
Servicing hardware INT=0x20
    11: v=20 e=0000 i=0 cpl=0 IP=0038:000000007ff12958 pc=000000007ff12958 SP=0030:000000007ff02258 env->regs[R_EAX]=000000007ff12958
RAX=000000007ff12958 RBX=000000007f4e7cd8 RCX=0000000000000010 RDX=000000007f280d98
RSI=0000000000000120 RDI=0000000000000000 RBP=000000007ff022e0 RSP=000000007ff02258
R8 =000000000000001a R9 =000000007f4e7bb8 R10=000000007ee3e4c4 R11=8000000000000009
R12=0000000000000005 R13=000000000000013f R14=000000007ff023a8 R15=000fffffc0000000
RIP=000000007ff12958 RFL=00000206 [-----P-] CPL=0 II=0 A20=1 SMM=0 HLT=0
ES =0030 0000000000000000 ffffffff 00cf9300 DPL=0 DS   [-WA]
CS =0038 0000000000000000 ffffffff 00af9a00 DPL=0 CS64 [-R-]
SS =0030 0000000000000000 ffffffff 00cf9300 DPL=0 DS   [-WA]
DS =0030 0000000000000000 ffffffff 00cf9300 DPL=0 DS   [-WA]
FS =0030 0000000000000000 ffffffff 00cf9300 DPL=0 DS   [-WA]
GS =0030 0000000000000000 ffffffff 00cf9300 DPL=0 DS   [-WA]
LDT=0000 0000000000000000 0000ffff 00008200 DPL=0 LDT
TR =0000 0000000000000000 0000ffff 00008b00 DPL=0 TSS64-busy
GDT=     000000007f5dc000 00000047
IDT=     000000007f268018 00000fff
CR0=80000033 CR2=0000000000000000 CR3=000000007f801000 CR4=00000668
DR0=0000000000000000 DR1=0000000000000000 DR2=0000000000000000 DR3=0000000000000000 
DR6=00000000ffff0ff0 DR7=0000000000000400
CCS=0000000000000004 CCD=000000007ff02260 CCO=EFLAGS
EFER=0000000000000d00
Servicing hardware INT=0x20
    12: v=20 e=0000 i=0 cpl=0 IP=0038:000000007f27bd2e pc=000000007f27bd2e SP=0030:000000007ff02260 env->regs[R_EAX]=0000000000000010
RAX=0000000000000010 RBX=000000007ff023a4 RCX=0000000000000010 RDX=000000007ff023a4
RSI=0000000000000008 RDI=0000000000000005 RBP=000000007ff022e0 RSP=000000007ff02260
R8 =000000000000001a R9 =000000007f4e7bb8 R10=000000007ee3e4c4 R11=8000000000000009
R12=0000000000000005 R13=0000000000000145 R14=000000007ff023a8 R15=000fffffc0000000
RIP=000000007f27bd2e RFL=00000293 [--S-A-C] CPL=0 II=0 A20=1 SMM=0 HLT=0
ES =0030 0000000000000000 ffffffff 00cf9300 DPL=0 DS   [-WA]
CS =0038 0000000000000000 ffffffff 00af9a00 DPL=0 CS64 [-R-]
SS =0030 0000000000000000 ffffffff 00cf9300 DPL=0 DS   [-WA]
DS =0030 0000000000000000 ffffffff 00cf9300 DPL=0 DS   [-WA]
FS =0030 0000000000000000 ffffffff 00cf9300 DPL=0 DS   [-WA]
GS =0030 0000000000000000 ffffffff 00cf9300 DPL=0 DS   [-WA]
LDT=0000 0000000000000000 0000ffff 00008200 DPL=0 LDT
TR =0000 0000000000000000 0000ffff 00008b00 DPL=0 TSS64-busy
GDT=     000000007f5dc000 00000047
IDT=     000000007f268018 00000fff
CR0=80000033 CR2=0000000000000000 CR3=000000007f801000 CR4=00000668
DR0=0000000000000000 DR1=0000000000000000 DR2=0000000000000000 DR3=0000000000000000 
DR6=00000000ffff0ff0 DR7=0000000000000400
CCS=0000000000000091 CCD=fffffffffffffff2 CCO=EFLAGS
EFER=0000000000000d00
Servicing hardware INT=0x20
    13: v=20 e=0000 i=0 cpl=0 IP=0038:000000007f27bd2e pc=000000007f27bd2e SP=0030:000000007ff02260 env->regs[R_EAX]=0000000000000010
RAX=0000000000000010 RBX=000000007ff023a4 RCX=0000000000000010 RDX=000000007ff023a4
RSI=0000000000000008 RDI=0000000000000005 RBP=000000007ff022e0 RSP=000000007ff02260
R8 =000000000000001a R9 =000000007f4e7bb8 R10=000000007ee3e4c4 R11=8000000000000009
R12=0000000000000005 R13=000000000000014b R14=000000007ff023a8 R15=000fffffc0000000
RIP=000000007f27bd2e RFL=00000293 [--S-A-C] CPL=0 II=0 A20=1 SMM=0 HLT=0
ES =0030 0000000000000000 ffffffff 00cf9300 DPL=0 DS   [-WA]
CS =0038 0000000000000000 ffffffff 00af9a00 DPL=0 CS64 [-R-]
SS =0030 0000000000000000 ffffffff 00cf9300 DPL=0 DS   [-WA]
DS =0030 0000000000000000 ffffffff 00cf9300 DPL=0 DS   [-WA]
FS =0030 0000000000000000 ffffffff 00cf9300 DPL=0 DS   [-WA]
GS =0030 0000000000000000 ffffffff 00cf9300 DPL=0 DS   [-WA]
LDT=0000 0000000000000000 0000ffff 00008200 DPL=0 LDT
TR =0000 0000000000000000 0000ffff 00008b00 DPL=0 TSS64-busy
GDT=     000000007f5dc000 00000047
IDT=     000000007f268018 00000fff
CR0=80000033 CR2=0000000000000000 CR3=000000007f801000 CR4=00000668
DR0=0000000000000000 DR1=0000000000000000 DR2=0000000000000000 DR3=0000000000000000 
DR6=00000000ffff0ff0 DR7=0000000000000400
CCS=0000000000000091 CCD=fffffffffffffff2 CCO=EFLAGS
EFER=0000000000000d00
Servicing hardware INT=0x20
    14: v=20 e=0000 i=0 cpl=0 IP=0038:000000007ee2f266 pc=000000007ee2f266 SP=0030:000000007ff02198 env->regs[R_EAX]=000000007ee3e680
RAX=000000007ee3e680 RBX=0000000000000010 RCX=000000007ee3e680 RDX=000000007f280d98
RSI=0000000000000120 RDI=0000000000000001 RBP=000000007ff021d0 RSP=000000007ff02198
R8 =000000000000001a R9 =000000007f4e7bb8 R10=000000007ee3e4c4 R11=8000000000000009
R12=0000000000000005 R13=0000000000000150 R14=000000007ff023a8 R15=000fffffc0000000
RIP=000000007ee2f266 RFL=00000206 [-----P-] CPL=0 II=0 A20=1 SMM=0 HLT=0
ES =0030 0000000000000000 ffffffff 00cf9300 DPL=0 DS   [-WA]
CS =0038 0000000000000000 ffffffff 00af9a00 DPL=0 CS64 [-R-]
SS =0030 0000000000000000 ffffffff 00cf9300 DPL=0 DS   [-WA]
DS =0030 0000000000000000 ffffffff 00cf9300 DPL=0 DS   [-WA]
FS =0030 0000000000000000 ffffffff 00cf9300 DPL=0 DS   [-WA]
GS =0030 0000000000000000 ffffffff 00cf9300 DPL=0 DS   [-WA]
LDT=0000 0000000000000000 0000ffff 00008200 DPL=0 LDT
TR =0000 0000000000000000 0000ffff 00008b00 DPL=0 TSS64-busy
GDT=     000000007f5dc000 00000047
IDT=     000000007f268018 00000fff
CR0=80000033 CR2=0000000000000000 CR3=000000007f801000 CR4=00000668
DR0=0000000000000000 DR1=0000000000000000 DR2=0000000000000000 DR3=0000000000000000 
DR6=00000000ffff0ff0 DR7=0000000000000400
CCS=0000000000000004 CCD=000000007ff021a0 CCO=EFLAGS
EFER=0000000000000d00
Servicing hardware INT=0x20
    15: v=20 e=0000 i=0 cpl=0 IP=0038:000000007f27bd2e pc=000000007f27bd2e SP=0030:000000007ff02260 env->regs[R_EAX]=0000000000000010
RAX=0000000000000010 RBX=000000007ff023a4 RCX=0000000000000010 RDX=000000007ff023a4
RSI=0000000000000008 RDI=0000000000000005 RBP=000000007ff022e0 RSP=000000007ff02260
R8 =000000000000001a R9 =000000007f4e7bb8 R10=000000007ee3e4c4 R11=8000000000000009
R12=0000000000000005 R13=0000000000000156 R14=000000007ff023a8 R15=000fffffc0000000
RIP=000000007f27bd2e RFL=00000293 [--S-A-C] CPL=0 II=0 A20=1 SMM=0 HLT=0
ES =0030 0000000000000000 ffffffff 00cf9300 DPL=0 DS   [-WA]
CS =0038 0000000000000000 ffffffff 00af9a00 DPL=0 CS64 [-R-]
SS =0030 0000000000000000 ffffffff 00cf9300 DPL=0 DS   [-WA]
DS =0030 0000000000000000 ffffffff 00cf9300 DPL=0 DS   [-WA]
FS =0030 0000000000000000 ffffffff 00cf9300 DPL=0 DS   [-WA]
GS =0030 0000000000000000 ffffffff 00cf9300 DPL=0 DS   [-WA]
LDT=0000 0000000000000000 0000ffff 00008200 DPL=0 LDT
TR =0000 0000000000000000 0000ffff 00008b00 DPL=0 TSS64-busy
GDT=     000000007f5dc000 00000047
IDT=     000000007f268018 00000fff
CR0=80000033 CR2=0000000000000000 CR3=000000007f801000 CR4=00000668
DR0=0000000000000000 DR1=0000000000000000 DR2=0000000000000000 DR3=0000000000000000 
DR6=00000000ffff0ff0 DR7=0000000000000400
CCS=0000000000000091 CCD=fffffffffffffff2 CCO=EFLAGS
EFER=0000000000000d00
Servicing hardware INT=0x20
    16: v=20 e=0000 i=0 cpl=0 IP=0038:000000007ff12958 pc=000000007ff12958 SP=0030:000000007ff02258 env->regs[R_EAX]=000000007ff12958
RAX=000000007ff12958 RBX=000000007f4e7cd8 RCX=0000000000000010 RDX=000000007f280d98
RSI=0000000000000120 RDI=0000000000000000 RBP=000000007ff022e0 RSP=000000007ff02258
R8 =000000000000001a R9 =000000007f4e7bb8 R10=000000007ee3e4c4 R11=8000000000000009
R12=0000000000000005 R13=000000000000015c R14=000000007ff023a8 R15=000fffffc0000000
RIP=000000007ff12958 RFL=00000206 [-----P-] CPL=0 II=0 A20=1 SMM=0 HLT=0
ES =0030 0000000000000000 ffffffff 00cf9300 DPL=0 DS   [-WA]
CS =0038 0000000000000000 ffffffff 00af9a00 DPL=0 CS64 [-R-]
SS =0030 0000000000000000 ffffffff 00cf9300 DPL=0 DS   [-WA]
DS =0030 0000000000000000 ffffffff 00cf9300 DPL=0 DS   [-WA]
FS =0030 0000000000000000 ffffffff 00cf9300 DPL=0 DS   [-WA]
GS =0030 0000000000000000 ffffffff 00cf9300 DPL=0 DS   [-WA]
LDT=0000 0000000000000000 0000ffff 00008200 DPL=0 LDT
TR =0000 0000000000000000 0000ffff 00008b00 DPL=0 TSS64-busy
GDT=     000000007f5dc000 00000047
IDT=     000000007f268018 00000fff
CR0=80000033 CR2=0000000000000000 CR3=000000007f801000 CR4=00000668
DR0=0000000000000000 DR1=0000000000000000 DR2=0000000000000000 DR3=0000000000000000 
DR6=00000000ffff0ff0 DR7=0000000000000400
CCS=0000000000000004 CCD=000000007ff02260 CCO=EFLAGS
EFER=0000000000000d00
Servicing hardware INT=0x20
    17: v=20 e=0000 i=0 cpl=0 IP=0038:000000007f27bd2e pc=000000007f27bd2e SP=0030:000000007ff02260 env->regs[R_EAX]=0000000000000010
RAX=0000000000000010 RBX=000000007ff023a4 RCX=0000000000000010 RDX=0000000000000000
RSI=0000000000000008 RDI=0000000000000007 RBP=000000007ff022e0 RSP=000000007ff02260
R8 =000000000000001a R9 =000000007f4e7bb8 R10=000000007ee3e4c4 R11=8000000000000009
R12=0000000000000007 R13=0000000000000161 R14=000000007ff023a8 R15=000fffffc0000000
RIP=000000007f27bd2e RFL=00000293 [--S-A-C] CPL=0 II=0 A20=1 SMM=0 HLT=0
ES =0030 0000000000000000 ffffffff 00cf9300 DPL=0 DS   [-WA]
CS =0038 0000000000000000 ffffffff 00af9a00 DPL=0 CS64 [-R-]
SS =0030 0000000000000000 ffffffff 00cf9300 DPL=0 DS   [-WA]
DS =0030 0000000000000000 ffffffff 00cf9300 DPL=0 DS   [-WA]
FS =0030 0000000000000000 ffffffff 00cf9300 DPL=0 DS   [-WA]
GS =0030 0000000000000000 ffffffff 00cf9300 DPL=0 DS   [-WA]
LDT=0000 0000000000000000 0000ffff 00008200 DPL=0 LDT
TR =0000 0000000000000000 0000ffff 00008b00 DPL=0 TSS64-busy
GDT=     000000007f5dc000 00000047
IDT=     000000007f268018 00000fff
CR0=80000033 CR2=0000000000000000 CR3=000000007f801000 CR4=00000668
DR0=0000000000000000 DR1=0000000000000000 DR2=0000000000000000 DR3=0000000000000000 
DR6=00000000ffff0ff0 DR7=0000000000000400
CCS=0000000000000091 CCD=fffffffffffffff2 CCO=EFLAGS
EFER=0000000000000d00
Servicing hardware INT=0x20
    18: v=20 e=0000 i=0 cpl=0 IP=0038:000000007f27bd2e pc=000000007f27bd2e SP=0030:000000007ff02260 env->regs[R_EAX]=0000000000000010
RAX=0000000000000010 RBX=000000007ff023a4 RCX=0000000000000010 RDX=000000007ff023a4
RSI=0000000000000008 RDI=0000000000000005 RBP=000000007ff022e0 RSP=000000007ff02260
R8 =000000000000001a R9 =000000007f4e7bb8 R10=000000007ee3e4c4 R11=8000000000000009
R12=0000000000000005 R13=0000000000000167 R14=000000007ff023a8 R15=000fffffc0000000
RIP=000000007f27bd2e RFL=00000293 [--S-A-C] CPL=0 II=0 A20=1 SMM=0 HLT=0
ES =0030 0000000000000000 ffffffff 00cf9300 DPL=0 DS   [-WA]
CS =0038 0000000000000000 ffffffff 00af9a00 DPL=0 CS64 [-R-]
SS =0030 0000000000000000 ffffffff 00cf9300 DPL=0 DS   [-WA]
DS =0030 0000000000000000 ffffffff 00cf9300 DPL=0 DS   [-WA]
FS =0030 0000000000000000 ffffffff 00cf9300 DPL=0 DS   [-WA]
GS =0030 0000000000000000 ffffffff 00cf9300 DPL=0 DS   [-WA]
LDT=0000 0000000000000000 0000ffff 00008200 DPL=0 LDT
TR =0000 0000000000000000 0000ffff 00008b00 DPL=0 TSS64-busy
GDT=     000000007f5dc000 00000047
IDT=     000000007f268018 00000fff
CR0=80000033 CR2=0000000000000000 CR3=000000007f801000 CR4=00000668
DR0=0000000000000000 DR1=0000000000000000 DR2=0000000000000000 DR3=0000000000000000 
DR6=00000000ffff0ff0 DR7=0000000000000400
CCS=0000000000000091 CCD=fffffffffffffff2 CCO=EFLAGS
EFER=0000000000000d00
Servicing hardware INT=0x20
    19: v=20 e=0000 i=0 cpl=0 IP=0038:000000007f27bd2e pc=000000007f27bd2e SP=0030:000000007ff02260 env->regs[R_EAX]=0000000000000010
RAX=0000000000000010 RBX=000000007ff023a4 RCX=0000000000000010 RDX=0000000000000000
RSI=0000000000000008 RDI=0000000000000007 RBP=000000007ff022e0 RSP=000000007ff02260
R8 =000000000000001a R9 =000000007f4e7bb8 R10=000000007ee3e4c4 R11=8000000000000009
R12=0000000000000007 R13=000000000000016c R14=000000007ff023a8 R15=000fffffc0000000
RIP=000000007f27bd2e RFL=00000293 [--S-A-C] CPL=0 II=0 A20=1 SMM=0 HLT=0
ES =0030 0000000000000000 ffffffff 00cf9300 DPL=0 DS   [-WA]
CS =0038 0000000000000000 ffffffff 00af9a00 DPL=0 CS64 [-R-]
SS =0030 0000000000000000 ffffffff 00cf9300 DPL=0 DS   [-WA]
DS =0030 0000000000000000 ffffffff 00cf9300 DPL=0 DS   [-WA]
FS =0030 0000000000000000 ffffffff 00cf9300 DPL=0 DS   [-WA]
GS =0030 0000000000000000 ffffffff 00cf9300 DPL=0 DS   [-WA]
LDT=0000 0000000000000000 0000ffff 00008200 DPL=0 LDT
TR =0000 0000000000000000 0000ffff 00008b00 DPL=0 TSS64-busy
GDT=     000000007f5dc000 00000047
IDT=     000000007f268018 00000fff
CR0=80000033 CR2=0000000000000000 CR3=000000007f801000 CR4=00000668
DR0=0000000000000000 DR1=0000000000000000 DR2=0000000000000000 DR3=0000000000000000 
DR6=00000000ffff0ff0 DR7=0000000000000400
CCS=0000000000000091 CCD=fffffffffffffff2 CCO=EFLAGS
EFER=0000000000000d00
Servicing hardware INT=0x20
    20: v=20 e=0000 i=0 cpl=0 IP=0038:000000007f27bd2e pc=000000007f27bd2e SP=0030:000000007ff02260 env->regs[R_EAX]=0000000000000010
RAX=0000000000000010 RBX=000000007ff023a4 RCX=0000000000000010 RDX=000000007ff023a4
RSI=0000000000000008 RDI=0000000000000005 RBP=000000007ff022e0 RSP=000000007ff02260
R8 =000000000000001a R9 =000000007f4e7bb8 R10=000000007ee3e4c4 R11=8000000000000009
R12=0000000000000005 R13=0000000000000171 R14=000000007ff023a8 R15=000fffffc0000000
RIP=000000007f27bd2e RFL=00000293 [--S-A-C] CPL=0 II=0 A20=1 SMM=0 HLT=0
ES =0030 0000000000000000 ffffffff 00cf9300 DPL=0 DS   [-WA]
CS =0038 0000000000000000 ffffffff 00af9a00 DPL=0 CS64 [-R-]
SS =0030 0000000000000000 ffffffff 00cf9300 DPL=0 DS   [-WA]
DS =0030 0000000000000000 ffffffff 00cf9300 DPL=0 DS   [-WA]
FS =0030 0000000000000000 ffffffff 00cf9300 DPL=0 DS   [-WA]
GS =0030 0000000000000000 ffffffff 00cf9300 DPL=0 DS   [-WA]
LDT=0000 0000000000000000 0000ffff 00008200 DPL=0 LDT
TR =0000 0000000000000000 0000ffff 00008b00 DPL=0 TSS64-busy
GDT=     000000007f5dc000 00000047
IDT=     000000007f268018 00000fff
CR0=80000033 CR2=0000000000000000 CR3=000000007f801000 CR4=00000668
DR0=0000000000000000 DR1=0000000000000000 DR2=0000000000000000 DR3=0000000000000000 
DR6=00000000ffff0ff0 DR7=0000000000000400
CCS=0000000000000091 CCD=fffffffffffffff2 CCO=EFLAGS
EFER=0000000000000d00
Servicing hardware INT=0x20
    21: v=20 e=0000 i=0 cpl=0 IP=0038:000000007ee2f266 pc=000000007ee2f266 SP=0030:000000007ff02198 env->regs[R_EAX]=000000007ee3e680
RAX=000000007ee3e680 RBX=0000000000000010 RCX=000000007ee3e680 RDX=000000007f280d98
RSI=0000000000000128 RDI=0000000000000001 RBP=000000007ff021d0 RSP=000000007ff02198
R8 =000000000000001a R9 =000000007f4e7bb8 R10=000000007ee3e4c4 R11=8000000000000009
R12=0000000000000007 R13=0000000000000177 R14=000000007ff023a8 R15=000fffffc0000000
RIP=000000007ee2f266 RFL=00000206 [-----P-] CPL=0 II=0 A20=1 SMM=0 HLT=0
ES =0030 0000000000000000 ffffffff 00cf9300 DPL=0 DS   [-WA]
CS =0038 0000000000000000 ffffffff 00af9a00 DPL=0 CS64 [-R-]
SS =0030 0000000000000000 ffffffff 00cf9300 DPL=0 DS   [-WA]
DS =0030 0000000000000000 ffffffff 00cf9300 DPL=0 DS   [-WA]
FS =0030 0000000000000000 ffffffff 00cf9300 DPL=0 DS   [-WA]
GS =0030 0000000000000000 ffffffff 00cf9300 DPL=0 DS   [-WA]
LDT=0000 0000000000000000 0000ffff 00008200 DPL=0 LDT
TR =0000 0000000000000000 0000ffff 00008b00 DPL=0 TSS64-busy
GDT=     000000007f5dc000 00000047
IDT=     000000007f268018 00000fff
CR0=80000033 CR2=0000000000000000 CR3=000000007f801000 CR4=00000668
DR0=0000000000000000 DR1=0000000000000000 DR2=0000000000000000 DR3=0000000000000000 
DR6=00000000ffff0ff0 DR7=0000000000000400
CCS=0000000000000004 CCD=000000007ff021a0 CCO=EFLAGS
EFER=0000000000000d00
Servicing hardware INT=0x20
    22: v=20 e=0000 i=0 cpl=0 IP=0038:000000007ee2f266 pc=000000007ee2f266 SP=0030:000000007ff02198 env->regs[R_EAX]=000000007ee3e680
RAX=000000007ee3e680 RBX=0000000000000010 RCX=000000007ee3e680 RDX=000000007f280d98
RSI=0000000000000128 RDI=0000000000000001 RBP=000000007ff021d0 RSP=000000007ff02198
R8 =000000000000001a R9 =000000007f4e7bb8 R10=000000007ee3e4c4 R11=8000000000000009
R12=0000000000000007 R13=000000000000017b R14=000000007ff023a8 R15=000fffffc0000000
RIP=000000007ee2f266 RFL=00000206 [-----P-] CPL=0 II=0 A20=1 SMM=0 HLT=0
ES =0030 0000000000000000 ffffffff 00cf9300 DPL=0 DS   [-WA]
CS =0038 0000000000000000 ffffffff 00af9a00 DPL=0 CS64 [-R-]
SS =0030 0000000000000000 ffffffff 00cf9300 DPL=0 DS   [-WA]
DS =0030 0000000000000000 ffffffff 00cf9300 DPL=0 DS   [-WA]
FS =0030 0000000000000000 ffffffff 00cf9300 DPL=0 DS   [-WA]
GS =0030 0000000000000000 ffffffff 00cf9300 DPL=0 DS   [-WA]
LDT=0000 0000000000000000 0000ffff 00008200 DPL=0 LDT
TR =0000 0000000000000000 0000ffff 00008b00 DPL=0 TSS64-busy
GDT=     000000007f5dc000 00000047
IDT=     000000007f268018 00000fff
CR0=80000033 CR2=0000000000000000 CR3=000000007f801000 CR4=00000668
DR0=0000000000000000 DR1=0000000000000000 DR2=0000000000000000 DR3=0000000000000000 
DR6=00000000ffff0ff0 DR7=0000000000000400
CCS=0000000000000004 CCD=000000007ff021a0 CCO=EFLAGS
EFER=0000000000000d00
Servicing hardware INT=0x20
    23: v=20 e=0000 i=0 cpl=0 IP=0038:000000007ebd45ba pc=000000007ebd45ba SP=0030:000000007ff02ca0 env->regs[R_EAX]=000000007ee13098
RAX=000000007ee13098 RBX=000000007f5ec018 RCX=000000007ee13898 RDX=000000007f5ec018
RSI=000000007ff1ce00 RDI=000000007ee13098 RBP=000000007ff02cf0 RSP=000000007ff02ca0
R8 =00000000000000af R9 =000000007f4ecb18 R10=0000000000000006 R11=000000007ff02b28
R12=0000000000000000 R13=0000000000000000 R14=000000007ff1ce00 R15=000000007ff1b050
RIP=000000007ebd45ba RFL=00000246 [---Z-P-] CPL=0 II=0 A20=1 SMM=0 HLT=0
ES =0030 0000000000000000 ffffffff 00cf9300 DPL=0 DS   [-WA]
CS =0038 0000000000000000 ffffffff 00af9a00 DPL=0 CS64 [-R-]
SS =0030 0000000000000000 ffffffff 00cf9300 DPL=0 DS   [-WA]
DS =0030 0000000000000000 ffffffff 00cf9300 DPL=0 DS   [-WA]
FS =0030 0000000000000000 ffffffff 00cf9300 DPL=0 DS   [-WA]
GS =0030 0000000000000000 ffffffff 00cf9300 DPL=0 DS   [-WA]
LDT=0000 0000000000000000 0000ffff 00008200 DPL=0 LDT
TR =0000 0000000000000000 0000ffff 00008b00 DPL=0 TSS64-busy
GDT=     000000007f5dc000 00000047
IDT=     000000007f268018 00000fff
CR0=80010033 CR2=0000000000000000 CR3=000000007f801000 CR4=00000668
DR0=0000000000000000 DR1=0000000000000000 DR2=0000000000000000 DR3=0000000000000000 
DR6=00000000ffff0ff0 DR7=0000000000000400
CCS=0000000000000044 CCD=0000000000000000 CCO=EFLAGS
EFER=0000000000000d00
Servicing hardware INT=0x20
    24: v=20 e=0000 i=0 cpl=0 IP=0038:000000007ebdc380 pc=000000007ebdc380 SP=0030:000000007ff02a38 env->regs[R_EAX]=000000007ebe0150
RAX=000000007ebe0150 RBX=000000007ebda018 RCX=000000007ebe0128 RDX=0000000000000000
RSI=000000007ebe00a8 RDI=000000007ebe0128 RBP=000000007ff02aa0 RSP=000000007ff02a38
R8 =ffffffffffffffff R9 =000000007ebdb017 R10=0000000000000000 R11=000000007f6df100
R12=000000007ebe0018 R13=0000000000000000 R14=0000000000001000 R15=000000007ebe00a0
RIP=000000007ebdc380 RFL=00000286 [--S--P-] CPL=0 II=0 A20=1 SMM=0 HLT=0
ES =0030 0000000000000000 ffffffff 00cf9300 DPL=0 DS   [-WA]
CS =0038 0000000000000000 ffffffff 00af9a00 DPL=0 CS64 [-R-]
SS =0030 0000000000000000 ffffffff 00cf9300 DPL=0 DS   [-WA]
DS =0030 0000000000000000 ffffffff 00cf9300 DPL=0 DS   [-WA]
FS =0030 0000000000000000 ffffffff 00cf9300 DPL=0 DS   [-WA]
GS =0030 0000000000000000 ffffffff 00cf9300 DPL=0 DS   [-WA]
LDT=0000 0000000000000000 0000ffff 00008200 DPL=0 LDT
TR =0000 0000000000000000 0000ffff 00008b00 DPL=0 TSS64-busy
GDT=     000000007f5dc000 00000047
IDT=     000000007f268018 00000fff
CR0=80010033 CR2=0000000000000000 CR3=000000007f801000 CR4=00000668
DR0=0000000000000000 DR1=0000000000000000 DR2=0000000000000000 DR3=0000000000000000 
DR6=00000000ffff0ff0 DR7=0000000000000400
CCS=0000000000000084 CCD=ffffffffffffffff CCO=EFLAGS
EFER=0000000000000d00
Servicing hardware INT=0x20
    25: v=20 e=0000 i=0 cpl=0 IP=0038:000000007ff1932a pc=000000007ff1932a SP=0030:000000007ff02900 env->regs[R_EAX]=00000000000000af
RAX=00000000000000af RBX=000000007ebaf018 RCX=0000000000001f87 RDX=000000007ebaf018
RSI=000000007ebb4000 RDI=000000007ebb1091 RBP=000000007ff02980 RSP=000000007ff02900
R8 =00000000000000af R9 =0000000000005000 R10=000000007f477030 R11=000000007ee0c498
R12=0000000000004028 R13=000000000000000a R14=0000000000000000 R15=0000000000000005
RIP=000000007ff1932a RFL=00000206 [-----P-] CPL=0 II=0 A20=1 SMM=0 HLT=0
ES =0030 0000000000000000 ffffffff 00cf9300 DPL=0 DS   [-WA]
CS =0038 0000000000000000 ffffffff 00af9a00 DPL=0 CS64 [-R-]
SS =0030 0000000000000000 ffffffff 00cf9300 DPL=0 DS   [-WA]
DS =0030 0000000000000000 ffffffff 00cf9300 DPL=0 DS   [-WA]
FS =0030 0000000000000000 ffffffff 00cf9300 DPL=0 DS   [-WA]
GS =0030 0000000000000000 ffffffff 00cf9300 DPL=0 DS   [-WA]
LDT=0000 0000000000000000 0000ffff 00008200 DPL=0 LDT
TR =0000 0000000000000000 0000ffff 00008b00 DPL=0 TSS64-busy
GDT=     000000007f5dc000 00000047
IDT=     000000007f268018 00000fff
CR0=80010033 CR2=0000000000000000 CR3=000000007f801000 CR4=00000668
DR0=0000000000000000 DR1=0000000000000000 DR2=0000000000000000 DR3=0000000000000000 
DR6=00000000ffff0ff0 DR7=0000000000000400
CCS=0000000000000004 CCD=0000000000004000 CCO=EFLAGS
EFER=0000000000000d00
Servicing hardware INT=0x20
    26: v=20 e=0000 i=0 cpl=0 IP=0038:000000007ff04ffa pc=000000007ff04ffa SP=0030:000000007ff02990 env->regs[R_EAX]=0000000000000004
RAX=0000000000000004 RBX=000000007ff02a58 RCX=0000000000000010 RDX=0000000000000000
RSI=0000000000000006 RDI=0000000000000004 RBP=000000007ff029d0 RSP=000000007ff02990
R8 =000000007ff02a58 R9 =000000000000000c R10=0000000000000001 R11=000000007eb9df18
R12=000000007ebb15b0 R13=000000007ebb1618 R14=000000007ebb1518 R15=0000000000000000
RIP=000000007ff04ffa RFL=00000246 [---Z-P-] CPL=0 II=0 A20=1 SMM=0 HLT=0
ES =0030 0000000000000000 ffffffff 00cf9300 DPL=0 DS   [-WA]
CS =0038 0000000000000000 ffffffff 00af9a00 DPL=0 CS64 [-R-]
SS =0030 0000000000000000 ffffffff 00cf9300 DPL=0 DS   [-WA]
DS =0030 0000000000000000 ffffffff 00cf9300 DPL=0 DS   [-WA]
FS =0030 0000000000000000 ffffffff 00cf9300 DPL=0 DS   [-WA]
GS =0030 0000000000000000 ffffffff 00cf9300 DPL=0 DS   [-WA]
LDT=0000 0000000000000000 0000ffff 00008200 DPL=0 LDT
TR =0000 0000000000000000 0000ffff 00008b00 DPL=0 TSS64-busy
GDT=     000000007f5dc000 00000047
IDT=     000000007f268018 00000fff
CR0=80010033 CR2=0000000000000000 CR3=000000007f801000 CR4=00000668
DR0=0000000000000000 DR1=0000000000000000 DR2=0000000000000000 DR3=0000000000000000 
DR6=00000000ffff0ff0 DR7=0000000000000400
CCS=0000000000000044 CCD=fffffffffffffff2 CCO=EFLAGS
EFER=0000000000000d00
Servicing hardware INT=0x20
    27: v=20 e=0000 i=0 cpl=0 IP=0038:000000007eb54286 pc=000000007eb54286 SP=0030:000000007ff02b80 env->regs[R_EAX]=8000000000000003
RAX=8000000000000003 RBX=000000007eb75f18 RCX=000000007ee3e680 RDX=000000007eb55700
RSI=000000007eb75f18 RDI=000000007eb556a0 RBP=000000007ff02be0 RSP=000000007ff02b80
R8 =0000000000000000 R9 =000000007eb69318 R10=0000000000000009 R11=000000007eb55640
R12=000000007eb55760 R13=000000007eb556a0 R14=0000000000000000 R15=000000007eb556a0
RIP=000000007eb54286 RFL=00000202 [-------] CPL=0 II=0 A20=1 SMM=0 HLT=0
ES =0030 0000000000000000 ffffffff 00cf9300 DPL=0 DS   [-WA]
CS =0038 0000000000000000 ffffffff 00af9a00 DPL=0 CS64 [-R-]
SS =0030 0000000000000000 ffffffff 00cf9300 DPL=0 DS   [-WA]
DS =0030 0000000000000000 ffffffff 00cf9300 DPL=0 DS   [-WA]
FS =0030 0000000000000000 ffffffff 00cf9300 DPL=0 DS   [-WA]
GS =0030 0000000000000000 ffffffff 00cf9300 DPL=0 DS   [-WA]
LDT=0000 0000000000000000 0000ffff 00008200 DPL=0 LDT
TR =0000 0000000000000000 0000ffff 00008b00 DPL=0 TSS64-busy
GDT=     000000007f5dc000 00000047
IDT=     000000007f268018 00000fff
CR0=80010033 CR2=0000000000000000 CR3=000000007f801000 CR4=00000668
DR0=0000000000000000 DR1=0000000000000000 DR2=0000000000000000 DR3=0000000000000000 
DR6=00000000ffff0ff0 DR7=0000000000000400
CCS=0000000000000000 CCD=000000007ff02b38 CCO=EFLAGS
EFER=0000000000000d00
Servicing hardware INT=0x20
    28: v=20 e=0000 i=0 cpl=0 IP=0038:000000007ff1932a pc=000000007ff1932a SP=0030:000000007ff02b60 env->regs[R_EAX]=00000000000000af
RAX=00000000000000af RBX=0000000000002fff RCX=0000000000000f92 RDX=000000007eb25000
RSI=000000007f7ff748 RDI=000000007eb2706e RBP=000000007ff02be0 RSP=000000007ff02b60
R8 =00000000000000af R9 =000000007eb42498 R10=0000000000000000 R11=0000000000000000
R12=000000007eb27fff R13=0000000000000003 R14=000000007eb25000 R15=000000007eb28000
RIP=000000007ff1932a RFL=00000206 [-----P-] CPL=0 II=0 A20=1 SMM=0 HLT=0
ES =0030 0000000000000000 ffffffff 00cf9300 DPL=0 DS   [-WA]
CS =0038 0000000000000000 ffffffff 00af9a00 DPL=0 CS64 [-R-]
SS =0030 0000000000000000 ffffffff 00cf9300 DPL=0 DS   [-WA]
DS =0030 0000000000000000 ffffffff 00cf9300 DPL=0 DS   [-WA]
FS =0030 0000000000000000 ffffffff 00cf9300 DPL=0 DS   [-WA]
GS =0030 0000000000000000 ffffffff 00cf9300 DPL=0 DS   [-WA]
LDT=0000 0000000000000000 0000ffff 00008200 DPL=0 LDT
TR =0000 0000000000000000 0000ffff 00008b00 DPL=0 TSS64-busy
GDT=     000000007f5dc000 00000047
IDT=     000000007f268018 00000fff
CR0=80010033 CR2=0000000000000000 CR3=000000007f801000 CR4=00000668
DR0=0000000000000000 DR1=0000000000000000 DR2=0000000000000000 DR3=0000000000000000 
DR6=00000000ffff0ff0 DR7=0000000000000400
CCS=0000000000000004 CCD=0000000000003000 CCO=EFLAGS
EFER=0000000000000d00
Servicing hardware INT=0x20
    29: v=20 e=0000 i=0 cpl=0 IP=0038:000000007ff0afff pc=000000007ff0afff SP=0030:000000007ff02d00 env->regs[R_EAX]=000000007ff1c010
RAX=000000007ff1c010 RBX=000000007eb0eb18 RCX=0000000000000000 RDX=000000007eb1f688
RSI=000000007ee5c520 RDI=00000000000000d9 RBP=000000007ff02d70 RSP=000000007ff02d00
R8 =00000000000000af R9 =000000007f4ecb18 R10=0000000000000000 R11=000000007ff1d458
R12=0000000000000000 R13=0000000000000000 R14=000000007ff1ce00 R15=000000007ff1b050
RIP=000000007ff0afff RFL=00000212 [----A--] CPL=0 II=0 A20=1 SMM=0 HLT=0
ES =0030 0000000000000000 ffffffff 00cf9300 DPL=0 DS   [-WA]
CS =0038 0000000000000000 ffffffff 00af9a00 DPL=0 CS64 [-R-]
SS =0030 0000000000000000 ffffffff 00cf9300 DPL=0 DS   [-WA]
DS =0030 0000000000000000 ffffffff 00cf9300 DPL=0 DS   [-WA]
FS =0030 0000000000000000 ffffffff 00cf9300 DPL=0 DS   [-WA]
GS =0030 0000000000000000 ffffffff 00cf9300 DPL=0 DS   [-WA]
LDT=0000 0000000000000000 0000ffff 00008200 DPL=0 LDT
TR =0000 0000000000000000 0000ffff 00008b00 DPL=0 TSS64-busy
GDT=     000000007f5dc000 00000047
IDT=     000000007f268018 00000fff
CR0=80010033 CR2=0000000000000000 CR3=000000007f801000 CR4=00000668
DR0=0000000000000000 DR1=0000000000000000 DR2=0000000000000000 DR3=0000000000000000 
DR6=00000000ffff0ff0 DR7=0000000000000400
CCS=0000000000000010 CCD=00000000000000ab CCO=EFLAGS
EFER=0000000000000d00
Servicing hardware INT=0x20
    30: v=20 e=0000 i=0 cpl=0 IP=0038:000000007eb86a48 pc=000000007eb86a48 SP=0030:000000007ff025b0 env->regs[R_EAX]=0000000000000073
RAX=0000000000000073 RBX=0000000000000140 RCX=000000007eb88af0 RDX=000000007eb88af2
RSI=000000007eb88af0 RDI=0000000000000001 RBP=000000007ff02690 RSP=000000007ff025b0
R8 =0000000000000000 R9 =000000007eb88ae6 R10=0000000000000028 R11=000000007ff02736
R12=0000000000000028 R13=000000007ff026e8 R14=0000000000000000 R15=0000000000000002
RIP=000000007eb86a48 RFL=00000202 [-------] CPL=0 II=0 A20=1 SMM=0 HLT=0
ES =0030 0000000000000000 ffffffff 00cf9300 DPL=0 DS   [-WA]
CS =0038 0000000000000000 ffffffff 00af9a00 DPL=0 CS64 [-R-]
SS =0030 0000000000000000 ffffffff 00cf9300 DPL=0 DS   [-WA]
DS =0030 0000000000000000 ffffffff 00cf9300 DPL=0 DS   [-WA]
FS =0030 0000000000000000 ffffffff 00cf9300 DPL=0 DS   [-WA]
GS =0030 0000000000000000 ffffffff 00cf9300 DPL=0 DS   [-WA]
LDT=0000 0000000000000000 0000ffff 00008200 DPL=0 LDT
TR =0000 0000000000000000 0000ffff 00008b00 DPL=0 TSS64-busy
GDT=     000000007f5dc000 00000047
IDT=     000000007f268018 00000fff
CR0=80010033 CR2=0000000000000000 CR3=000000007f801000 CR4=00000668
DR0=0000000000000000 DR1=0000000000000000 DR2=0000000000000000 DR3=0000000000000000 
DR6=00000000ffff0ff0 DR7=0000000000000400
CCS=0000000000000000 CCD=0000000000000001 CCO=EFLAGS
EFER=0000000000000d00
Servicing hardware INT=0x20
    31: v=20 e=0000 i=0 cpl=0 IP=0038:000000007eb46d12 pc=000000007eb46d12 SP=0030:000000007ff02698 env->regs[R_EAX]=000000007eadc208
RAX=000000007eadc208 RBX=000000007eadd298 RCX=000000007eadc0c8 RDX=000000007eadd488
RSI=000000007ff02670 RDI=000000007eadc018 RBP=000000007ff026c0 RSP=000000007ff02698
R8 =00000000000000af R9 =000000007ff025bf R10=0000000000000001 R11=0000000000000001
R12=000000007eadc018 R13=000000007eadd488 R14=000000007ff02770 R15=0000000000000000
RIP=000000007eb46d12 RFL=00000246 [---Z-P-] CPL=0 II=0 A20=1 SMM=0 HLT=0
ES =0030 0000000000000000 ffffffff 00cf9300 DPL=0 DS   [-WA]
CS =0038 0000000000000000 ffffffff 00af9a00 DPL=0 CS64 [-R-]
SS =0030 0000000000000000 ffffffff 00cf9300 DPL=0 DS   [-WA]
DS =0030 0000000000000000 ffffffff 00cf9300 DPL=0 DS   [-WA]
FS =0030 0000000000000000 ffffffff 00cf9300 DPL=0 DS   [-WA]
GS =0030 0000000000000000 ffffffff 00cf9300 DPL=0 DS   [-WA]
LDT=0000 0000000000000000 0000ffff 00008200 DPL=0 LDT
TR =0000 0000000000000000 0000ffff 00008b00 DPL=0 TSS64-busy
GDT=     000000007f5dc000 00000047
IDT=     000000007f268018 00000fff
CR0=80010033 CR2=0000000000000000 CR3=000000007f801000 CR4=00000668
DR0=0000000000000000 DR1=0000000000000000 DR2=0000000000000000 DR3=0000000000000000 
DR6=00000000ffff0ff0 DR7=0000000000000400
CCS=0000000000000044 CCD=0000000000000000 CCO=EFLAGS
EFER=0000000000000d00
Servicing hardware INT=0x20
    32: v=20 e=0000 i=0 cpl=0 IP=0038:000000007f27074f pc=000000007f27074f SP=0030:000000007ff020d0 env->regs[R_EAX]=0000000000000050
RAX=0000000000000050 RBX=0000000000002540 RCX=0000000000000000 RDX=000000007f272fe0
RSI=0000000000000001 RDI=0000000000000000 RBP=000000007ff021c0 RSP=000000007ff020d0
R8 =00000000000f4240 R9 =000000007ee13023 R10=000000000000000c R11=000000007ff02230
R12=000000007f272fde R13=000000007ff02230 R14=000000007f27120b R15=000000007f272410
RIP=000000007f27074f RFL=00000202 [-------] CPL=0 II=0 A20=1 SMM=0 HLT=0
ES =0030 0000000000000000 ffffffff 00cf9300 DPL=0 DS   [-WA]
CS =0038 0000000000000000 ffffffff 00af9a00 DPL=0 CS64 [-R-]
SS =0030 0000000000000000 ffffffff 00cf9300 DPL=0 DS   [-WA]
DS =0030 0000000000000000 ffffffff 00cf9300 DPL=0 DS   [-WA]
FS =0030 0000000000000000 ffffffff 00cf9300 DPL=0 DS   [-WA]
GS =0030 0000000000000000 ffffffff 00cf9300 DPL=0 DS   [-WA]
LDT=0000 0000000000000000 0000ffff 00008200 DPL=0 LDT
TR =0000 0000000000000000 0000ffff 00008b00 DPL=0 TSS64-busy
GDT=     000000007f5dc000 00000047
IDT=     000000007f268018 00000fff
CR0=80010033 CR2=0000000000000000 CR3=000000007f801000 CR4=00000668
DR0=0000000000000000 DR1=0000000000000000 DR2=0000000000000000 DR3=0000000000000000 
DR6=00000000ffff0ff0 DR7=0000000000000400
CCS=0000000000000000 CCD=0000000000000025 CCO=EFLAGS
EFER=0000000000000d00
Servicing hardware INT=0x20
    33: v=20 e=0000 i=0 cpl=0 IP=0038:000000007ff0dd29 pc=000000007ff0dd29 SP=0030:000000007ff02298 env->regs[R_EAX]=0000000000000040
RAX=0000000000000040 RBX=000000007ea36018 RCX=0000000000005524 RDX=000000009f28b54d
RSI=0000000000000008 RDI=000000007ea36018 RBP=000000007ff022f0 RSP=000000007ff02298
R8 =0000000000004f9e R9 =000000000000025d R10=0000000000004f9d R11=000000000000065d
R12=0000000000000040 R13=00000000000160ff R14=0000000000000000 R15=000000007ea61018
RIP=000000007ff0dd29 RFL=00000293 [--S-A-C] CPL=0 II=0 A20=1 SMM=0 HLT=0
ES =0030 0000000000000000 ffffffff 00cf9300 DPL=0 DS   [-WA]
CS =0038 0000000000000000 ffffffff 00af9a00 DPL=0 CS64 [-R-]
SS =0030 0000000000000000 ffffffff 00cf9300 DPL=0 DS   [-WA]
DS =0030 0000000000000000 ffffffff 00cf9300 DPL=0 DS   [-WA]
FS =0030 0000000000000000 ffffffff 00cf9300 DPL=0 DS   [-WA]
GS =0030 0000000000000000 ffffffff 00cf9300 DPL=0 DS   [-WA]
LDT=0000 0000000000000000 0000ffff 00008200 DPL=0 LDT
TR =0000 0000000000000000 0000ffff 00008b00 DPL=0 TSS64-busy
GDT=     000000007f5dc000 00000047
IDT=     000000007f268018 00000fff
CR0=80010033 CR2=0000000000000000 CR3=000000007f801000 CR4=00000668
DR0=0000000000000000 DR1=0000000000000000 DR2=0000000000000000 DR3=0000000000000000 
DR6=00000000ffff0ff0 DR7=0000000000000400
CCS=0000000000000091 CCD=fffffffffffffe43 CCO=EFLAGS
EFER=0000000000000d00
Servicing hardware INT=0x20
    34: v=20 e=0000 i=0 cpl=0 IP=0038:000000007ee0297d pc=000000007ee0297d SP=0030:000000007ff026b0 env->regs[R_EAX]=0000000000000000
RAX=0000000000000000 RBX=000000007ea60b18 RCX=0000000000000000 RDX=0000000000000518
RSI=000000007ea60b18 RDI=0000000000000006 RBP=000000007ff027a0 RSP=000000007ff026b0
R8 =0000000000000000 R9 =0000000000000518 R10=0000000000000001 R11=0000000000000001
R12=0000000000001000 R13=000000007ff02748 R14=000000007ff02740 R15=0000000000000000
RIP=000000007ee0297d RFL=00000297 [--S-APC] CPL=0 II=0 A20=1 SMM=0 HLT=0
ES =0030 0000000000000000 ffffffff 00cf9300 DPL=0 DS   [-WA]
CS =0038 0000000000000000 ffffffff 00af9a00 DPL=0 CS64 [-R-]
SS =0030 0000000000000000 ffffffff 00cf9300 DPL=0 DS   [-WA]
DS =0030 0000000000000000 ffffffff 00cf9300 DPL=0 DS   [-WA]
FS =0030 0000000000000000 ffffffff 00cf9300 DPL=0 DS   [-WA]
GS =0030 0000000000000000 ffffffff 00cf9300 DPL=0 DS   [-WA]
LDT=0000 0000000000000000 0000ffff 00008200 DPL=0 LDT
TR =0000 0000000000000000 0000ffff 00008b00 DPL=0 TSS64-busy
GDT=     000000007f5dc000 00000047
IDT=     000000007f268018 00000fff
CR0=80010033 CR2=0000000000000000 CR3=000000007f801000 CR4=00000668
DR0=0000000000000000 DR1=0000000000000000 DR2=0000000000000000 DR3=0000000000000000 
DR6=00000000ffff0ff0 DR7=0000000000000400
CCS=0000000000000095 CCD=fffffffffffffffa CCO=EFLAGS
EFER=0000000000000d00
Servicing hardware INT=0x20
    35: v=20 e=0000 i=0 cpl=0 IP=0038:000000007ee0963d pc=000000007ee0963d SP=0030:000000007ff02620 env->regs[R_EAX]=00000000e0000000
RAX=00000000e0000000 RBX=00000000e0008000 RCX=0000000000008000 RDX=0000000000000002
RSI=000000007ff02830 RDI=0000000000008004 RBP=000000007ff02680 RSP=000000007ff02620
R8 =0000000000000000 R9 =000000007ff0276f R10=0000000000000001 R11=0000000000000010
R12=0000000011111234 R13=000000007ff02831 R14=0000000000008000 R15=0000000000000004
RIP=000000007ee0963d RFL=00000246 [---Z-P-] CPL=0 II=0 A20=1 SMM=0 HLT=0
ES =0030 0000000000000000 ffffffff 00cf9300 DPL=0 DS   [-WA]
CS =0038 0000000000000000 ffffffff 00af9a00 DPL=0 CS64 [-R-]
SS =0030 0000000000000000 ffffffff 00cf9300 DPL=0 DS   [-WA]
DS =0030 0000000000000000 ffffffff 00cf9300 DPL=0 DS   [-WA]
FS =0030 0000000000000000 ffffffff 00cf9300 DPL=0 DS   [-WA]
GS =0030 0000000000000000 ffffffff 00cf9300 DPL=0 DS   [-WA]
LDT=0000 0000000000000000 0000ffff 00008200 DPL=0 LDT
TR =0000 0000000000000000 0000ffff 00008b00 DPL=0 TSS64-busy
GDT=     000000007f5dc000 00000047
IDT=     000000007f268018 00000fff
CR0=80010033 CR2=0000000000000000 CR3=000000007f801000 CR4=00000668
DR0=0000000000000000 DR1=0000000000000000 DR2=0000000000000000 DR3=0000000000000000 
DR6=00000000ffff0ff0 DR7=0000000000000400
CCS=0000000000000044 CCD=00000000e0000000 CCO=EFLAGS
EFER=0000000000000d00
Servicing hardware INT=0x20
    36: v=20 e=0000 i=0 cpl=0 IP=0038:000000007f262350 pc=000000007f262350 SP=0030:000000007ff02360 env->regs[R_EAX]=0000000000000000
RAX=0000000000000000 RBX=000000008005d530 RCX=0000000000000000 RDX=000000007f262f18
RSI=0000000000000002 RDI=0000000000000000 RBP=000000007ff02370 RSP=000000007ff02360
R8 =000000007ff024bc R9 =0000000080000000 R10=00000000000fffff R11=000000000000000a
R12=000000007ff024bc R13=00000000000e8ab4 R14=0000000000000000 R15=0000000000000004
RIP=000000007f262350 RFL=00000202 [-------] CPL=0 II=0 A20=1 SMM=0 HLT=0
ES =0030 0000000000000000 ffffffff 00cf9300 DPL=0 DS   [-WA]
CS =0038 0000000000000000 ffffffff 00af9a00 DPL=0 CS64 [-R-]
SS =0030 0000000000000000 ffffffff 00cf9300 DPL=0 DS   [-WA]
DS =0030 0000000000000000 ffffffff 00cf9300 DPL=0 DS   [-WA]
FS =0030 0000000000000000 ffffffff 00cf9300 DPL=0 DS   [-WA]
GS =0030 0000000000000000 ffffffff 00cf9300 DPL=0 DS   [-WA]
LDT=0000 0000000000000000 0000ffff 00008200 DPL=0 LDT
TR =0000 0000000000000000 0000ffff 00008b00 DPL=0 TSS64-busy
GDT=     000000007f5dc000 00000047
IDT=     000000007f268018 00000fff
CR0=80010033 CR2=0000000000000000 CR3=000000007f801000 CR4=00000668
DR0=0000000000000000 DR1=0000000000000000 DR2=0000000000000000 DR3=0000000000000000 
DR6=00000000ffff0ff0 DR7=0000000000000400
CCS=0000000000000000 CCD=0000000000000001 CCO=EFLAGS
EFER=0000000000000d00
Servicing hardware INT=0x20
    37: v=20 e=0000 i=0 cpl=0 IP=0038:000000007f262c21 pc=000000007f262c21 SP=0030:000000007ff02380 env->regs[R_EAX]=0000000000000000
RAX=0000000000000000 RBX=000000008014d5c4 RCX=0000000000000000 RDX=000000007f262f18
RSI=0000000000000002 RDI=0000000000000000 RBP=000000007ff02400 RSP=000000007ff02380
R8 =000000007ff024bc R9 =0000000080000000 R10=00000000000fffff R11=000000000000000a
R12=000000007ff024bc R13=00000000000aca8f R14=0000000000000000 R15=0000000000000004
RIP=000000007f262c21 RFL=00000293 [--S-A-C] CPL=0 II=0 A20=1 SMM=0 HLT=0
ES =0030 0000000000000000 ffffffff 00cf9300 DPL=0 DS   [-WA]
CS =0038 0000000000000000 ffffffff 00af9a00 DPL=0 CS64 [-R-]
SS =0030 0000000000000000 ffffffff 00cf9300 DPL=0 DS   [-WA]
DS =0030 0000000000000000 ffffffff 00cf9300 DPL=0 DS   [-WA]
FS =0030 0000000000000000 ffffffff 00cf9300 DPL=0 DS   [-WA]
GS =0030 0000000000000000 ffffffff 00cf9300 DPL=0 DS   [-WA]
LDT=0000 0000000000000000 0000ffff 00008200 DPL=0 LDT
TR =0000 0000000000000000 0000ffff 00008b00 DPL=0 TSS64-busy
GDT=     000000007f5dc000 00000047
IDT=     000000007f268018 00000fff
CR0=80010033 CR2=0000000000000000 CR3=000000007f801000 CR4=00000668
DR0=0000000000000000 DR1=0000000000000000 DR2=0000000000000000 DR3=0000000000000000 
DR6=00000000ffff0ff0 DR7=0000000000000400
CCS=0000000000000091 CCD=fffffffffffffffe CCO=EFLAGS
EFER=0000000000000d00
Servicing hardware INT=0x20
    38: v=20 e=0000 i=0 cpl=0 IP=0038:000000007f262350 pc=000000007f262350 SP=0030:000000007ff02360 env->regs[R_EAX]=0000000000000000
RAX=0000000000000000 RBX=0000000080262524 RCX=0000000000000000 RDX=000000007f262f18
RSI=0000000000000002 RDI=0000000000000000 RBP=000000007ff02370 RSP=000000007ff02360
R8 =000000007ff024bc R9 =0000000080000000 R10=00000000000fffff R11=000000000000000a
R12=000000007ff024bc R13=00000000000676b7 R14=0000000000000000 R15=0000000000000004
RIP=000000007f262350 RFL=00000202 [-------] CPL=0 II=0 A20=1 SMM=0 HLT=0
ES =0030 0000000000000000 ffffffff 00cf9300 DPL=0 DS   [-WA]
CS =0038 0000000000000000 ffffffff 00af9a00 DPL=0 CS64 [-R-]
SS =0030 0000000000000000 ffffffff 00cf9300 DPL=0 DS   [-WA]
DS =0030 0000000000000000 ffffffff 00cf9300 DPL=0 DS   [-WA]
FS =0030 0000000000000000 ffffffff 00cf9300 DPL=0 DS   [-WA]
GS =0030 0000000000000000 ffffffff 00cf9300 DPL=0 DS   [-WA]
LDT=0000 0000000000000000 0000ffff 00008200 DPL=0 LDT
TR =0000 0000000000000000 0000ffff 00008b00 DPL=0 TSS64-busy
GDT=     000000007f5dc000 00000047
IDT=     000000007f268018 00000fff
CR0=80010033 CR2=0000000000000000 CR3=000000007f801000 CR4=00000668
DR0=0000000000000000 DR1=0000000000000000 DR2=0000000000000000 DR3=0000000000000000 
DR6=00000000ffff0ff0 DR7=0000000000000400
CCS=0000000000000000 CCD=0000000000000001 CCO=EFLAGS
EFER=0000000000000d00
Servicing hardware INT=0x20
    39: v=20 e=0000 i=0 cpl=0 IP=0038:000000007f262350 pc=000000007f262350 SP=0030:000000007ff02360 env->regs[R_EAX]=0000000000000000
RAX=0000000000000000 RBX=000000008034e930 RCX=0000000000000000 RDX=000000007f262f18
RSI=0000000000000002 RDI=0000000000000000 RBP=000000007ff02370 RSP=000000007ff02360
R8 =000000007ff024bc R9 =0000000080000000 R10=00000000000fffff R11=000000000000000a
R12=000000007ff024bc R13=000000000002c5b4 R14=0000000000000000 R15=0000000000000004
RIP=000000007f262350 RFL=00000202 [-------] CPL=0 II=0 A20=1 SMM=0 HLT=0
ES =0030 0000000000000000 ffffffff 00cf9300 DPL=0 DS   [-WA]
CS =0038 0000000000000000 ffffffff 00af9a00 DPL=0 CS64 [-R-]
SS =0030 0000000000000000 ffffffff 00cf9300 DPL=0 DS   [-WA]
DS =0030 0000000000000000 ffffffff 00cf9300 DPL=0 DS   [-WA]
FS =0030 0000000000000000 ffffffff 00cf9300 DPL=0 DS   [-WA]
GS =0030 0000000000000000 ffffffff 00cf9300 DPL=0 DS   [-WA]
LDT=0000 0000000000000000 0000ffff 00008200 DPL=0 LDT
TR =0000 0000000000000000 0000ffff 00008b00 DPL=0 TSS64-busy
GDT=     000000007f5dc000 00000047
IDT=     000000007f268018 00000fff
CR0=80010033 CR2=0000000000000000 CR3=000000007f801000 CR4=00000668
DR0=0000000000000000 DR1=0000000000000000 DR2=0000000000000000 DR3=0000000000000000 
DR6=00000000ffff0ff0 DR7=0000000000000400
CCS=0000000000000000 CCD=0000000000000001 CCO=EFLAGS
EFER=0000000000000d00
Servicing hardware INT=0x20
    40: v=20 e=0000 i=0 cpl=0 IP=0038:000000007eac26da pc=000000007eac26da SP=0030:000000007ff02410 env->regs[R_EAX]=0000000000000000
RAX=0000000000000000 RBX=0000000080000000 RCX=00000000000340f8 RDX=0000000080000000
RSI=0000000000000004 RDI=0000000080317c20 RBP=000000007ff024c0 RSP=000000007ff02410
R8 =0000000000000000 R9 =0000000000000320 R10=0000000000000008 R11=00000000000000ff
R12=00000000003e8000 R13=000000007ea5e018 R14=0000000000000000 R15=000000007ea60998
RIP=000000007eac26da RFL=00000246 [---Z-P-] CPL=0 II=0 A20=1 SMM=0 HLT=0
ES =0030 0000000000000000 ffffffff 00cf9300 DPL=0 DS   [-WA]
CS =0038 0000000000000000 ffffffff 00af9a00 DPL=0 CS64 [-R-]
SS =0030 0000000000000000 ffffffff 00cf9300 DPL=0 DS   [-WA]
DS =0030 0000000000000000 ffffffff 00cf9300 DPL=0 DS   [-WA]
FS =0030 0000000000000000 ffffffff 00cf9300 DPL=0 DS   [-WA]
GS =0030 0000000000000000 ffffffff 00cf9300 DPL=0 DS   [-WA]
LDT=0000 0000000000000000 0000ffff 00008200 DPL=0 LDT
TR =0000 0000000000000000 0000ffff 00008b00 DPL=0 TSS64-busy
GDT=     000000007f5dc000 00000047
IDT=     000000007f268018 00000fff
CR0=80010033 CR2=0000000000000000 CR3=000000007f801000 CR4=00000668
DR0=0000000000000000 DR1=0000000000000000 DR2=0000000000000000 DR3=0000000000000000 
DR6=00000000ffff0ff0 DR7=0000000000000400
CCS=0000000000000044 CCD=0000000000000000 CCO=EFLAGS
EFER=0000000000000d00
Servicing hardware INT=0x20
    41: v=20 e=0000 i=0 cpl=0 IP=0038:000000007ee094fb pc=000000007ee094fb SP=0030:000000007ff02480 env->regs[R_EAX]=00000000e0000000
RAX=00000000e0000000 RBX=00000000e00fb004 RCX=00000000000fb004 RDX=0000000000000001
RSI=00000000ffff0000 RDI=000000007ff026b0 RBP=000000007ff024e0 RSP=000000007ff02480
R8 =0000000000000000 R9 =000000007ff025cf R10=0000000000000001 R11=0000000000000001
R12=00000000000fb006 R13=000000007ff026af R14=0000000000000000 R15=0000000000000002
RIP=000000007ee094fb RFL=00000246 [---Z-P-] CPL=0 II=0 A20=1 SMM=0 HLT=0
ES =0030 0000000000000000 ffffffff 00cf9300 DPL=0 DS   [-WA]
CS =0038 0000000000000000 ffffffff 00af9a00 DPL=0 CS64 [-R-]
SS =0030 0000000000000000 ffffffff 00cf9300 DPL=0 DS   [-WA]
DS =0030 0000000000000000 ffffffff 00cf9300 DPL=0 DS   [-WA]
FS =0030 0000000000000000 ffffffff 00cf9300 DPL=0 DS   [-WA]
GS =0030 0000000000000000 ffffffff 00cf9300 DPL=0 DS   [-WA]
LDT=0000 0000000000000000 0000ffff 00008200 DPL=0 LDT
TR =0000 0000000000000000 0000ffff 00008b00 DPL=0 TSS64-busy
GDT=     000000007f5dc000 00000047
IDT=     000000007f268018 00000fff
CR0=80010033 CR2=0000000000000000 CR3=000000007f801000 CR4=00000668
DR0=0000000000000000 DR1=0000000000000000 DR2=0000000000000000 DR3=0000000000000000 
DR6=00000000ffff0ff0 DR7=0000000000000400
CCS=0000000000000044 CCD=00000000e0000000 CCO=EFLAGS
EFER=0000000000000d00
Servicing hardware INT=0x20
    42: v=20 e=0000 i=0 cpl=0 IP=0038:000000007ff0dd54 pc=000000007ff0dd54 SP=0030:000000007ff02588 env->regs[R_EAX]=000000007ea30018
RAX=000000007ea30018 RBX=000000007ea30018 RCX=0000000000000005 RDX=00000000000078c3
RSI=00000000280e5f20 RDI=0000000000000005 RBP=000000007ff025e0 RSP=000000007ff02588
R8 =000000000000e83c R9 =0000000000000eeb R10=00000000000170c2 R11=0000000000001eeb
R12=0000000000000007 R13=00000000000160ff R14=0000000000000000 R15=000000007ff02c98
RIP=000000007ff0dd54 RFL=00000206 [-----P-] CPL=0 II=0 A20=1 SMM=0 HLT=0
ES =0030 0000000000000000 ffffffff 00cf9300 DPL=0 DS   [-WA]
CS =0038 0000000000000000 ffffffff 00af9a00 DPL=0 CS64 [-R-]
SS =0030 0000000000000000 ffffffff 00cf9300 DPL=0 DS   [-WA]
DS =0030 0000000000000000 ffffffff 00cf9300 DPL=0 DS   [-WA]
FS =0030 0000000000000000 ffffffff 00cf9300 DPL=0 DS   [-WA]
GS =0030 0000000000000000 ffffffff 00cf9300 DPL=0 DS   [-WA]
LDT=0000 0000000000000000 0000ffff 00008200 DPL=0 LDT
TR =0000 0000000000000000 0000ffff 00008b00 DPL=0 TSS64-busy
GDT=     000000007f5dc000 00000047
IDT=     000000007f268018 00000fff
CR0=80010033 CR2=0000000000000000 CR3=000000007f801000 CR4=00000668
DR0=0000000000000000 DR1=0000000000000000 DR2=0000000000000000 DR3=0000000000000000 
DR6=00000000ffff0ff0 DR7=0000000000000400
CCS=0000000000000004 CCD=00000000000078c3 CCO=EFLAGS
EFER=0000000000000d00
Servicing hardware INT=0x20
    43: v=20 e=0000 i=0 cpl=0 IP=0038:000000007f27bd2e pc=000000007f27bd2e SP=0030:000000007ff02850 env->regs[R_EAX]=0000000000000004
RAX=0000000000000004 RBX=000000007eb8a420 RCX=0000000000000010 RDX=000000007eb8a700
RSI=0000000000000002 RDI=000000000000000e RBP=000000007ff028d0 RSP=000000007ff02850
R8 =0000000000000000 R9 =000000007ff028d8 R10=0000000000000001 R11=0000000000000001
R12=000000000000000e R13=000000007ff02a60 R14=0000000000000000 R15=000000007ff02c98
RIP=000000007f27bd2e RFL=00000293 [--S-A-C] CPL=0 II=0 A20=1 SMM=0 HLT=0
ES =0030 0000000000000000 ffffffff 00cf9300 DPL=0 DS   [-WA]
CS =0038 0000000000000000 ffffffff 00af9a00 DPL=0 CS64 [-R-]
SS =0030 0000000000000000 ffffffff 00cf9300 DPL=0 DS   [-WA]
DS =0030 0000000000000000 ffffffff 00cf9300 DPL=0 DS   [-WA]
FS =0030 0000000000000000 ffffffff 00cf9300 DPL=0 DS   [-WA]
GS =0030 0000000000000000 ffffffff 00cf9300 DPL=0 DS   [-WA]
LDT=0000 0000000000000000 0000ffff 00008200 DPL=0 LDT
TR =0000 0000000000000000 0000ffff 00008b00 DPL=0 TSS64-busy
GDT=     000000007f5dc000 00000047
IDT=     000000007f268018 00000fff
CR0=80010033 CR2=0000000000000000 CR3=000000007f801000 CR4=00000668
DR0=0000000000000000 DR1=0000000000000000 DR2=0000000000000000 DR3=0000000000000000 
DR6=00000000ffff0ff0 DR7=0000000000000400
CCS=0000000000000091 CCD=fffffffffffffff2 CCO=EFLAGS
EFER=0000000000000d00
Servicing hardware INT=0x20
    44: v=20 e=0000 i=0 cpl=0 IP=0038:000000007eb32372 pc=000000007eb32372 SP=0030:000000007ff024f0 env->regs[R_EAX]=8000000000000003
RAX=8000000000000003 RBX=8000000000000003 RCX=000000007ee3e680 RDX=000000007eb35701
RSI=000000007eb43d18 RDI=000000007eb340a0 RBP=000000007ff02570 RSP=000000007ff024f0
R8 =000000007ff02528 R9 =000000007eb43998 R10=0000000000000029 R11=000000007eb4df60
R12=000000007eb35810 R13=000000007eb357f0 R14=0000000000000000 R15=000000007eb340a0
RIP=000000007eb32372 RFL=00000286 [--S--P-] CPL=0 II=0 A20=1 SMM=0 HLT=0
ES =0030 0000000000000000 ffffffff 00cf9300 DPL=0 DS   [-WA]
CS =0038 0000000000000000 ffffffff 00af9a00 DPL=0 CS64 [-R-]
SS =0030 0000000000000000 ffffffff 00cf9300 DPL=0 DS   [-WA]
DS =0030 0000000000000000 ffffffff 00cf9300 DPL=0 DS   [-WA]
FS =0030 0000000000000000 ffffffff 00cf9300 DPL=0 DS   [-WA]
GS =0030 0000000000000000 ffffffff 00cf9300 DPL=0 DS   [-WA]
LDT=0000 0000000000000000 0000ffff 00008200 DPL=0 LDT
TR =0000 0000000000000000 0000ffff 00008b00 DPL=0 TSS64-busy
GDT=     000000007f5dc000 00000047
IDT=     000000007f268018 00000fff
CR0=80010033 CR2=0000000000000000 CR3=000000007f801000 CR4=00000668
DR0=0000000000000000 DR1=0000000000000000 DR2=0000000000000000 DR3=0000000000000000 
DR6=00000000ffff0ff0 DR7=0000000000000400
CCS=0000000000000084 CCD=8000000000000003 CCO=EFLAGS
EFER=0000000000000d00
Servicing hardware INT=0x20
    45: v=20 e=0000 i=0 cpl=0 IP=0038:000000007eac1a5b pc=000000007eac1a5b SP=0030:000000007ff023d0 env->regs[R_EAX]=0000000000000500
RAX=0000000000000500 RBX=0000000000000000 RCX=000000007ea5d5b8 RDX=000000007eb355e0
RSI=0000000000000500 RDI=0000000000000000 RBP=000000007ff02460 RSP=000000007ff023d0
R8 =0000000000000000 R9 =0000000000000000 R10=0000000000000000 R11=0000000000000000
R12=0000000000000320 R13=0000000000000000 R14=0000000000000000 R15=000000007eb355e0
RIP=000000007eac1a5b RFL=00000246 [---Z-P-] CPL=0 II=0 A20=1 SMM=0 HLT=0
ES =0030 0000000000000000 ffffffff 00cf9300 DPL=0 DS   [-WA]
CS =0038 0000000000000000 ffffffff 00af9a00 DPL=0 CS64 [-R-]
SS =0030 0000000000000000 ffffffff 00cf9300 DPL=0 DS   [-WA]
DS =0030 0000000000000000 ffffffff 00cf9300 DPL=0 DS   [-WA]
FS =0030 0000000000000000 ffffffff 00cf9300 DPL=0 DS   [-WA]
GS =0030 0000000000000000 ffffffff 00cf9300 DPL=0 DS   [-WA]
LDT=0000 0000000000000000 0000ffff 00008200 DPL=0 LDT
TR =0000 0000000000000000 0000ffff 00008b00 DPL=0 TSS64-busy
GDT=     000000007f5dc000 00000047
IDT=     000000007f268018 00000fff
CR0=80010033 CR2=0000000000000000 CR3=000000007f801000 CR4=00000668
DR0=0000000000000000 DR1=0000000000000000 DR2=0000000000000000 DR3=0000000000000000 
DR6=00000000ffff0ff0 DR7=0000000000000400
CCS=0000000000000044 CCD=0000000000000000 CCO=EFLAGS
EFER=0000000000000d00
Servicing hardware INT=0x20
    46: v=20 e=0000 i=0 cpl=0 IP=0038:000000007eaf01a9 pc=000000007eaf01a9 SP=0030:000000007ff02550 env->regs[R_EAX]=00000000004293f0
RAX=00000000004293f0 RBX=000000000042930c RCX=0000000000000608 RDX=0000000000000608
RSI=000000007ff0268f RDI=000000007ea40018 RBP=000000007ff025a0 RSP=000000007ff02550
R8 =00000000000000af R9 =0000000000000608 R10=000000000000004b R11=000000007ea57718
R12=0000000000000809 R13=000000007ff0268f R14=000000007eaf2050 R15=000000007eaf2060
RIP=000000007eaf01a9 RFL=00000293 [--S-A-C] CPL=0 II=0 A20=1 SMM=0 HLT=0
ES =0030 0000000000000000 ffffffff 00cf9300 DPL=0 DS   [-WA]
CS =0038 0000000000000000 ffffffff 00af9a00 DPL=0 CS64 [-R-]
SS =0030 0000000000000000 ffffffff 00cf9300 DPL=0 DS   [-WA]
DS =0030 0000000000000000 ffffffff 00cf9300 DPL=0 DS   [-WA]
FS =0030 0000000000000000 ffffffff 00cf9300 DPL=0 DS   [-WA]
GS =0030 0000000000000000 ffffffff 00cf9300 DPL=0 DS   [-WA]
LDT=0000 0000000000000000 0000ffff 00008200 DPL=0 LDT
TR =0000 0000000000000000 0000ffff 00008b00 DPL=0 TSS64-busy
GDT=     000000007f5dc000 00000047
IDT=     000000007f268018 00000fff
CR0=80010033 CR2=0000000000000000 CR3=000000007f801000 CR4=00000668
DR0=0000000000000000 DR1=0000000000000000 DR2=0000000000000000 DR3=0000000000000000 
DR6=00000000ffff0ff0 DR7=0000000000000400
CCS=0000000000000091 CCD=fffffffffffffffe CCO=EFLAGS
EFER=0000000000000d00
Servicing hardware INT=0x20
    47: v=20 e=0000 i=0 cpl=0 IP=0038:000000007eaf01e1 pc=000000007eaf01e1 SP=0030:000000007ff025b0 env->regs[R_EAX]=0000000000000060
RAX=0000000000000060 RBX=0000000000431ca5 RCX=0000000000000608 RDX=0000000000431c45
RSI=000000007ff0268f RDI=000000007ea40018 RBP=000000007ff025e0 RSP=000000007ff025b0
R8 =00000000000000af R9 =0000000000000608 R10=000000000000004b R11=000000007ea57718
R12=0000000000000705 R13=000000007ff0268f R14=000000007eaf2050 R15=000000007eaf2060
RIP=000000007eaf01e1 RFL=00000206 [-----P-] CPL=0 II=0 A20=1 SMM=0 HLT=0
ES =0030 0000000000000000 ffffffff 00cf9300 DPL=0 DS   [-WA]
CS =0038 0000000000000000 ffffffff 00af9a00 DPL=0 CS64 [-R-]
SS =0030 0000000000000000 ffffffff 00cf9300 DPL=0 DS   [-WA]
DS =0030 0000000000000000 ffffffff 00cf9300 DPL=0 DS   [-WA]
FS =0030 0000000000000000 ffffffff 00cf9300 DPL=0 DS   [-WA]
GS =0030 0000000000000000 ffffffff 00cf9300 DPL=0 DS   [-WA]
LDT=0000 0000000000000000 0000ffff 00008200 DPL=0 LDT
TR =0000 0000000000000000 0000ffff 00008b00 DPL=0 TSS64-busy
GDT=     000000007f5dc000 00000047
IDT=     000000007f268018 00000fff
CR0=80010033 CR2=0000000000000000 CR3=000000007f801000 CR4=00000668
DR0=0000000000000000 DR1=0000000000000000 DR2=0000000000000000 DR3=0000000000000000 
DR6=00000000ffff0ff0 DR7=0000000000000400
CCS=0000000000000004 CCD=0000000000000060 CCO=EFLAGS
EFER=0000000000000d00
Servicing hardware INT=0x20
    48: v=20 e=0000 i=0 cpl=0 IP=0038:000000007eaf01a9 pc=000000007eaf01a9 SP=0030:000000007ff02550 env->regs[R_EAX]=000000000043a951
RAX=000000000043a951 RBX=000000000043a95c RCX=0000000000000608 RDX=0000000000000608
RSI=000000007ff0268f RDI=000000007ea40018 RBP=000000007ff025a0 RSP=000000007ff02550
R8 =00000000000000af R9 =0000000000000608 R10=000000000000004b R11=000000007ea57718
R12=00000000000005c3 R13=000000007ff0268f R14=000000007eaf2050 R15=000000007eaf2060
RIP=000000007eaf01a9 RFL=00000293 [--S-A-C] CPL=0 II=0 A20=1 SMM=0 HLT=0
ES =0030 0000000000000000 ffffffff 00cf9300 DPL=0 DS   [-WA]
CS =0038 0000000000000000 ffffffff 00af9a00 DPL=0 CS64 [-R-]
SS =0030 0000000000000000 ffffffff 00cf9300 DPL=0 DS   [-WA]
DS =0030 0000000000000000 ffffffff 00cf9300 DPL=0 DS   [-WA]
FS =0030 0000000000000000 ffffffff 00cf9300 DPL=0 DS   [-WA]
GS =0030 0000000000000000 ffffffff 00cf9300 DPL=0 DS   [-WA]
LDT=0000 0000000000000000 0000ffff 00008200 DPL=0 LDT
TR =0000 0000000000000000 0000ffff 00008b00 DPL=0 TSS64-busy
GDT=     000000007f5dc000 00000047
IDT=     000000007f268018 00000fff
CR0=80010033 CR2=0000000000000000 CR3=000000007f801000 CR4=00000668
DR0=0000000000000000 DR1=0000000000000000 DR2=0000000000000000 DR3=0000000000000000 
DR6=00000000ffff0ff0 DR7=0000000000000400
CCS=0000000000000091 CCD=fffffffffffffffe CCO=EFLAGS
EFER=0000000000000d00
Servicing hardware INT=0x20
    49: v=20 e=0000 i=0 cpl=0 IP=0038:000000007eaf01e1 pc=000000007eaf01e1 SP=0030:000000007ff025b0 env->regs[R_EAX]=0000000000000066
RAX=0000000000000066 RBX=0000000000443491 RCX=0000000000000608 RDX=000000000044342b
RSI=000000007ff0268f RDI=000000007ea40018 RBP=000000007ff025e0 RSP=000000007ff025b0
R8 =00000000000000af R9 =0000000000000608 R10=000000000000004b R11=000000007ea57718
R12=0000000000000490 R13=000000007ff0268f R14=000000007eaf2050 R15=000000007eaf2060
RIP=000000007eaf01e1 RFL=00000206 [-----P-] CPL=0 II=0 A20=1 SMM=0 HLT=0
ES =0030 0000000000000000 ffffffff 00cf9300 DPL=0 DS   [-WA]
CS =0038 0000000000000000 ffffffff 00af9a00 DPL=0 CS64 [-R-]
SS =0030 0000000000000000 ffffffff 00cf9300 DPL=0 DS   [-WA]
DS =0030 0000000000000000 ffffffff 00cf9300 DPL=0 DS   [-WA]
FS =0030 0000000000000000 ffffffff 00cf9300 DPL=0 DS   [-WA]
GS =0030 0000000000000000 ffffffff 00cf9300 DPL=0 DS   [-WA]
LDT=0000 0000000000000000 0000ffff 00008200 DPL=0 LDT
TR =0000 0000000000000000 0000ffff 00008b00 DPL=0 TSS64-busy
GDT=     000000007f5dc000 00000047
IDT=     000000007f268018 00000fff
CR0=80010033 CR2=0000000000000000 CR3=000000007f801000 CR4=00000668
DR0=0000000000000000 DR1=0000000000000000 DR2=0000000000000000 DR3=0000000000000000 
DR6=00000000ffff0ff0 DR7=0000000000000400
CCS=0000000000000004 CCD=0000000000000066 CCO=EFLAGS
EFER=0000000000000d00
Servicing hardware INT=0x20
    50: v=20 e=0000 i=0 cpl=0 IP=0038:000000007eaf01a9 pc=000000007eaf01a9 SP=0030:000000007ff02550 env->regs[R_EAX]=000000000044c020
RAX=000000000044c020 RBX=000000000044c032 RCX=0000000000000608 RDX=0000000000000608
RSI=000000007ff0268f RDI=000000007ea40018 RBP=000000007ff025a0 RSP=000000007ff02550
R8 =00000000000000af R9 =0000000000000608 R10=000000000000004b R11=000000007ea57718
R12=0000000000000351 R13=000000007ff0268f R14=000000007eaf2050 R15=000000007eaf2060
RIP=000000007eaf01a9 RFL=00000293 [--S-A-C] CPL=0 II=0 A20=1 SMM=0 HLT=0
ES =0030 0000000000000000 ffffffff 00cf9300 DPL=0 DS   [-WA]
CS =0038 0000000000000000 ffffffff 00af9a00 DPL=0 CS64 [-R-]
SS =0030 0000000000000000 ffffffff 00cf9300 DPL=0 DS   [-WA]
DS =0030 0000000000000000 ffffffff 00cf9300 DPL=0 DS   [-WA]
FS =0030 0000000000000000 ffffffff 00cf9300 DPL=0 DS   [-WA]
GS =0030 0000000000000000 ffffffff 00cf9300 DPL=0 DS   [-WA]
LDT=0000 0000000000000000 0000ffff 00008200 DPL=0 LDT
TR =0000 0000000000000000 0000ffff 00008b00 DPL=0 TSS64-busy
GDT=     000000007f5dc000 00000047
IDT=     000000007f268018 00000fff
CR0=80010033 CR2=0000000000000000 CR3=000000007f801000 CR4=00000668
DR0=0000000000000000 DR1=0000000000000000 DR2=0000000000000000 DR3=0000000000000000 
DR6=00000000ffff0ff0 DR7=0000000000000400
CCS=0000000000000091 CCD=fffffffffffffffe CCO=EFLAGS
EFER=0000000000000d00
Servicing hardware INT=0x20
    51: v=20 e=0000 i=0 cpl=0 IP=0038:000000007eaf01a9 pc=000000007eaf01a9 SP=0030:000000007ff02550 env->regs[R_EAX]=0000000000454be4
RAX=0000000000454be4 RBX=0000000000454bf3 RCX=0000000000000608 RDX=0000000000000608
RSI=000000007ff0268f RDI=000000007ea40018 RBP=000000007ff025a0 RSP=000000007ff02550
R8 =00000000000000af R9 =0000000000000608 R10=000000000000004b R11=000000007ea57718
R12=0000000000000213 R13=000000007ff0268f R14=000000007eaf2050 R15=000000007eaf2060
RIP=000000007eaf01a9 RFL=00000293 [--S-A-C] CPL=0 II=0 A20=1 SMM=0 HLT=0
ES =0030 0000000000000000 ffffffff 00cf9300 DPL=0 DS   [-WA]
CS =0038 0000000000000000 ffffffff 00af9a00 DPL=0 CS64 [-R-]
SS =0030 0000000000000000 ffffffff 00cf9300 DPL=0 DS   [-WA]
DS =0030 0000000000000000 ffffffff 00cf9300 DPL=0 DS   [-WA]
FS =0030 0000000000000000 ffffffff 00cf9300 DPL=0 DS   [-WA]
GS =0030 0000000000000000 ffffffff 00cf9300 DPL=0 DS   [-WA]
LDT=0000 0000000000000000 0000ffff 00008200 DPL=0 LDT
TR =0000 0000000000000000 0000ffff 00008b00 DPL=0 TSS64-busy
GDT=     000000007f5dc000 00000047
IDT=     000000007f268018 00000fff
CR0=80010033 CR2=0000000000000000 CR3=000000007f801000 CR4=00000668
DR0=0000000000000000 DR1=0000000000000000 DR2=0000000000000000 DR3=0000000000000000 
DR6=00000000ffff0ff0 DR7=0000000000000400
CCS=0000000000000091 CCD=fffffffffffffffe CCO=EFLAGS
EFER=0000000000000d00
Servicing hardware INT=0x20
    52: v=20 e=0000 i=0 cpl=0 IP=0038:000000007eaf01a9 pc=000000007eaf01a9 SP=0030:000000007ff02550 env->regs[R_EAX]=000000000045d791
RAX=000000000045d791 RBX=000000000045d77d RCX=0000000000000608 RDX=0000000000000608
RSI=000000007ff0268f RDI=000000007ea40018 RBP=000000007ff025a0 RSP=000000007ff02550
R8 =00000000000000af R9 =0000000000000608 R10=000000000000004b R11=000000007ea57718
R12=00000000000000d3 R13=000000007ff0268f R14=000000007eaf2050 R15=000000007eaf2060
RIP=000000007eaf01a9 RFL=00000293 [--S-A-C] CPL=0 II=0 A20=1 SMM=0 HLT=0
ES =0030 0000000000000000 ffffffff 00cf9300 DPL=0 DS   [-WA]
CS =0038 0000000000000000 ffffffff 00af9a00 DPL=0 CS64 [-R-]
SS =0030 0000000000000000 ffffffff 00cf9300 DPL=0 DS   [-WA]
DS =0030 0000000000000000 ffffffff 00cf9300 DPL=0 DS   [-WA]
FS =0030 0000000000000000 ffffffff 00cf9300 DPL=0 DS   [-WA]
GS =0030 0000000000000000 ffffffff 00cf9300 DPL=0 DS   [-WA]
LDT=0000 0000000000000000 0000ffff 00008200 DPL=0 LDT
TR =0000 0000000000000000 0000ffff 00008b00 DPL=0 TSS64-busy
GDT=     000000007f5dc000 00000047
IDT=     000000007f268018 00000fff
CR0=80010033 CR2=0000000000000000 CR3=000000007f801000 CR4=00000668
DR0=0000000000000000 DR1=0000000000000000 DR2=0000000000000000 DR3=0000000000000000 
DR6=00000000ffff0ff0 DR7=0000000000000400
CCS=0000000000000091 CCD=fffffffffffffffe CCO=EFLAGS
EFER=0000000000000d00
Servicing hardware INT=0x20
    53: v=20 e=0000 i=0 cpl=0 IP=0038:000000007ff1932a pc=000000007ff1932a SP=0030:000000007ff02600 env->regs[R_EAX]=00000000000000af
RAX=00000000000000af RBX=0000000000000fff RCX=0000000000000d3b RDX=000000007ea3f000
RSI=000000007f7ff748 RDI=000000007ea3f2c5 RBP=000000007ff02680 RSP=000000007ff02600
R8 =00000000000000af R9 =0000000000000002 R10=000000007f6dbab0 R11=000000007f6dbab0
R12=000000007ea3ffff R13=0000000000000001 R14=000000007ea3f000 R15=000000007ea40000
RIP=000000007ff1932a RFL=00000206 [-----P-] CPL=0 II=0 A20=1 SMM=0 HLT=0
ES =0030 0000000000000000 ffffffff 00cf9300 DPL=0 DS   [-WA]
CS =0038 0000000000000000 ffffffff 00af9a00 DPL=0 CS64 [-R-]
SS =0030 0000000000000000 ffffffff 00cf9300 DPL=0 DS   [-WA]
DS =0030 0000000000000000 ffffffff 00cf9300 DPL=0 DS   [-WA]
FS =0030 0000000000000000 ffffffff 00cf9300 DPL=0 DS   [-WA]
GS =0030 0000000000000000 ffffffff 00cf9300 DPL=0 DS   [-WA]
LDT=0000 0000000000000000 0000ffff 00008200 DPL=0 LDT
TR =0000 0000000000000000 0000ffff 00008b00 DPL=0 TSS64-busy
GDT=     000000007f5dc000 00000047
IDT=     000000007f268018 00000fff
CR0=80010033 CR2=0000000000000000 CR3=000000007f801000 CR4=00000668
DR0=0000000000000000 DR1=0000000000000000 DR2=0000000000000000 DR3=0000000000000000 
DR6=00000000ffff0ff0 DR7=0000000000000400
CCS=0000000000000004 CCD=0000000000001000 CCO=EFLAGS
EFER=0000000000000d00
Servicing hardware INT=0x20
    54: v=20 e=0000 i=0 cpl=0 IP=0038:000000007eb07bcc pc=000000007eb07bcc SP=0030:000000007ff01d80 env->regs[R_EAX]=000000000046ef24
RAX=000000000046ef24 RBX=00000000000003e8 RCX=0000000000000608 RDX=0000000000000608
RSI=000000000046ef0c RDI=0000000000000128 RBP=000000007ff01dd0 RSP=000000007ff01d80
R8 =000000007ff01e0c R9 =0000000000000608 R10=0000000000000000 R11=0000000000000002
R12=000000007ff01f28 R13=0000000000000124 R14=0000000000000124 R15=000000007eacd428
RIP=000000007eb07bcc RFL=00000293 [--S-A-C] CPL=0 II=0 A20=1 SMM=0 HLT=0
ES =0030 0000000000000000 ffffffff 00cf9300 DPL=0 DS   [-WA]
CS =0038 0000000000000000 ffffffff 00af9a00 DPL=0 CS64 [-R-]
SS =0030 0000000000000000 ffffffff 00cf9300 DPL=0 DS   [-WA]
DS =0030 0000000000000000 ffffffff 00cf9300 DPL=0 DS   [-WA]
FS =0030 0000000000000000 ffffffff 00cf9300 DPL=0 DS   [-WA]
GS =0030 0000000000000000 ffffffff 00cf9300 DPL=0 DS   [-WA]
LDT=0000 0000000000000000 0000ffff 00008200 DPL=0 LDT
TR =0000 0000000000000000 0000ffff 00008b00 DPL=0 TSS64-busy
GDT=     000000007f5dc000 00000047
IDT=     000000007f268018 00000fff
CR0=80010033 CR2=0000000000000000 CR3=000000007f801000 CR4=00000668
DR0=0000000000000000 DR1=0000000000000000 DR2=0000000000000000 DR3=0000000000000000 
DR6=00000000ffff0ff0 DR7=0000000000000400
CCS=0000000000000091 CCD=fffffffffffffffe CCO=EFLAGS
EFER=0000000000000d00
Servicing hardware INT=0x20
    55: v=20 e=0000 i=0 cpl=0 IP=0038:000000007eb07c1a pc=000000007eb07c1a SP=0030:000000007ff01de0 env->regs[R_EAX]=0000000000000448
RAX=0000000000000448 RBX=00000000000003e8 RCX=0000000000000608 RDX=0000000000477ae1
RSI=0000000000477f29 RDI=0000000000000128 RBP=000000007ff01e10 RSP=000000007ff01de0
R8 =000000007ff01e0c R9 =0000000000000608 R10=0000000000000000 R11=0000000000000002
R12=000000007ff01f28 R13=0000000000000124 R14=0000000000000124 R15=000000007eacd428
RIP=000000007eb07c1a RFL=00000206 [-----P-] CPL=0 II=0 A20=1 SMM=0 HLT=0
ES =0030 0000000000000000 ffffffff 00cf9300 DPL=0 DS   [-WA]
CS =0038 0000000000000000 ffffffff 00af9a00 DPL=0 CS64 [-R-]
SS =0030 0000000000000000 ffffffff 00cf9300 DPL=0 DS   [-WA]
DS =0030 0000000000000000 ffffffff 00cf9300 DPL=0 DS   [-WA]
FS =0030 0000000000000000 ffffffff 00cf9300 DPL=0 DS   [-WA]
GS =0030 0000000000000000 ffffffff 00cf9300 DPL=0 DS   [-WA]
LDT=0000 0000000000000000 0000ffff 00008200 DPL=0 LDT
TR =0000 0000000000000000 0000ffff 00008b00 DPL=0 TSS64-busy
GDT=     000000007f5dc000 00000047
IDT=     000000007f268018 00000fff
CR0=80010033 CR2=0000000000000000 CR3=000000007f801000 CR4=00000668
DR0=0000000000000000 DR1=0000000000000000 DR2=0000000000000000 DR3=0000000000000000 
DR6=00000000ffff0ff0 DR7=0000000000000400
CCS=0000000000000004 CCD=0000000000000448 CCO=EFLAGS
EFER=0000000000000d00
Servicing hardware INT=0x20
    56: v=20 e=0000 i=0 cpl=0 IP=0038:000000007eb07c1a pc=000000007eb07c1a SP=0030:000000007ff01de0 env->regs[R_EAX]=000000000000052e
RAX=000000000000052e RBX=00000000000003e8 RCX=0000000000000608 RDX=00000000004806a0
RSI=0000000000480bce RDI=00000000000001a8 RBP=000000007ff01e10 RSP=000000007ff01de0
R8 =000000007ff01e0c R9 =0000000000000608 R10=0000000000000000 R11=0000000000000002
R12=000000007ff01f28 R13=00000000000001a4 R14=00000000000001a4 R15=000000007eacd428
RIP=000000007eb07c1a RFL=00000206 [-----P-] CPL=0 II=0 A20=1 SMM=0 HLT=0
ES =0030 0000000000000000 ffffffff 00cf9300 DPL=0 DS   [-WA]
CS =0038 0000000000000000 ffffffff 00af9a00 DPL=0 CS64 [-R-]
SS =0030 0000000000000000 ffffffff 00cf9300 DPL=0 DS   [-WA]
DS =0030 0000000000000000 ffffffff 00cf9300 DPL=0 DS   [-WA]
FS =0030 0000000000000000 ffffffff 00cf9300 DPL=0 DS   [-WA]
GS =0030 0000000000000000 ffffffff 00cf9300 DPL=0 DS   [-WA]
LDT=0000 0000000000000000 0000ffff 00008200 DPL=0 LDT
TR =0000 0000000000000000 0000ffff 00008b00 DPL=0 TSS64-busy
GDT=     000000007f5dc000 00000047
IDT=     000000007f268018 00000fff
CR0=80010033 CR2=0000000000000000 CR3=000000007f801000 CR4=00000668
DR0=0000000000000000 DR1=0000000000000000 DR2=0000000000000000 DR3=0000000000000000 
DR6=00000000ffff0ff0 DR7=0000000000000400
CCS=0000000000000004 CCD=000000000000052e CCO=EFLAGS
EFER=0000000000000d00
Servicing hardware INT=0x20
    57: v=20 e=0000 i=0 cpl=0 IP=0038:000000007eb07c1a pc=000000007eb07c1a SP=0030:000000007ff01de0 env->regs[R_EAX]=0000000000000ddc
RAX=0000000000000ddc RBX=00000000000003e8 RCX=0000000000000608 RDX=0000000000489285
RSI=000000000048a061 RDI=00000000000002a8 RBP=000000007ff01e10 RSP=000000007ff01de0
R8 =000000007ff01e0c R9 =0000000000000608 R10=0000000000000000 R11=0000000000000002
R12=000000007ff01f28 R13=00000000000002a4 R14=00000000000002a4 R15=000000007eacd428
RIP=000000007eb07c1a RFL=00000202 [-------] CPL=0 II=0 A20=1 SMM=0 HLT=0
ES =0030 0000000000000000 ffffffff 00cf9300 DPL=0 DS   [-WA]
CS =0038 0000000000000000 ffffffff 00af9a00 DPL=0 CS64 [-R-]
SS =0030 0000000000000000 ffffffff 00cf9300 DPL=0 DS   [-WA]
DS =0030 0000000000000000 ffffffff 00cf9300 DPL=0 DS   [-WA]
FS =0030 0000000000000000 ffffffff 00cf9300 DPL=0 DS   [-WA]
GS =0030 0000000000000000 ffffffff 00cf9300 DPL=0 DS   [-WA]
LDT=0000 0000000000000000 0000ffff 00008200 DPL=0 LDT
TR =0000 0000000000000000 0000ffff 00008b00 DPL=0 TSS64-busy
GDT=     000000007f5dc000 00000047
IDT=     000000007f268018 00000fff
CR0=80010033 CR2=0000000000000000 CR3=000000007f801000 CR4=00000668
DR0=0000000000000000 DR1=0000000000000000 DR2=0000000000000000 DR3=0000000000000000 
DR6=00000000ffff0ff0 DR7=0000000000000400
CCS=0000000000000000 CCD=0000000000000ddc CCO=EFLAGS
EFER=0000000000000d00
Servicing hardware INT=0x20
    58: v=20 e=0000 i=0 cpl=0 IP=0038:000000007eb07c1a pc=000000007eb07c1a SP=0030:000000007ff01de0 env->regs[R_EAX]=0000000000000cf5
RAX=0000000000000cf5 RBX=00000000000003e8 RCX=0000000000000608 RDX=0000000000491f79
RSI=0000000000492c6e RDI=00000000000002a8 RBP=000000007ff01e10 RSP=000000007ff01de0
R8 =000000007ff01e0c R9 =0000000000000608 R10=0000000000000000 R11=0000000000000002
R12=000000007ff01f28 R13=00000000000002a4 R14=00000000000002a4 R15=000000007eacd428
RIP=000000007eb07c1a RFL=00000206 [-----P-] CPL=0 II=0 A20=1 SMM=0 HLT=0
ES =0030 0000000000000000 ffffffff 00cf9300 DPL=0 DS   [-WA]
CS =0038 0000000000000000 ffffffff 00af9a00 DPL=0 CS64 [-R-]
SS =0030 0000000000000000 ffffffff 00cf9300 DPL=0 DS   [-WA]
DS =0030 0000000000000000 ffffffff 00cf9300 DPL=0 DS   [-WA]
FS =0030 0000000000000000 ffffffff 00cf9300 DPL=0 DS   [-WA]
GS =0030 0000000000000000 ffffffff 00cf9300 DPL=0 DS   [-WA]
LDT=0000 0000000000000000 0000ffff 00008200 DPL=0 LDT
TR =0000 0000000000000000 0000ffff 00008b00 DPL=0 TSS64-busy
GDT=     000000007f5dc000 00000047
IDT=     000000007f268018 00000fff
CR0=80010033 CR2=0000000000000000 CR3=000000007f801000 CR4=00000668
DR0=0000000000000000 DR1=0000000000000000 DR2=0000000000000000 DR3=0000000000000000 
DR6=00000000ffff0ff0 DR7=0000000000000400
CCS=0000000000000004 CCD=0000000000000cf5 CCO=EFLAGS
EFER=0000000000000d00
Servicing hardware INT=0x20
    59: v=20 e=0000 i=0 cpl=0 IP=0038:000000007eb07c1a pc=000000007eb07c1a SP=0030:000000007ff01de0 env->regs[R_EAX]=0000000000000099
RAX=0000000000000099 RBX=00000000000003e8 RCX=0000000000000608 RDX=000000000049aa1f
RSI=000000000049aab8 RDI=0000000000000328 RBP=000000007ff01e10 RSP=000000007ff01de0
R8 =000000007ff01e0c R9 =0000000000000608 R10=0000000000000000 R11=0000000000000002
R12=000000007ff01f28 R13=0000000000000324 R14=0000000000000324 R15=000000007eacd428
RIP=000000007eb07c1a RFL=00000206 [-----P-] CPL=0 II=0 A20=1 SMM=0 HLT=0
ES =0030 0000000000000000 ffffffff 00cf9300 DPL=0 DS   [-WA]
CS =0038 0000000000000000 ffffffff 00af9a00 DPL=0 CS64 [-R-]
SS =0030 0000000000000000 ffffffff 00cf9300 DPL=0 DS   [-WA]
DS =0030 0000000000000000 ffffffff 00cf9300 DPL=0 DS   [-WA]
FS =0030 0000000000000000 ffffffff 00cf9300 DPL=0 DS   [-WA]
GS =0030 0000000000000000 ffffffff 00cf9300 DPL=0 DS   [-WA]
LDT=0000 0000000000000000 0000ffff 00008200 DPL=0 LDT
TR =0000 0000000000000000 0000ffff 00008b00 DPL=0 TSS64-busy
GDT=     000000007f5dc000 00000047
IDT=     000000007f268018 00000fff
CR0=80010033 CR2=0000000000000000 CR3=000000007f801000 CR4=00000668
DR0=0000000000000000 DR1=0000000000000000 DR2=0000000000000000 DR3=0000000000000000 
DR6=00000000ffff0ff0 DR7=0000000000000400
CCS=0000000000000004 CCD=0000000000000099 CCO=EFLAGS
EFER=0000000000000d00
Servicing hardware INT=0x20
    60: v=20 e=0000 i=0 cpl=0 IP=0038:000000007eb07bcc pc=000000007eb07bcc SP=0030:000000007ff01d80 env->regs[R_EAX]=00000000004a365e
RAX=00000000004a365e RBX=00000000000003e8 RCX=0000000000000608 RDX=0000000000000608
RSI=00000000004a3833 RDI=00000000000003a8 RBP=000000007ff01dd0 RSP=000000007ff01d80
R8 =000000007ff01e0c R9 =0000000000000608 R10=0000000000000000 R11=0000000000000002
R12=000000007ff01f28 R13=00000000000003a4 R14=00000000000003a4 R15=000000007eacd428
RIP=000000007eb07bcc RFL=00000293 [--S-A-C] CPL=0 II=0 A20=1 SMM=0 HLT=0
ES =0030 0000000000000000 ffffffff 00cf9300 DPL=0 DS   [-WA]
CS =0038 0000000000000000 ffffffff 00af9a00 DPL=0 CS64 [-R-]
SS =0030 0000000000000000 ffffffff 00cf9300 DPL=0 DS   [-WA]
DS =0030 0000000000000000 ffffffff 00cf9300 DPL=0 DS   [-WA]
FS =0030 0000000000000000 ffffffff 00cf9300 DPL=0 DS   [-WA]
GS =0030 0000000000000000 ffffffff 00cf9300 DPL=0 DS   [-WA]
LDT=0000 0000000000000000 0000ffff 00008200 DPL=0 LDT
TR =0000 0000000000000000 0000ffff 00008b00 DPL=0 TSS64-busy
GDT=     000000007f5dc000 00000047
IDT=     000000007f268018 00000fff
CR0=80010033 CR2=0000000000000000 CR3=000000007f801000 CR4=00000668
DR0=0000000000000000 DR1=0000000000000000 DR2=0000000000000000 DR3=0000000000000000 
DR6=00000000ffff0ff0 DR7=0000000000000400
CCS=0000000000000091 CCD=00000000000001fe CCO=EFLAGS
EFER=0000000000000d00
Servicing hardware INT=0x20
    61: v=20 e=0000 i=0 cpl=0 IP=0038:000000007eb07c1a pc=000000007eb07c1a SP=0030:000000007ff01de0 env->regs[R_EAX]=0000000000000277
RAX=0000000000000277 RBX=00000000000003e8 RCX=0000000000000608 RDX=00000000004ac1d5
RSI=00000000004ac44c RDI=00000000000003a8 RBP=000000007ff01e10 RSP=000000007ff01de0
R8 =000000007ff01e0c R9 =0000000000000608 R10=0000000000000000 R11=0000000000000002
R12=000000007ff01f28 R13=00000000000003a4 R14=00000000000003a4 R15=000000007eacd428
RIP=000000007eb07c1a RFL=00000206 [-----P-] CPL=0 II=0 A20=1 SMM=0 HLT=0
ES =0030 0000000000000000 ffffffff 00cf9300 DPL=0 DS   [-WA]
CS =0038 0000000000000000 ffffffff 00af9a00 DPL=0 CS64 [-R-]
SS =0030 0000000000000000 ffffffff 00cf9300 DPL=0 DS   [-WA]
DS =0030 0000000000000000 ffffffff 00cf9300 DPL=0 DS   [-WA]
FS =0030 0000000000000000 ffffffff 00cf9300 DPL=0 DS   [-WA]
GS =0030 0000000000000000 ffffffff 00cf9300 DPL=0 DS   [-WA]
LDT=0000 0000000000000000 0000ffff 00008200 DPL=0 LDT
TR =0000 0000000000000000 0000ffff 00008b00 DPL=0 TSS64-busy
GDT=     000000007f5dc000 00000047
IDT=     000000007f268018 00000fff
CR0=80010033 CR2=0000000000000000 CR3=000000007f801000 CR4=00000668
DR0=0000000000000000 DR1=0000000000000000 DR2=0000000000000000 DR3=0000000000000000 
DR6=00000000ffff0ff0 DR7=0000000000000400
CCS=0000000000000004 CCD=0000000000000277 CCO=EFLAGS
EFER=0000000000000d00
Servicing hardware INT=0x20
    62: v=20 e=0000 i=0 cpl=0 IP=0038:000000007eb14c5f pc=000000007eb14c5f SP=0030:000000007ff024a8 env->regs[R_EAX]=0000000000000000
RAX=0000000000000000 RBX=000000007ea3ba98 RCX=000000007eb1b520 RDX=000000007ea3ba98
RSI=0000000000000000 RDI=0000000000000800 RBP=000000007ff025e0 RSP=000000007ff024a8
R8 =00000000000000af R9 =0000000000001000 R10=0000000000000000 R11=0000000000000002
R12=000000007eb1b620 R13=000000007ea3a018 R14=0000000000000005 R15=0000000000000000
RIP=000000007eb14c5f RFL=00000246 [---Z-P-] CPL=0 II=0 A20=1 SMM=0 HLT=0
ES =0030 0000000000000000 ffffffff 00cf9300 DPL=0 DS   [-WA]
CS =0038 0000000000000000 ffffffff 00af9a00 DPL=0 CS64 [-R-]
SS =0030 0000000000000000 ffffffff 00cf9300 DPL=0 DS   [-WA]
DS =0030 0000000000000000 ffffffff 00cf9300 DPL=0 DS   [-WA]
FS =0030 0000000000000000 ffffffff 00cf9300 DPL=0 DS   [-WA]
GS =0030 0000000000000000 ffffffff 00cf9300 DPL=0 DS   [-WA]
LDT=0000 0000000000000000 0000ffff 00008200 DPL=0 LDT
TR =0000 0000000000000000 0000ffff 00008b00 DPL=0 TSS64-busy
GDT=     000000007f5dc000 00000047
IDT=     000000007f268018 00000fff
CR0=80010033 CR2=0000000000000000 CR3=000000007f801000 CR4=00000668
DR0=0000000000000000 DR1=0000000000000000 DR2=0000000000000000 DR3=0000000000000000 
DR6=00000000ffff0ff0 DR7=0000000000000400
CCS=0000000000000044 CCD=0000000000000000 CCO=EFLAGS
EFER=0000000000000d00
Servicing hardware INT=0x20
    63: v=20 e=0000 i=0 cpl=0 IP=0038:000000007eb27080 pc=000000007eb27080 SP=0030:000000007ff021c8 env->regs[R_EAX]=0000000000000000
RAX=0000000000000000 RBX=000000007ea3a038 RCX=000000007ea39019 RDX=000000007eb270fd
RSI=000000007eb270fd RDI=0000000000000800 RBP=000000007ff02520 RSP=000000007ff021c8
R8 =0000000000000005 R9 =000000007ea3d253 R10=0000000000000000 R11=0000000000000002
R12=000000007ea3a090 R13=000000007ea39018 R14=000000007ea39018 R15=0000000000000000
RIP=000000007eb27080 RFL=00000202 [-------] CPL=0 II=0 A20=1 SMM=0 HLT=0
ES =0030 0000000000000000 ffffffff 00cf9300 DPL=0 DS   [-WA]
CS =0038 0000000000000000 ffffffff 00af9a00 DPL=0 CS64 [-R-]
SS =0030 0000000000000000 ffffffff 00cf9300 DPL=0 DS   [-WA]
DS =0030 0000000000000000 ffffffff 00cf9300 DPL=0 DS   [-WA]
FS =0030 0000000000000000 ffffffff 00cf9300 DPL=0 DS   [-WA]
GS =0030 0000000000000000 ffffffff 00cf9300 DPL=0 DS   [-WA]
LDT=0000 0000000000000000 0000ffff 00008200 DPL=0 LDT
TR =0000 0000000000000000 0000ffff 00008b00 DPL=0 TSS64-busy
GDT=     000000007f5dc000 00000047
IDT=     000000007f268018 00000fff
CR0=80010033 CR2=0000000000000000 CR3=000000007f801000 CR4=00000668
DR0=0000000000000000 DR1=0000000000000000 DR2=0000000000000000 DR3=0000000000000000 
DR6=00000000ffff0ff0 DR7=0000000000000400
CCS=0000000000000000 CCD=000000007ff021d0 CCO=EFLAGS
EFER=0000000000000d00
Servicing hardware INT=0x20
    64: v=20 e=0000 i=0 cpl=0 IP=0038:000000007eb0c443 pc=000000007eb0c443 SP=0030:000000007ff01aa8 env->regs[R_EAX]=0000000000000000
RAX=0000000000000000 RBX=0000000000000000 RCX=0000000000010d58 RDX=0000000000000000
RSI=0000000000000001 RDI=000000007e9045b0 RBP=000000007ff01b30 RSP=000000007ff01aa8
R8 =0000000000000002 R9 =0000000000000000 R10=000000007ff01be0 R11=0000000000000000
R12=000000007ff01be8 R13=000000007ea3f300 R14=0000000000000002 R15=000000007ff01c08
RIP=000000007eb0c443 RFL=00000246 [---Z-P-] CPL=0 II=0 A20=1 SMM=0 HLT=0
ES =0030 0000000000000000 ffffffff 00cf9300 DPL=0 DS   [-WA]
CS =0038 0000000000000000 ffffffff 00af9a00 DPL=0 CS64 [-R-]
SS =0030 0000000000000000 ffffffff 00cf9300 DPL=0 DS   [-WA]
DS =0030 0000000000000000 ffffffff 00cf9300 DPL=0 DS   [-WA]
FS =0030 0000000000000000 ffffffff 00cf9300 DPL=0 DS   [-WA]
GS =0030 0000000000000000 ffffffff 00cf9300 DPL=0 DS   [-WA]
LDT=0000 0000000000000000 0000ffff 00008200 DPL=0 LDT
TR =0000 0000000000000000 0000ffff 00008b00 DPL=0 TSS64-busy
GDT=     000000007f5dc000 00000047
IDT=     000000007f268018 00000fff
CR0=80010033 CR2=0000000000000000 CR3=000000007f801000 CR4=00000668
DR0=0000000000000000 DR1=0000000000000000 DR2=0000000000000000 DR3=0000000000000000 
DR6=00000000ffff0ff0 DR7=0000000000000400
CCS=0000000000000044 CCD=0000000000000000 CCO=EFLAGS
EFER=0000000000000d00
Servicing hardware INT=0x20
    65: v=20 e=0000 i=0 cpl=0 IP=0038:000000007eb0c443 pc=000000007eb0c443 SP=0030:000000007ff018b8 env->regs[R_EAX]=0000000000000000
RAX=0000000000000000 RBX=0000000000000000 RCX=00000000000133ec RDX=0000000000000000
RSI=0000000000000001 RDI=000000007e8f1110 RBP=000000007ff01940 RSP=000000007ff018b8
R8 =0000000000000002 R9 =0000000000000000 R10=000000007ff019f0 R11=0000000000000000
R12=000000007ff019f8 R13=000000007ea3f300 R14=0000000000000002 R15=000000007ff01a18
RIP=000000007eb0c443 RFL=00000246 [---Z-P-] CPL=0 II=0 A20=1 SMM=0 HLT=0
ES =0030 0000000000000000 ffffffff 00cf9300 DPL=0 DS   [-WA]
CS =0038 0000000000000000 ffffffff 00af9a00 DPL=0 CS64 [-R-]
SS =0030 0000000000000000 ffffffff 00cf9300 DPL=0 DS   [-WA]
DS =0030 0000000000000000 ffffffff 00cf9300 DPL=0 DS   [-WA]
FS =0030 0000000000000000 ffffffff 00cf9300 DPL=0 DS   [-WA]
GS =0030 0000000000000000 ffffffff 00cf9300 DPL=0 DS   [-WA]
LDT=0000 0000000000000000 0000ffff 00008200 DPL=0 LDT
TR =0000 0000000000000000 0000ffff 00008b00 DPL=0 TSS64-busy
GDT=     000000007f5dc000 00000047
IDT=     000000007f268018 00000fff
CR0=80010033 CR2=0000000000000000 CR3=000000007f801000 CR4=00000668
DR0=0000000000000000 DR1=0000000000000000 DR2=0000000000000000 DR3=0000000000000000 
DR6=00000000ffff0ff0 DR7=0000000000000400
CCS=0000000000000044 CCD=0000000000000000 CCO=EFLAGS
EFER=0000000000000d00
Servicing hardware INT=0x20
    66: v=20 e=0000 i=0 cpl=0 IP=0038:000000007eb0c443 pc=000000007eb0c443 SP=0030:000000007ff019a8 env->regs[R_EAX]=0000000000000000
RAX=0000000000000000 RBX=0000000000000000 RCX=000000000000a288 RDX=0000000000000000
RSI=0000000000000001 RDI=000000007e939c30 RBP=000000007ff01a30 RSP=000000007ff019a8
R8 =0000000000000002 R9 =0000000000000000 R10=000000007ff01ae0 R11=0000000000000000
R12=000000007ff01ae8 R13=000000007ea3f300 R14=0000000000000002 R15=000000007ff01b08
RIP=000000007eb0c443 RFL=00000246 [---Z-P-] CPL=0 II=0 A20=1 SMM=0 HLT=0
ES =0030 0000000000000000 ffffffff 00cf9300 DPL=0 DS   [-WA]
CS =0038 0000000000000000 ffffffff 00af9a00 DPL=0 CS64 [-R-]
SS =0030 0000000000000000 ffffffff 00cf9300 DPL=0 DS   [-WA]
DS =0030 0000000000000000 ffffffff 00cf9300 DPL=0 DS   [-WA]
FS =0030 0000000000000000 ffffffff 00cf9300 DPL=0 DS   [-WA]
GS =0030 0000000000000000 ffffffff 00cf9300 DPL=0 DS   [-WA]
LDT=0000 0000000000000000 0000ffff 00008200 DPL=0 LDT
TR =0000 0000000000000000 0000ffff 00008b00 DPL=0 TSS64-busy
GDT=     000000007f5dc000 00000047
IDT=     000000007f268018 00000fff
CR0=80010033 CR2=0000000000000000 CR3=000000007f801000 CR4=00000668
DR0=0000000000000000 DR1=0000000000000000 DR2=0000000000000000 DR3=0000000000000000 
DR6=00000000ffff0ff0 DR7=0000000000000400
CCS=0000000000000044 CCD=0000000000000000 CCO=EFLAGS
EFER=0000000000000d00
Servicing hardware INT=0x20
    67: v=20 e=0000 i=0 cpl=0 IP=0038:000000007ebeaee1 pc=000000007ebeaee1 SP=0030:000000007ff02840 env->regs[R_EAX]=000000007e78b018
RAX=000000007e78b018 RBX=000000007ff02a98 RCX=0000000000000000 RDX=0000000000000000
RSI=000000007ff0287c RDI=0000000000000000 RBP=000000007ff02910 RSP=000000007ff02840
R8 =00000000000000af R9 =000000000000b000 R10=0000000000000000 R11=000000007ff1d400
R12=000000007ebe7018 R13=000000007ee0e798 R14=000000007ff02a58 R15=0000000000000000
RIP=000000007ebeaee1 RFL=00000206 [-----P-] CPL=0 II=0 A20=1 SMM=0 HLT=0
ES =0030 0000000000000000 ffffffff 00cf9300 DPL=0 DS   [-WA]
CS =0038 0000000000000000 ffffffff 00af9a00 DPL=0 CS64 [-R-]
SS =0030 0000000000000000 ffffffff 00cf9300 DPL=0 DS   [-WA]
DS =0030 0000000000000000 ffffffff 00cf9300 DPL=0 DS   [-WA]
FS =0030 0000000000000000 ffffffff 00cf9300 DPL=0 DS   [-WA]
GS =0030 0000000000000000 ffffffff 00cf9300 DPL=0 DS   [-WA]
LDT=0000 0000000000000000 0000ffff 00008200 DPL=0 LDT
TR =0000 0000000000000000 0000ffff 00008b00 DPL=0 TSS64-busy
GDT=     000000007f5dc000 00000047
IDT=     000000007f268018 00000fff
CR0=80010033 CR2=0000000000000000 CR3=000000007f801000 CR4=00000668
DR0=0000000000000000 DR1=0000000000000000 DR2=0000000000000000 DR3=0000000000000000 
DR6=00000000ffff0ff0 DR7=0000000000000400
CCS=0000000000000004 CCD=000000007ff02800 CCO=EFLAGS
EFER=0000000000000d00
Servicing hardware INT=0x20
    68: v=20 e=0000 i=0 cpl=0 IP=0038:000000007ee2f266 pc=000000007ee2f266 SP=0030:000000007ff02698 env->regs[R_EAX]=000000007ee3e680
RAX=000000007ee3e680 RBX=0000000000000004 RCX=000000007ee3e680 RDX=000000007eb97298
RSI=000000007ff02888 RDI=0000000000000001 RBP=000000007ff026d0 RSP=000000007ff02698
R8 =000000007ea36918 R9 =0000000000000000 R10=000000007ff1c180 R11=000000007eb4df60
R12=000000007ea36918 R13=0000000000000000 R14=000000007ff02888 R15=000000007ea36518
RIP=000000007ee2f266 RFL=00000206 [-----P-] CPL=0 II=0 A20=1 SMM=0 HLT=0
ES =0030 0000000000000000 ffffffff 00cf9300 DPL=0 DS   [-WA]
CS =0038 0000000000000000 ffffffff 00af9a00 DPL=0 CS64 [-R-]
SS =0030 0000000000000000 ffffffff 00cf9300 DPL=0 DS   [-WA]
DS =0030 0000000000000000 ffffffff 00cf9300 DPL=0 DS   [-WA]
FS =0030 0000000000000000 ffffffff 00cf9300 DPL=0 DS   [-WA]
GS =0030 0000000000000000 ffffffff 00cf9300 DPL=0 DS   [-WA]
LDT=0000 0000000000000000 0000ffff 00008200 DPL=0 LDT
TR =0000 0000000000000000 0000ffff 00008b00 DPL=0 TSS64-busy
GDT=     000000007f5dc000 00000047
IDT=     000000007f268018 00000fff
CR0=80010033 CR2=0000000000000000 CR3=000000007f801000 CR4=00000668
DR0=0000000000000000 DR1=0000000000000000 DR2=0000000000000000 DR3=0000000000000000 
DR6=00000000ffff0ff0 DR7=0000000000000400
CCS=0000000000000004 CCD=000000007ff026a0 CCO=EFLAGS
EFER=0000000000000d00
Servicing hardware INT=0x20
    69: v=20 e=0000 i=0 cpl=0 IP=0038:000000007ee2e370 pc=000000007ee2e370 SP=0030:000000007ff024f0 env->regs[R_EAX]=00000000000005a9
RAX=00000000000005a9 RBX=00000000004f263f RCX=0000000000000608 RDX=00000000004f2096
RSI=0000000000000000 RDI=0000000000000dfb RBP=000000007ff02500 RSP=000000007ff024f0
R8 =00000000000000af R9 =0000000000000608 R10=0000000000000001 R11=0000000000000001
R12=0000000000000000 R13=000000007e9b0ef8 R14=0000000000000004 R15=000000007e9b0f18
RIP=000000007ee2e370 RFL=00000206 [-----P-] CPL=0 II=0 A20=1 SMM=0 HLT=0
ES =0030 0000000000000000 ffffffff 00cf9300 DPL=0 DS   [-WA]
CS =0038 0000000000000000 ffffffff 00af9a00 DPL=0 CS64 [-R-]
SS =0030 0000000000000000 ffffffff 00cf9300 DPL=0 DS   [-WA]
DS =0030 0000000000000000 ffffffff 00cf9300 DPL=0 DS   [-WA]
FS =0030 0000000000000000 ffffffff 00cf9300 DPL=0 DS   [-WA]
GS =0030 0000000000000000 ffffffff 00cf9300 DPL=0 DS   [-WA]
LDT=0000 0000000000000000 0000ffff 00008200 DPL=0 LDT
TR =0000 0000000000000000 0000ffff 00008b00 DPL=0 TSS64-busy
GDT=     000000007f5dc000 00000047
IDT=     000000007f268018 00000fff
CR0=80010033 CR2=0000000000000000 CR3=000000007f801000 CR4=00000668
DR0=0000000000000000 DR1=0000000000000000 DR2=0000000000000000 DR3=0000000000000000 
DR6=00000000ffff0ff0 DR7=0000000000000400
CCS=0000000000000004 CCD=00000000000005a9 CCO=EFLAGS
EFER=0000000000000d00
Servicing hardware INT=0x20
    70: v=20 e=0000 i=0 cpl=0 IP=0038:000000007ee2e370 pc=000000007ee2e370 SP=0030:000000007ff024f0 env->regs[R_EAX]=00000000000005a9
RAX=00000000000005a9 RBX=00000000004fb248 RCX=0000000000000608 RDX=00000000004fac9f
RSI=0000000000000000 RDI=0000000000000dfb RBP=000000007ff02500 RSP=000000007ff024f0
R8 =00000000000000af R9 =0000000000000608 R10=0000000000000001 R11=0000000000000001
R12=0000000000000000 R13=000000007e9b0ef8 R14=0000000000000004 R15=000000007e9b0f18
RIP=000000007ee2e370 RFL=00000206 [-----P-] CPL=0 II=0 A20=1 SMM=0 HLT=0
ES =0030 0000000000000000 ffffffff 00cf9300 DPL=0 DS   [-WA]
CS =0038 0000000000000000 ffffffff 00af9a00 DPL=0 CS64 [-R-]
SS =0030 0000000000000000 ffffffff 00cf9300 DPL=0 DS   [-WA]
DS =0030 0000000000000000 ffffffff 00cf9300 DPL=0 DS   [-WA]
FS =0030 0000000000000000 ffffffff 00cf9300 DPL=0 DS   [-WA]
GS =0030 0000000000000000 ffffffff 00cf9300 DPL=0 DS   [-WA]
LDT=0000 0000000000000000 0000ffff 00008200 DPL=0 LDT
TR =0000 0000000000000000 0000ffff 00008b00 DPL=0 TSS64-busy
GDT=     000000007f5dc000 00000047
IDT=     000000007f268018 00000fff
CR0=80010033 CR2=0000000000000000 CR3=000000007f801000 CR4=00000668
DR0=0000000000000000 DR1=0000000000000000 DR2=0000000000000000 DR3=0000000000000000 
DR6=00000000ffff0ff0 DR7=0000000000000400
CCS=0000000000000004 CCD=00000000000005a9 CCO=EFLAGS
EFER=0000000000000d00
Servicing hardware INT=0x20
    71: v=20 e=0000 i=0 cpl=0 IP=0038:000000007ee2e370 pc=000000007ee2e370 SP=0030:000000007ff024f0 env->regs[R_EAX]=00000000000006f8
RAX=00000000000006f8 RBX=0000000000503f17 RCX=0000000000000608 RDX=000000000050381f
RSI=0000000000000000 RDI=0000000000000dfb RBP=000000007ff02500 RSP=000000007ff024f0
R8 =00000000000000af R9 =0000000000000608 R10=0000000000000001 R11=0000000000000001
R12=0000000000000000 R13=000000007e9b0ef8 R14=0000000000000004 R15=000000007e9b0f18
RIP=000000007ee2e370 RFL=00000202 [-------] CPL=0 II=0 A20=1 SMM=0 HLT=0
ES =0030 0000000000000000 ffffffff 00cf9300 DPL=0 DS   [-WA]
CS =0038 0000000000000000 ffffffff 00af9a00 DPL=0 CS64 [-R-]
SS =0030 0000000000000000 ffffffff 00cf9300 DPL=0 DS   [-WA]
DS =0030 0000000000000000 ffffffff 00cf9300 DPL=0 DS   [-WA]
FS =0030 0000000000000000 ffffffff 00cf9300 DPL=0 DS   [-WA]
GS =0030 0000000000000000 ffffffff 00cf9300 DPL=0 DS   [-WA]
LDT=0000 0000000000000000 0000ffff 00008200 DPL=0 LDT
TR =0000 0000000000000000 0000ffff 00008b00 DPL=0 TSS64-busy
GDT=     000000007f5dc000 00000047
IDT=     000000007f268018 00000fff
CR0=80010033 CR2=0000000000000000 CR3=000000007f801000 CR4=00000668
DR0=0000000000000000 DR1=0000000000000000 DR2=0000000000000000 DR3=0000000000000000 
DR6=00000000ffff0ff0 DR7=0000000000000400
CCS=0000000000000000 CCD=00000000000006f8 CCO=EFLAGS
EFER=0000000000000d00
Servicing hardware INT=0x20
    72: v=20 e=0000 i=0 cpl=0 IP=0038:000000007ee2e370 pc=000000007ee2e370 SP=0030:000000007ff024f0 env->regs[R_EAX]=0000000000000700
RAX=0000000000000700 RBX=000000000050cb0c RCX=0000000000000608 RDX=000000000050c40c
RSI=0000000000000000 RDI=0000000000000dfb RBP=000000007ff02500 RSP=000000007ff024f0
R8 =00000000000000af R9 =0000000000000608 R10=0000000000000001 R11=0000000000000001
R12=0000000000000000 R13=000000007e9b0ef8 R14=0000000000000004 R15=000000007e9b0f18
RIP=000000007ee2e370 RFL=00000206 [-----P-] CPL=0 II=0 A20=1 SMM=0 HLT=0
ES =0030 0000000000000000 ffffffff 00cf9300 DPL=0 DS   [-WA]
CS =0038 0000000000000000 ffffffff 00af9a00 DPL=0 CS64 [-R-]
SS =0030 0000000000000000 ffffffff 00cf9300 DPL=0 DS   [-WA]
DS =0030 0000000000000000 ffffffff 00cf9300 DPL=0 DS   [-WA]
FS =0030 0000000000000000 ffffffff 00cf9300 DPL=0 DS   [-WA]
GS =0030 0000000000000000 ffffffff 00cf9300 DPL=0 DS   [-WA]
LDT=0000 0000000000000000 0000ffff 00008200 DPL=0 LDT
TR =0000 0000000000000000 0000ffff 00008b00 DPL=0 TSS64-busy
GDT=     000000007f5dc000 00000047
IDT=     000000007f268018 00000fff
CR0=80010033 CR2=0000000000000000 CR3=000000007f801000 CR4=00000668
DR0=0000000000000000 DR1=0000000000000000 DR2=0000000000000000 DR3=0000000000000000 
DR6=00000000ffff0ff0 DR7=0000000000000400
CCS=0000000000000004 CCD=0000000000000700 CCO=EFLAGS
EFER=0000000000000d00
Servicing hardware INT=0x20
    73: v=20 e=0000 i=0 cpl=0 IP=0038:000000007e990bbf pc=000000007e990bbf SP=0030:000000007ff024e0 env->regs[R_EAX]=0000000000000000
RAX=0000000000000000 RBX=000000007e9b24c8 RCX=000000007ee3e680 RDX=0000000000000008
RSI=000000007e9b252e RDI=000000007e9b24c8 RBP=000000007e9b2808 RSP=000000007ff024e0
R8 =00000000000000af R9 =000000007ff1a880 R10=0000000000000080 R11=000000007ff1d458
R12=000000007e9b2348 R13=000000007e9b2c60 R14=000000007ff02578 R15=000000007e9b2ca0
RIP=000000007e990bbf RFL=00000246 [---Z-P-] CPL=0 II=0 A20=1 SMM=0 HLT=0
ES =0030 0000000000000000 ffffffff 00cf9300 DPL=0 DS   [-WA]
CS =0038 0000000000000000 ffffffff 00af9a00 DPL=0 CS64 [-R-]
SS =0030 0000000000000000 ffffffff 00cf9300 DPL=0 DS   [-WA]
DS =0030 0000000000000000 ffffffff 00cf9300 DPL=0 DS   [-WA]
FS =0030 0000000000000000 ffffffff 00cf9300 DPL=0 DS   [-WA]
GS =0030 0000000000000000 ffffffff 00cf9300 DPL=0 DS   [-WA]
LDT=0000 0000000000000000 0000ffff 00008200 DPL=0 LDT
TR =0000 0000000000000000 0000ffff 00008b00 DPL=0 TSS64-busy
GDT=     000000007f5dc000 00000047
IDT=     000000007f268018 00000fff
CR0=80010033 CR2=0000000000000000 CR3=000000007f801000 CR4=00000668
DR0=0000000000000000 DR1=0000000000000000 DR2=0000000000000000 DR3=0000000000000000 
DR6=00000000ffff0ff0 DR7=0000000000000400
CCS=0000000000000044 CCD=0000000000000000 CCO=EFLAGS
EFER=0000000000000d00
Servicing hardware INT=0x20
    74: v=20 e=0000 i=0 cpl=0 IP=0038:000000007eb0c443 pc=000000007eb0c443 SP=0030:000000007ff01c88 env->regs[R_EAX]=0000000000000000
RAX=0000000000000000 RBX=0000000000000000 RCX=00000000000045a7 RDX=0000000000000000
RSI=0000000000000001 RDI=000000007e968338 RBP=000000007ff01d10 RSP=000000007ff01c88
R8 =0000000000000002 R9 =0000000000000000 R10=000000007ff01dc0 R11=0000000000000000
R12=000000007ff01dc8 R13=000000007ea3f300 R14=0000000000000002 R15=000000007ff01de8
RIP=000000007eb0c443 RFL=00000246 [---Z-P-] CPL=0 II=0 A20=1 SMM=0 HLT=0
ES =0030 0000000000000000 ffffffff 00cf9300 DPL=0 DS   [-WA]
CS =0038 0000000000000000 ffffffff 00af9a00 DPL=0 CS64 [-R-]
SS =0030 0000000000000000 ffffffff 00cf9300 DPL=0 DS   [-WA]
DS =0030 0000000000000000 ffffffff 00cf9300 DPL=0 DS   [-WA]
FS =0030 0000000000000000 ffffffff 00cf9300 DPL=0 DS   [-WA]
GS =0030 0000000000000000 ffffffff 00cf9300 DPL=0 DS   [-WA]
LDT=0000 0000000000000000 0000ffff 00008200 DPL=0 LDT
TR =0000 0000000000000000 0000ffff 00008b00 DPL=0 TSS64-busy
GDT=     000000007f5dc000 00000047
IDT=     000000007f268018 00000fff
CR0=80010033 CR2=0000000000000000 CR3=000000007f801000 CR4=00000668
DR0=0000000000000000 DR1=0000000000000000 DR2=0000000000000000 DR3=0000000000000000 
DR6=00000000ffff0ff0 DR7=0000000000000400
CCS=0000000000000044 CCD=0000000000000000 CCO=EFLAGS
EFER=0000000000000d00
Servicing hardware INT=0x20
    75: v=20 e=0000 i=0 cpl=0 IP=0038:000000007eb0c443 pc=000000007eb0c443 SP=0030:000000007ff01ac8 env->regs[R_EAX]=0000000000000000
RAX=0000000000000000 RBX=0000000000000000 RCX=0000000000000252 RDX=0000000000000000
RSI=0000000000000001 RDI=000000007e989de0 RBP=000000007ff01b50 RSP=000000007ff01ac8
R8 =0000000000000002 R9 =0000000000000000 R10=000000007ff01c00 R11=0000000000000000
R12=000000007ff01c08 R13=000000007ea3f300 R14=0000000000000002 R15=000000007ff01c28
RIP=000000007eb0c443 RFL=00000246 [---Z-P-] CPL=0 II=0 A20=1 SMM=0 HLT=0
ES =0030 0000000000000000 ffffffff 00cf9300 DPL=0 DS   [-WA]
CS =0038 0000000000000000 ffffffff 00af9a00 DPL=0 CS64 [-R-]
SS =0030 0000000000000000 ffffffff 00cf9300 DPL=0 DS   [-WA]
DS =0030 0000000000000000 ffffffff 00cf9300 DPL=0 DS   [-WA]
FS =0030 0000000000000000 ffffffff 00cf9300 DPL=0 DS   [-WA]
GS =0030 0000000000000000 ffffffff 00cf9300 DPL=0 DS   [-WA]
LDT=0000 0000000000000000 0000ffff 00008200 DPL=0 LDT
TR =0000 0000000000000000 0000ffff 00008b00 DPL=0 TSS64-busy
GDT=     000000007f5dc000 00000047
IDT=     000000007f268018 00000fff
CR0=80010033 CR2=0000000000000000 CR3=000000007f801000 CR4=00000668
DR0=0000000000000000 DR1=0000000000000000 DR2=0000000000000000 DR3=0000000000000000 
DR6=00000000ffff0ff0 DR7=0000000000000400
CCS=0000000000000044 CCD=0000000000000000 CCO=EFLAGS
EFER=0000000000000d00
Servicing hardware INT=0x20
    76: v=20 e=0000 i=0 cpl=0 IP=0038:000000007eb0c443 pc=000000007eb0c443 SP=0030:000000007ff01948 env->regs[R_EAX]=0000000000000000
RAX=0000000000000000 RBX=0000000000000000 RCX=0000000000011956 RDX=0000000000000000
RSI=0000000000000000 RDI=000000007e8fe5c0 RBP=000000007ff019d0 RSP=000000007ff01948
R8 =0000000000000002 R9 =0000000000000000 R10=0000000011e1a300 R11=0000000000000000
R12=000000007ff01a78 R13=000000007ea3f300 R14=0000000000000002 R15=000000007ff01a98
RIP=000000007eb0c443 RFL=00000246 [---Z-P-] CPL=0 II=0 A20=1 SMM=0 HLT=0
ES =0030 0000000000000000 ffffffff 00cf9300 DPL=0 DS   [-WA]
CS =0038 0000000000000000 ffffffff 00af9a00 DPL=0 CS64 [-R-]
SS =0030 0000000000000000 ffffffff 00cf9300 DPL=0 DS   [-WA]
DS =0030 0000000000000000 ffffffff 00cf9300 DPL=0 DS   [-WA]
FS =0030 0000000000000000 ffffffff 00cf9300 DPL=0 DS   [-WA]
GS =0030 0000000000000000 ffffffff 00cf9300 DPL=0 DS   [-WA]
LDT=0000 0000000000000000 0000ffff 00008200 DPL=0 LDT
TR =0000 0000000000000000 0000ffff 00008b00 DPL=0 TSS64-busy
GDT=     000000007f5dc000 00000047
IDT=     000000007f268018 00000fff
CR0=80010033 CR2=0000000000000000 CR3=000000007f801000 CR4=00000668
DR0=0000000000000000 DR1=0000000000000000 DR2=0000000000000000 DR3=0000000000000000 
DR6=00000000ffff0ff0 DR7=0000000000000400
CCS=0000000000000044 CCD=0000000000000000 CCO=EFLAGS
EFER=0000000000000d00
Servicing hardware INT=0x20
    77: v=20 e=0000 i=0 cpl=0 IP=0038:000000007ee2f266 pc=000000007ee2f266 SP=0030:000000007ff02698 env->regs[R_EAX]=000000007ee3e680
RAX=000000007ee3e680 RBX=0000000000000004 RCX=000000007ee3e680 RDX=000000007eb6d698
RSI=000000007ff02888 RDI=0000000000000001 RBP=000000007ff026d0 RSP=000000007ff02698
R8 =000000007e792998 R9 =0000000000000000 R10=0000000000000000 R11=000000007eb4df60
R12=000000007e792998 R13=0000000000000000 R14=000000007ff02888 R15=000000007e792198
RIP=000000007ee2f266 RFL=00000206 [-----P-] CPL=0 II=0 A20=1 SMM=0 HLT=0
ES =0030 0000000000000000 ffffffff 00cf9300 DPL=0 DS   [-WA]
CS =0038 0000000000000000 ffffffff 00af9a00 DPL=0 CS64 [-R-]
SS =0030 0000000000000000 ffffffff 00cf9300 DPL=0 DS   [-WA]
DS =0030 0000000000000000 ffffffff 00cf9300 DPL=0 DS   [-WA]
FS =0030 0000000000000000 ffffffff 00cf9300 DPL=0 DS   [-WA]
GS =0030 0000000000000000 ffffffff 00cf9300 DPL=0 DS   [-WA]
LDT=0000 0000000000000000 0000ffff 00008200 DPL=0 LDT
TR =0000 0000000000000000 0000ffff 00008b00 DPL=0 TSS64-busy
GDT=     000000007f5dc000 00000047
IDT=     000000007f268018 00000fff
CR0=80010033 CR2=0000000000000000 CR3=000000007f801000 CR4=00000668
DR0=0000000000000000 DR1=0000000000000000 DR2=0000000000000000 DR3=0000000000000000 
DR6=00000000ffff0ff0 DR7=0000000000000400
CCS=0000000000000004 CCD=000000007ff026a0 CCO=EFLAGS
EFER=0000000000000d00
Servicing hardware INT=0x20
    78: v=20 e=0000 i=0 cpl=0 IP=0038:000000007eb2e9d0 pc=000000007eb2e9d0 SP=0030:000000007ff02558 env->regs[R_EAX]=8000000000000003
RAX=8000000000000003 RBX=000000007eb4fb18 RCX=000000007ff025b8 RDX=0000000000000010
RSI=0000000000000000 RDI=000000007eb2eb70 RBP=000000007ff02600 RSP=000000007ff02558
R8 =00000000000000ff R9 =000000007eb69318 R10=000000007ff1c180 R11=000000007eb4df60
R12=000000007eb2eb00 R13=0000000000000000 R14=000000007ff025b8 R15=000000007eb2eb00
RIP=000000007eb2e9d0 RFL=00000206 [-----P-] CPL=0 II=0 A20=1 SMM=0 HLT=0
ES =0030 0000000000000000 ffffffff 00cf9300 DPL=0 DS   [-WA]
CS =0038 0000000000000000 ffffffff 00af9a00 DPL=0 CS64 [-R-]
SS =0030 0000000000000000 ffffffff 00cf9300 DPL=0 DS   [-WA]
DS =0030 0000000000000000 ffffffff 00cf9300 DPL=0 DS   [-WA]
FS =0030 0000000000000000 ffffffff 00cf9300 DPL=0 DS   [-WA]
GS =0030 0000000000000000 ffffffff 00cf9300 DPL=0 DS   [-WA]
LDT=0000 0000000000000000 0000ffff 00008200 DPL=0 LDT
TR =0000 0000000000000000 0000ffff 00008b00 DPL=0 TSS64-busy
GDT=     000000007f5dc000 00000047
IDT=     000000007f268018 00000fff
CR0=80010033 CR2=0000000000000000 CR3=000000007f801000 CR4=00000668
DR0=0000000000000000 DR1=0000000000000000 DR2=0000000000000000 DR3=0000000000000000 
DR6=00000000ffff0ff0 DR7=0000000000000400
CCS=0000000000000004 CCD=000000007ff02560 CCO=EFLAGS
EFER=0000000000000d00
Servicing hardware INT=0x20
    79: v=20 e=0000 i=0 cpl=0 IP=0038:000000007eb0c443 pc=000000007eb0c443 SP=0030:000000007ff01bb8 env->regs[R_EAX]=0000000000000000
RAX=0000000000000000 RBX=0000000000000000 RCX=0000000000009bc0 RDX=0000000000000000
RSI=0000000000000001 RDI=000000007e93d270 RBP=000000007ff01c40 RSP=000000007ff01bb8
R8 =0000000000000002 R9 =0000000000000000 R10=000000007ff01cf0 R11=0000000000000000
R12=000000007ff01cf8 R13=000000007ea3f300 R14=0000000000000002 R15=000000007ff01d18
RIP=000000007eb0c443 RFL=00000246 [---Z-P-] CPL=0 II=0 A20=1 SMM=0 HLT=0
ES =0030 0000000000000000 ffffffff 00cf9300 DPL=0 DS   [-WA]
CS =0038 0000000000000000 ffffffff 00af9a00 DPL=0 CS64 [-R-]
SS =0030 0000000000000000 ffffffff 00cf9300 DPL=0 DS   [-WA]
DS =0030 0000000000000000 ffffffff 00cf9300 DPL=0 DS   [-WA]
FS =0030 0000000000000000 ffffffff 00cf9300 DPL=0 DS   [-WA]
GS =0030 0000000000000000 ffffffff 00cf9300 DPL=0 DS   [-WA]
LDT=0000 0000000000000000 0000ffff 00008200 DPL=0 LDT
TR =0000 0000000000000000 0000ffff 00008b00 DPL=0 TSS64-busy
GDT=     000000007f5dc000 00000047
IDT=     000000007f268018 00000fff
CR0=80010033 CR2=0000000000000000 CR3=000000007f801000 CR4=00000668
DR0=0000000000000000 DR1=0000000000000000 DR2=0000000000000000 DR3=0000000000000000 
DR6=00000000ffff0ff0 DR7=0000000000000400
CCS=0000000000000044 CCD=0000000000000000 CCO=EFLAGS
EFER=0000000000000d00
Servicing hardware INT=0x20
    80: v=20 e=0000 i=0 cpl=0 IP=0038:000000007eb0c443 pc=000000007eb0c443 SP=0030:000000007ff01a38 env->regs[R_EAX]=0000000000000000
RAX=0000000000000000 RBX=0000000000000000 RCX=000000000001b962 RDX=0000000000000000
RSI=0000000000000000 RDI=000000007e8ae560 RBP=000000007ff01ac0 RSP=000000007ff01a38
R8 =0000000000000002 R9 =0000000000000000 R10=0000000011e1a300 R11=0000000000000000
R12=000000007ff01b68 R13=000000007ea3f300 R14=0000000000000002 R15=000000007ff01b88
RIP=000000007eb0c443 RFL=00000246 [---Z-P-] CPL=0 II=0 A20=1 SMM=0 HLT=0
ES =0030 0000000000000000 ffffffff 00cf9300 DPL=0 DS   [-WA]
CS =0038 0000000000000000 ffffffff 00af9a00 DPL=0 CS64 [-R-]
SS =0030 0000000000000000 ffffffff 00cf9300 DPL=0 DS   [-WA]
DS =0030 0000000000000000 ffffffff 00cf9300 DPL=0 DS   [-WA]
FS =0030 0000000000000000 ffffffff 00cf9300 DPL=0 DS   [-WA]
GS =0030 0000000000000000 ffffffff 00cf9300 DPL=0 DS   [-WA]
LDT=0000 0000000000000000 0000ffff 00008200 DPL=0 LDT
TR =0000 0000000000000000 0000ffff 00008b00 DPL=0 TSS64-busy
GDT=     000000007f5dc000 00000047
IDT=     000000007f268018 00000fff
CR0=80010033 CR2=0000000000000000 CR3=000000007f801000 CR4=00000668
DR0=0000000000000000 DR1=0000000000000000 DR2=0000000000000000 DR3=0000000000000000 
DR6=00000000ffff0ff0 DR7=0000000000000400
CCS=0000000000000044 CCD=0000000000000000 CCO=EFLAGS
EFER=0000000000000d00
Servicing hardware INT=0x20
    81: v=20 e=0000 i=0 cpl=0 IP=0038:000000007eb0c443 pc=000000007eb0c443 SP=0030:000000007ff01e28 env->regs[R_EAX]=0000000000000000
RAX=0000000000000000 RBX=0000000000000000 RCX=000000000001189f RDX=0000000000000000
RSI=0000000000000001 RDI=000000007e8feb78 RBP=000000007ff01eb0 RSP=000000007ff01e28
R8 =0000000000000002 R9 =0000000000000000 R10=000000007ff01f60 R11=0000000000000000
R12=000000007ff01f68 R13=000000007ea3f300 R14=0000000000000002 R15=000000007ff01f88
RIP=000000007eb0c443 RFL=00000246 [---Z-P-] CPL=0 II=0 A20=1 SMM=0 HLT=0
ES =0030 0000000000000000 ffffffff 00cf9300 DPL=0 DS   [-WA]
CS =0038 0000000000000000 ffffffff 00af9a00 DPL=0 CS64 [-R-]
SS =0030 0000000000000000 ffffffff 00cf9300 DPL=0 DS   [-WA]
DS =0030 0000000000000000 ffffffff 00cf9300 DPL=0 DS   [-WA]
FS =0030 0000000000000000 ffffffff 00cf9300 DPL=0 DS   [-WA]
GS =0030 0000000000000000 ffffffff 00cf9300 DPL=0 DS   [-WA]
LDT=0000 0000000000000000 0000ffff 00008200 DPL=0 LDT
TR =0000 0000000000000000 0000ffff 00008b00 DPL=0 TSS64-busy
GDT=     000000007f5dc000 00000047
IDT=     000000007f268018 00000fff
CR0=80010033 CR2=0000000000000000 CR3=000000007f801000 CR4=00000668
DR0=0000000000000000 DR1=0000000000000000 DR2=0000000000000000 DR3=0000000000000000 
DR6=00000000ffff0ff0 DR7=0000000000000400
CCS=0000000000000044 CCD=0000000000000000 CCO=EFLAGS
EFER=0000000000000d00
Servicing hardware INT=0x20
    82: v=20 e=0000 i=0 cpl=0 IP=0038:000000007eb07bcc pc=000000007eb07bcc SP=0030:000000007ff01c30 env->regs[R_EAX]=0000000000563b6c
RAX=0000000000563b6c RBX=0000000000000064 RCX=0000000000000608 RDX=0000000000000608
RSI=0000000000563b0b RDI=000000007eacd428 RBP=000000007ff01c80 RSP=000000007ff01c30
R8 =000000007ff01c8c R9 =0000000000000608 R10=0000000000000000 R11=0000000000000002
R12=0000000000000000 R13=0000000000000002 R14=0000000000000000 R15=8000000000000006
RIP=000000007eb07bcc RFL=00000293 [--S-A-C] CPL=0 II=0 A20=1 SMM=0 HLT=0
ES =0030 0000000000000000 ffffffff 00cf9300 DPL=0 DS   [-WA]
CS =0038 0000000000000000 ffffffff 00af9a00 DPL=0 CS64 [-R-]
SS =0030 0000000000000000 ffffffff 00cf9300 DPL=0 DS   [-WA]
DS =0030 0000000000000000 ffffffff 00cf9300 DPL=0 DS   [-WA]
FS =0030 0000000000000000 ffffffff 00cf9300 DPL=0 DS   [-WA]
GS =0030 0000000000000000 ffffffff 00cf9300 DPL=0 DS   [-WA]
LDT=0000 0000000000000000 0000ffff 00008200 DPL=0 LDT
TR =0000 0000000000000000 0000ffff 00008b00 DPL=0 TSS64-busy
GDT=     000000007f5dc000 00000047
IDT=     000000007f268018 00000fff
CR0=80010033 CR2=0000000000000000 CR3=000000007f801000 CR4=00000668
DR0=0000000000000000 DR1=0000000000000000 DR2=0000000000000000 DR3=0000000000000000 
DR6=00000000ffff0ff0 DR7=0000000000000400
CCS=0000000000000091 CCD=fffffffffffffffe CCO=EFLAGS
EFER=0000000000000d00
Servicing hardware INT=0x20
    83: v=20 e=0000 i=0 cpl=0 IP=0038:000000007eb0c443 pc=000000007eb0c443 SP=0030:000000007ff01b28 env->regs[R_EAX]=0000000000000000
RAX=0000000000000000 RBX=0000000000000000 RCX=000000000000f8f5 RDX=0000000000000000
RSI=0000000000000000 RDI=000000007e90e8c8 RBP=000000007ff01bb0 RSP=000000007ff01b28
R8 =0000000000000002 R9 =0000000000000000 R10=0000000011e1a300 R11=0000000000000000
R12=000000007ff01c58 R13=000000007ea3f300 R14=0000000000000002 R15=000000007ff01c78
RIP=000000007eb0c443 RFL=00000246 [---Z-P-] CPL=0 II=0 A20=1 SMM=0 HLT=0
ES =0030 0000000000000000 ffffffff 00cf9300 DPL=0 DS   [-WA]
CS =0038 0000000000000000 ffffffff 00af9a00 DPL=0 CS64 [-R-]
SS =0030 0000000000000000 ffffffff 00cf9300 DPL=0 DS   [-WA]
DS =0030 0000000000000000 ffffffff 00cf9300 DPL=0 DS   [-WA]
FS =0030 0000000000000000 ffffffff 00cf9300 DPL=0 DS   [-WA]
GS =0030 0000000000000000 ffffffff 00cf9300 DPL=0 DS   [-WA]
LDT=0000 0000000000000000 0000ffff 00008200 DPL=0 LDT
TR =0000 0000000000000000 0000ffff 00008b00 DPL=0 TSS64-busy
GDT=     000000007f5dc000 00000047
IDT=     000000007f268018 00000fff
CR0=80010033 CR2=0000000000000000 CR3=000000007f801000 CR4=00000668
DR0=0000000000000000 DR1=0000000000000000 DR2=0000000000000000 DR3=0000000000000000 
DR6=00000000ffff0ff0 DR7=0000000000000400
CCS=0000000000000044 CCD=0000000000000000 CCO=EFLAGS
EFER=0000000000000d00
Servicing hardware INT=0x20
    84: v=20 e=0000 i=0 cpl=0 IP=0038:000000007eb0c443 pc=000000007eb0c443 SP=0030:000000007ff01dd8 env->regs[R_EAX]=0000000000000000
RAX=0000000000000000 RBX=0000000000000000 RCX=00000000000032dc RDX=0000000000000000
RSI=0000000000000000 RDI=000000007e971990 RBP=000000007ff01e60 RSP=000000007ff01dd8
R8 =0000000000000002 R9 =0000000000000000 R10=0000000011e1a300 R11=0000000000000000
R12=000000007ff01f08 R13=000000007ea3f300 R14=0000000000000002 R15=000000007ff01f28
RIP=000000007eb0c443 RFL=00000246 [---Z-P-] CPL=0 II=0 A20=1 SMM=0 HLT=0
ES =0030 0000000000000000 ffffffff 00cf9300 DPL=0 DS   [-WA]
CS =0038 0000000000000000 ffffffff 00af9a00 DPL=0 CS64 [-R-]
SS =0030 0000000000000000 ffffffff 00cf9300 DPL=0 DS   [-WA]
DS =0030 0000000000000000 ffffffff 00cf9300 DPL=0 DS   [-WA]
FS =0030 0000000000000000 ffffffff 00cf9300 DPL=0 DS   [-WA]
GS =0030 0000000000000000 ffffffff 00cf9300 DPL=0 DS   [-WA]
LDT=0000 0000000000000000 0000ffff 00008200 DPL=0 LDT
TR =0000 0000000000000000 0000ffff 00008b00 DPL=0 TSS64-busy
GDT=     000000007f5dc000 00000047
IDT=     000000007f268018 00000fff
CR0=80010033 CR2=0000000000000000 CR3=000000007f801000 CR4=00000668
DR0=0000000000000000 DR1=0000000000000000 DR2=0000000000000000 DR3=0000000000000000 
DR6=00000000ffff0ff0 DR7=0000000000000400
CCS=0000000000000044 CCD=0000000000000000 CCO=EFLAGS
EFER=0000000000000d00
Servicing hardware INT=0x20
    85: v=20 e=0000 i=0 cpl=0 IP=0038:000000007f6d8f41 pc=000000007f6d8f41 SP=0030:000000007ff02670 env->regs[R_EAX]=000000007f5cc398
RAX=000000007f5cc398 RBX=000000007ee24298 RCX=00000000000016e8 RDX=000000000000c8b4
RSI=000000000000df9c RDI=000000007ff1ce70 RBP=000000007ff026b0 RSP=000000007ff02670
R8 =000000007ff1ce60 R9 =0000000000000000 R10=000000007ff027d8 R11=0000000000000004
R12=000000007ee242e0 R13=0000000000000100 R14=000000007ff24960 R15=000000007ff24a60
RIP=000000007f6d8f41 RFL=00000206 [-----P-] CPL=0 II=0 A20=1 SMM=0 HLT=0
ES =0030 0000000000000000 ffffffff 00cf9300 DPL=0 DS   [-WA]
CS =0038 0000000000000000 ffffffff 00af9a00 DPL=0 CS64 [-R-]
SS =0030 0000000000000000 ffffffff 00cf9300 DPL=0 DS   [-WA]
DS =0030 0000000000000000 ffffffff 00cf9300 DPL=0 DS   [-WA]
FS =0030 0000000000000000 ffffffff 00cf9300 DPL=0 DS   [-WA]
GS =0030 0000000000000000 ffffffff 00cf9300 DPL=0 DS   [-WA]
LDT=0000 0000000000000000 0000ffff 00008200 DPL=0 LDT
TR =0000 0000000000000000 0000ffff 00008b00 DPL=0 TSS64-busy
GDT=     000000007f5dc000 00000047
IDT=     000000007f268018 00000fff
CR0=80010033 CR2=0000000000000000 CR3=000000007f801000 CR4=00000668
DR0=0000000000000000 DR1=0000000000000000 DR2=0000000000000000 DR3=0000000000000000 
DR6=00000000ffff0ff0 DR7=0000000000000400
CCS=0000000000000004 CCD=000000000000a0b4 CCO=EFLAGS
EFER=0000000000000d00
Servicing hardware INT=0x20
    86: v=20 e=0000 i=0 cpl=0 IP=0038:000000007f262c5c pc=000000007f262c5c SP=0030:000000007ff018a0 env->regs[R_EAX]=0000000000000000
RAX=0000000000000000 RBX=0000000081084218 RCX=0000000000000004 RDX=000000007f262f18
RSI=0000000000000002 RDI=0000000000000000 RBP=000000007ff01920 RSP=000000007ff018a0
R8 =000000007ff019f0 R9 =0000000081084218 R10=0000000000000000 R11=0000000000000002
R12=000000007ff019f0 R13=0000000000000001 R14=000000000300c016 R15=0000000000000004
RIP=000000007f262c5c RFL=00000246 [---Z-P-] CPL=0 II=0 A20=1 SMM=0 HLT=0
ES =0030 0000000000000000 ffffffff 00cf9300 DPL=0 DS   [-WA]
CS =0038 0000000000000000 ffffffff 00af9a00 DPL=0 CS64 [-R-]
SS =0030 0000000000000000 ffffffff 00cf9300 DPL=0 DS   [-WA]
DS =0030 0000000000000000 ffffffff 00cf9300 DPL=0 DS   [-WA]
FS =0030 0000000000000000 ffffffff 00cf9300 DPL=0 DS   [-WA]
GS =0030 0000000000000000 ffffffff 00cf9300 DPL=0 DS   [-WA]
LDT=0000 0000000000000000 0000ffff 00008200 DPL=0 LDT
TR =0000 0000000000000000 0000ffff 00008b00 DPL=0 TSS64-busy
GDT=     000000007f5dc000 00000047
IDT=     000000007f268018 00000fff
CR0=80010033 CR2=0000000000000000 CR3=000000007f801000 CR4=00000668
DR0=0000000000000000 DR1=0000000000000000 DR2=0000000000000000 DR3=0000000000000000 
DR6=00000000ffff0ff0 DR7=0000000000000400
CCS=0000000000000044 CCD=0000000000000000 CCO=EFLAGS
EFER=0000000000000d00
Servicing hardware INT=0x20
    87: v=20 e=0000 i=0 cpl=0 IP=0038:000000007eb0c443 pc=000000007eb0c443 SP=0030:000000007ff018c8 env->regs[R_EAX]=0000000000000000
RAX=0000000000000000 RBX=0000000000000000 RCX=0000000000010b45 RDX=0000000000000000
RSI=0000000000000001 RDI=000000007e905648 RBP=000000007ff01950 RSP=000000007ff018c8
R8 =0000000000000002 R9 =0000000000000000 R10=000000007ff01a00 R11=0000000000000000
R12=000000007ff01a08 R13=000000007ea3f300 R14=0000000000000002 R15=000000007ff01a28
RIP=000000007eb0c443 RFL=00000246 [---Z-P-] CPL=0 II=0 A20=1 SMM=0 HLT=0
ES =0030 0000000000000000 ffffffff 00cf9300 DPL=0 DS   [-WA]
CS =0038 0000000000000000 ffffffff 00af9a00 DPL=0 CS64 [-R-]
SS =0030 0000000000000000 ffffffff 00cf9300 DPL=0 DS   [-WA]
DS =0030 0000000000000000 ffffffff 00cf9300 DPL=0 DS   [-WA]
FS =0030 0000000000000000 ffffffff 00cf9300 DPL=0 DS   [-WA]
GS =0030 0000000000000000 ffffffff 00cf9300 DPL=0 DS   [-WA]
LDT=0000 0000000000000000 0000ffff 00008200 DPL=0 LDT
TR =0000 0000000000000000 0000ffff 00008b00 DPL=0 TSS64-busy
GDT=     000000007f5dc000 00000047
IDT=     000000007f268018 00000fff
CR0=80010033 CR2=0000000000000000 CR3=000000007f801000 CR4=00000668
DR0=0000000000000000 DR1=0000000000000000 DR2=0000000000000000 DR3=0000000000000000 
DR6=00000000ffff0ff0 DR7=0000000000000400
CCS=0000000000000044 CCD=0000000000000000 CCO=EFLAGS
EFER=0000000000000d00
Servicing hardware INT=0x20
    88: v=20 e=0000 i=0 cpl=0 IP=0038:000000007ff049ef pc=000000007ff049ef SP=0030:000000007ff017c0 env->regs[R_EAX]=000000007f7ffbc8
RAX=000000007f7ffbc8 RBX=000000007e78ffff RCX=000000007ee12fc8 RDX=000000007ee12448
RSI=000000007f7ffbc8 RDI=000000007f7ffa80 RBP=000000007ff01800 RSP=000000007ff017c0
R8 =000000007ff1ce60 R9 =000000007e78f011 R10=0000000000000000 R11=0000000000000002
R12=000000007e78e000 R13=0000000000000007 R14=000000000002600f R15=000000007ff1bbd0
RIP=000000007ff049ef RFL=00000283 [--S---C] CPL=0 II=0 A20=1 SMM=0 HLT=0
ES =0030 0000000000000000 ffffffff 00cf9300 DPL=0 DS   [-WA]
CS =0038 0000000000000000 ffffffff 00af9a00 DPL=0 CS64 [-R-]
SS =0030 0000000000000000 ffffffff 00cf9300 DPL=0 DS   [-WA]
DS =0030 0000000000000000 ffffffff 00cf9300 DPL=0 DS   [-WA]
FS =0030 0000000000000000 ffffffff 00cf9300 DPL=0 DS   [-WA]
GS =0030 0000000000000000 ffffffff 00cf9300 DPL=0 DS   [-WA]
LDT=0000 0000000000000000 0000ffff 00008200 DPL=0 LDT
TR =0000 0000000000000000 0000ffff 00008b00 DPL=0 TSS64-busy
GDT=     000000007f5dc000 00000047
IDT=     000000007f268018 00000fff
CR0=80010033 CR2=0000000000000000 CR3=000000007f801000 CR4=00000668
DR0=0000000000000000 DR1=0000000000000000 DR2=0000000000000000 DR3=0000000000000000 
DR6=00000000ffff0ff0 DR7=0000000000000400
CCS=0000000000000081 CCD=ffffffffff8e3ff8 CCO=EFLAGS
EFER=0000000000000d00
Servicing hardware INT=0x20
    89: v=20 e=0000 i=0 cpl=0 IP=0038:000000007eb0c443 pc=000000007eb0c443 SP=0030:000000007ff01bc8 env->regs[R_EAX]=0000000000000000
RAX=0000000000000000 RBX=0000000000000000 RCX=000000000001648b RDX=0000000000000000
RSI=0000000000000000 RDI=000000007e8d8c18 RBP=000000007ff01c50 RSP=000000007ff01bc8
R8 =0000000000000002 R9 =0000000000000000 R10=0000000011e1a300 R11=0000000000000000
R12=000000007ff01cf8 R13=000000007ea3f300 R14=0000000000000002 R15=000000007ff01d18
RIP=000000007eb0c443 RFL=00000246 [---Z-P-] CPL=0 II=0 A20=1 SMM=0 HLT=0
ES =0030 0000000000000000 ffffffff 00cf9300 DPL=0 DS   [-WA]
CS =0038 0000000000000000 ffffffff 00af9a00 DPL=0 CS64 [-R-]
SS =0030 0000000000000000 ffffffff 00cf9300 DPL=0 DS   [-WA]
DS =0030 0000000000000000 ffffffff 00cf9300 DPL=0 DS   [-WA]
FS =0030 0000000000000000 ffffffff 00cf9300 DPL=0 DS   [-WA]
GS =0030 0000000000000000 ffffffff 00cf9300 DPL=0 DS   [-WA]
LDT=0000 0000000000000000 0000ffff 00008200 DPL=0 LDT
TR =0000 0000000000000000 0000ffff 00008b00 DPL=0 TSS64-busy
GDT=     000000007f5dc000 00000047
IDT=     000000007f268018 00000fff
CR0=80010033 CR2=0000000000000000 CR3=000000007f801000 CR4=00000668
DR0=0000000000000000 DR1=0000000000000000 DR2=0000000000000000 DR3=0000000000000000 
DR6=00000000ffff0ff0 DR7=0000000000000400
CCS=0000000000000044 CCD=0000000000000000 CCO=EFLAGS
EFER=0000000000000d00
Servicing hardware INT=0x20
    90: v=20 e=0000 i=0 cpl=0 IP=0038:000000007eaf3bc3 pc=000000007eaf3bc3 SP=0030:000000007ff02200 env->regs[R_EAX]=0000000000000060
RAX=0000000000000060 RBX=000000007ea56d98 RCX=0000000000000011 RDX=00000000000003fd
RSI=0000000000000005 RDI=000000007ea56d98 RBP=000000007ff02210 RSP=000000007ff02200
R8 =0000000000000007 R9 =00000000000003fd R10=000000007e78ed98 R11=0000000000000000
R12=000000007ff02348 R13=0000000000000000 R14=000000007ff0223f R15=0000000000000000
RIP=000000007eaf3bc3 RFL=00000293 [--S-A-C] CPL=0 II=0 A20=1 SMM=0 HLT=0
ES =0030 0000000000000000 ffffffff 00cf9300 DPL=0 DS   [-WA]
CS =0038 0000000000000000 ffffffff 00af9a00 DPL=0 CS64 [-R-]
SS =0030 0000000000000000 ffffffff 00cf9300 DPL=0 DS   [-WA]
DS =0030 0000000000000000 ffffffff 00cf9300 DPL=0 DS   [-WA]
FS =0030 0000000000000000 ffffffff 00cf9300 DPL=0 DS   [-WA]
GS =0030 0000000000000000 ffffffff 00cf9300 DPL=0 DS   [-WA]
LDT=0000 0000000000000000 0000ffff 00008200 DPL=0 LDT
TR =0000 0000000000000000 0000ffff 00008b00 DPL=0 TSS64-busy
GDT=     000000007f5dc000 00000047
IDT=     000000007f268018 00000fff
CR0=80010033 CR2=0000000000000000 CR3=000000007f801000 CR4=00000668
DR0=0000000000000000 DR1=0000000000000000 DR2=0000000000000000 DR3=0000000000000000 
DR6=00000000ffff0ff0 DR7=0000000000000400
CCS=0000000000000091 CCD=fffffffffffffffe CCO=EFLAGS
EFER=0000000000000d00
Servicing hardware INT=0x20
    91: v=20 e=0000 i=0 cpl=0 IP=0038:000000007e6553b0 pc=000000007e6553b0 SP=0030:000000007ff025d0 env->regs[R_EAX]=0000000000000000
RAX=0000000000000000 RBX=0000000000100000 RCX=0000000000063e9a RDX=0000000000100000
RSI=0000000000000000 RDI=000000007e3c5166 RBP=000000007ff02620 RSP=000000007ff025d0
R8 =0000000000000073 R9 =0000000000000002 R10=0000000000000156 R11=00000000000a0000
R12=000000007ff025e8 R13=00000000ffffffff R14=000000007e69e018 R15=000000007e329000
RIP=000000007e6553b0 RFL=00000246 [---Z-P-] CPL=0 II=0 A20=1 SMM=0 HLT=0
ES =0030 0000000000000000 ffffffff 00cf9300 DPL=0 DS   [-WA]
CS =0038 0000000000000000 ffffffff 00af9a00 DPL=0 CS64 [-R-]
SS =0030 0000000000000000 ffffffff 00cf9300 DPL=0 DS   [-WA]
DS =0030 0000000000000000 ffffffff 00cf9300 DPL=0 DS   [-WA]
FS =0030 0000000000000000 ffffffff 00cf9300 DPL=0 DS   [-WA]
GS =0030 0000000000000000 ffffffff 00cf9300 DPL=0 DS   [-WA]
LDT=0000 0000000000000000 0000ffff 00008200 DPL=0 LDT
TR =0000 0000000000000000 0000ffff 00008b00 DPL=0 TSS64-busy
GDT=     000000007f5dc000 00000047
IDT=     000000007f268018 00000fff
CR0=80010033 CR2=0000000000000000 CR3=000000007f801000 CR4=00000668
DR0=0000000000000000 DR1=0000000000000000 DR2=0000000000000000 DR3=0000000000000000 
DR6=00000000ffff0ff0 DR7=0000000000000400
CCS=0000000000000044 CCD=000000007ff025a8 CCO=EFLAGS
EFER=0000000000000d00
Servicing hardware INT=0x20
    92: v=20 e=0000 i=0 cpl=0 IP=0038:000000007e6553b0 pc=000000007e6553b0 SP=0030:000000007ff025d0 env->regs[R_EAX]=0000000000000000
RAX=0000000000000000 RBX=0000000000100000 RCX=000000000000b656 RDX=0000000000100000
RSI=0000000000000000 RDI=000000007e01d9aa RBP=000000007ff02620 RSP=000000007ff025d0
R8 =0000000000000077 R9 =0000000000000002 R10=0000000000000162 R11=00000000000a0000
R12=000000007ff025e8 R13=00000000ffffffff R14=000000007e69e018 R15=000000007df29000
RIP=000000007e6553b0 RFL=00000246 [---Z-P-] CPL=0 II=0 A20=1 SMM=0 HLT=0
ES =0030 0000000000000000 ffffffff 00cf9300 DPL=0 DS   [-WA]
CS =0038 0000000000000000 ffffffff 00af9a00 DPL=0 CS64 [-R-]
SS =0030 0000000000000000 ffffffff 00cf9300 DPL=0 DS   [-WA]
DS =0030 0000000000000000 ffffffff 00cf9300 DPL=0 DS   [-WA]
FS =0030 0000000000000000 ffffffff 00cf9300 DPL=0 DS   [-WA]
GS =0030 0000000000000000 ffffffff 00cf9300 DPL=0 DS   [-WA]
LDT=0000 0000000000000000 0000ffff 00008200 DPL=0 LDT
TR =0000 0000000000000000 0000ffff 00008b00 DPL=0 TSS64-busy
GDT=     000000007f5dc000 00000047
IDT=     000000007f268018 00000fff
CR0=80010033 CR2=0000000000000000 CR3=000000007f801000 CR4=00000668
DR0=0000000000000000 DR1=0000000000000000 DR2=0000000000000000 DR3=0000000000000000 
DR6=00000000ffff0ff0 DR7=0000000000000400
CCS=0000000000000044 CCD=000000007ff025a8 CCO=EFLAGS
EFER=0000000000000d00
Servicing hardware INT=0x20
    93: v=20 e=0000 i=0 cpl=0 IP=0038:000000007e6553b0 pc=000000007e6553b0 SP=0030:000000007ff025d0 env->regs[R_EAX]=0000000000000000
RAX=0000000000000000 RBX=0000000000100000 RCX=000000000008fa76 RDX=0000000000100000
RSI=0000000000000000 RDI=000000007da9958a RBP=000000007ff02620 RSP=000000007ff025d0
R8 =000000000000007c R9 =0000000000000002 R10=0000000000000171 R11=00000000000a0000
R12=000000007ff025e8 R13=00000000ffffffff R14=000000007e69e018 R15=000000007da29000
RIP=000000007e6553b0 RFL=00000246 [---Z-P-] CPL=0 II=0 A20=1 SMM=0 HLT=0
ES =0030 0000000000000000 ffffffff 00cf9300 DPL=0 DS   [-WA]
CS =0038 0000000000000000 ffffffff 00af9a00 DPL=0 CS64 [-R-]
SS =0030 0000000000000000 ffffffff 00cf9300 DPL=0 DS   [-WA]
DS =0030 0000000000000000 ffffffff 00cf9300 DPL=0 DS   [-WA]
FS =0030 0000000000000000 ffffffff 00cf9300 DPL=0 DS   [-WA]
GS =0030 0000000000000000 ffffffff 00cf9300 DPL=0 DS   [-WA]
LDT=0000 0000000000000000 0000ffff 00008200 DPL=0 LDT
TR =0000 0000000000000000 0000ffff 00008b00 DPL=0 TSS64-busy
GDT=     000000007f5dc000 00000047
IDT=     000000007f268018 00000fff
CR0=80010033 CR2=0000000000000000 CR3=000000007f801000 CR4=00000668
DR0=0000000000000000 DR1=0000000000000000 DR2=0000000000000000 DR3=0000000000000000 
DR6=00000000ffff0ff0 DR7=0000000000000400
CCS=0000000000000044 CCD=000000007ff025a8 CCO=EFLAGS
EFER=0000000000000d00
Servicing hardware INT=0x20
    94: v=20 e=0000 i=0 cpl=0 IP=0038:000000007e64dffe pc=000000007e64dffe SP=0030:000000007ff02570 env->regs[R_EAX]=0000000000000082
RAX=0000000000000082 RBX=0000000000000082 RCX=0000000000000081 RDX=000000000000003c
RSI=000000007eb50000 RDI=000000007e69e018 RBP=000000007ff025d0 RSP=000000007ff02570
R8 =000000007e69e5b8 R9 =000000007e69e5b8 R10=0000000000019000 R11=0000000000001000
R12=00000000000e3000 R13=000000007d629000 R14=000000007eb50000 R15=000000007fe00000
RIP=000000007e64dffe RFL=00000246 [---Z-P-] CPL=0 II=0 A20=1 SMM=0 HLT=0
ES =0030 0000000000000000 ffffffff 00cf9300 DPL=0 DS   [-WA]
CS =0038 0000000000000000 ffffffff 00af9a00 DPL=0 CS64 [-R-]
SS =0030 0000000000000000 ffffffff 00cf9300 DPL=0 DS   [-WA]
DS =0030 0000000000000000 ffffffff 00cf9300 DPL=0 DS   [-WA]
FS =0030 0000000000000000 ffffffff 00cf9300 DPL=0 DS   [-WA]
GS =0030 0000000000000000 ffffffff 00cf9300 DPL=0 DS   [-WA]
LDT=0000 0000000000000000 0000ffff 00008200 DPL=0 LDT
TR =0000 0000000000000000 0000ffff 00008b00 DPL=0 TSS64-busy
GDT=     000000007f5dc000 00000047
IDT=     000000007f268018 00000fff
CR0=80010033 CR2=0000000000000000 CR3=000000007f801000 CR4=00000668
DR0=0000000000000000 DR1=0000000000000000 DR2=0000000000000000 DR3=0000000000000000 
DR6=00000000ffff0ff0 DR7=0000000000000400
CCS=0000000000000044 CCD=0000000000000000 CCO=EFLAGS
EFER=0000000000000d00
Servicing hardware INT=0x20
    95: v=20 e=0000 i=0 cpl=0 IP=0038:000000007e6553b0 pc=000000007e6553b0 SP=0030:000000007ff025d0 env->regs[R_EAX]=0000000000000000
RAX=0000000000000000 RBX=0000000000100000 RCX=00000000000444a1 RDX=0000000000100000
RSI=0000000000000000 RDI=000000007d1e4b5f RBP=000000007ff02620 RSP=000000007ff025d0
R8 =0000000000000085 R9 =0000000000000002 R10=000000000000018c R11=00000000000a0000
R12=000000007ff025e8 R13=00000000ffffffff R14=000000007e69e018 R15=000000007d129000
RIP=000000007e6553b0 RFL=00000246 [---Z-P-] CPL=0 II=0 A20=1 SMM=0 HLT=0
ES =0030 0000000000000000 ffffffff 00cf9300 DPL=0 DS   [-WA]
CS =0038 0000000000000000 ffffffff 00af9a00 DPL=0 CS64 [-R-]
SS =0030 0000000000000000 ffffffff 00cf9300 DPL=0 DS   [-WA]
DS =0030 0000000000000000 ffffffff 00cf9300 DPL=0 DS   [-WA]
FS =0030 0000000000000000 ffffffff 00cf9300 DPL=0 DS   [-WA]
GS =0030 0000000000000000 ffffffff 00cf9300 DPL=0 DS   [-WA]
LDT=0000 0000000000000000 0000ffff 00008200 DPL=0 LDT
TR =0000 0000000000000000 0000ffff 00008b00 DPL=0 TSS64-busy
GDT=     000000007f5dc000 00000047
IDT=     000000007f268018 00000fff
CR0=80010033 CR2=0000000000000000 CR3=000000007f801000 CR4=00000668
DR0=0000000000000000 DR1=0000000000000000 DR2=0000000000000000 DR3=0000000000000000 
DR6=00000000ffff0ff0 DR7=0000000000000400
CCS=0000000000000044 CCD=000000007ff025a8 CCO=EFLAGS
EFER=0000000000000d00
Servicing hardware INT=0x20
    96: v=20 e=0000 i=0 cpl=0 IP=0038:000000007e6553b0 pc=000000007e6553b0 SP=0030:000000007ff025d0 env->regs[R_EAX]=0000000000000000
RAX=0000000000000000 RBX=0000000000100000 RCX=000000000007c876 RDX=0000000000100000
RSI=0000000000000000 RDI=000000007ccac78a RBP=000000007ff02620 RSP=000000007ff025d0
R8 =000000000000008a R9 =0000000000000002 R10=000000000000019b R11=00000000000a0000
R12=000000007ff025e8 R13=00000000ffffffff R14=000000007e69e018 R15=000000007cc29000
RIP=000000007e6553b0 RFL=00000246 [---Z-P-] CPL=0 II=0 A20=1 SMM=0 HLT=0
ES =0030 0000000000000000 ffffffff 00cf9300 DPL=0 DS   [-WA]
CS =0038 0000000000000000 ffffffff 00af9a00 DPL=0 CS64 [-R-]
SS =0030 0000000000000000 ffffffff 00cf9300 DPL=0 DS   [-WA]
DS =0030 0000000000000000 ffffffff 00cf9300 DPL=0 DS   [-WA]
FS =0030 0000000000000000 ffffffff 00cf9300 DPL=0 DS   [-WA]
GS =0030 0000000000000000 ffffffff 00cf9300 DPL=0 DS   [-WA]
LDT=0000 0000000000000000 0000ffff 00008200 DPL=0 LDT
TR =0000 0000000000000000 0000ffff 00008b00 DPL=0 TSS64-busy
GDT=     000000007f5dc000 00000047
IDT=     000000007f268018 00000fff
CR0=80010033 CR2=0000000000000000 CR3=000000007f801000 CR4=00000668
DR0=0000000000000000 DR1=0000000000000000 DR2=0000000000000000 DR3=0000000000000000 
DR6=00000000ffff0ff0 DR7=0000000000000400
CCS=0000000000000044 CCD=000000007ff025a8 CCO=EFLAGS
EFER=0000000000000d00
Servicing hardware INT=0x20
    97: v=20 e=0000 i=0 cpl=0 IP=0038:000000007e6553b0 pc=000000007e6553b0 SP=0030:000000007ff025d0 env->regs[R_EAX]=0000000000000000
RAX=0000000000000000 RBX=0000000000100000 RCX=00000000000cad74 RDX=0000000000100000
RSI=0000000000000000 RDI=000000007c75e28c RBP=000000007ff02620 RSP=000000007ff025d0
R8 =000000000000008f R9 =0000000000000002 R10=00000000000001aa R11=00000000000a0000
R12=000000007ff025e8 R13=00000000ffffffff R14=000000007e69e018 R15=000000007c729000
RIP=000000007e6553b0 RFL=00000246 [---Z-P-] CPL=0 II=0 A20=1 SMM=0 HLT=0
ES =0030 0000000000000000 ffffffff 00cf9300 DPL=0 DS   [-WA]
CS =0038 0000000000000000 ffffffff 00af9a00 DPL=0 CS64 [-R-]
SS =0030 0000000000000000 ffffffff 00cf9300 DPL=0 DS   [-WA]
DS =0030 0000000000000000 ffffffff 00cf9300 DPL=0 DS   [-WA]
FS =0030 0000000000000000 ffffffff 00cf9300 DPL=0 DS   [-WA]
GS =0030 0000000000000000 ffffffff 00cf9300 DPL=0 DS   [-WA]
LDT=0000 0000000000000000 0000ffff 00008200 DPL=0 LDT
TR =0000 0000000000000000 0000ffff 00008b00 DPL=0 TSS64-busy
GDT=     000000007f5dc000 00000047
IDT=     000000007f268018 00000fff
CR0=80010033 CR2=0000000000000000 CR3=000000007f801000 CR4=00000668
DR0=0000000000000000 DR1=0000000000000000 DR2=0000000000000000 DR3=0000000000000000 
DR6=00000000ffff0ff0 DR7=0000000000000400
CCS=0000000000000044 CCD=000000007ff025a8 CCO=EFLAGS
EFER=0000000000000d00
Servicing hardware INT=0x20
    98: v=20 e=0000 i=0 cpl=0 IP=0038:000000007e6553b0 pc=000000007e6553b0 SP=0030:000000007ff025d0 env->regs[R_EAX]=0000000000000000
RAX=0000000000000000 RBX=0000000000100000 RCX=00000000000089da RDX=0000000000100000
RSI=0000000000000000 RDI=000000007c420626 RBP=000000007ff02620 RSP=000000007ff025d0
R8 =0000000000000093 R9 =0000000000000002 R10=00000000000001b6 R11=00000000000a0000
R12=000000007ff025e8 R13=00000000ffffffff R14=000000007e69e018 R15=000000007c329000
RIP=000000007e6553b0 RFL=00000246 [---Z-P-] CPL=0 II=0 A20=1 SMM=0 HLT=0
ES =0030 0000000000000000 ffffffff 00cf9300 DPL=0 DS   [-WA]
CS =0038 0000000000000000 ffffffff 00af9a00 DPL=0 CS64 [-R-]
SS =0030 0000000000000000 ffffffff 00cf9300 DPL=0 DS   [-WA]
DS =0030 0000000000000000 ffffffff 00cf9300 DPL=0 DS   [-WA]
FS =0030 0000000000000000 ffffffff 00cf9300 DPL=0 DS   [-WA]
GS =0030 0000000000000000 ffffffff 00cf9300 DPL=0 DS   [-WA]
LDT=0000 0000000000000000 0000ffff 00008200 DPL=0 LDT
TR =0000 0000000000000000 0000ffff 00008b00 DPL=0 TSS64-busy
GDT=     000000007f5dc000 00000047
IDT=     000000007f268018 00000fff
CR0=80010033 CR2=0000000000000000 CR3=000000007f801000 CR4=00000668
DR0=0000000000000000 DR1=0000000000000000 DR2=0000000000000000 DR3=0000000000000000 
DR6=00000000ffff0ff0 DR7=0000000000000400
CCS=0000000000000044 CCD=000000007ff025a8 CCO=EFLAGS
EFER=0000000000000d00
Servicing hardware INT=0x20
    99: v=20 e=0000 i=0 cpl=0 IP=0038:000000007e6553b0 pc=000000007e6553b0 SP=0030:000000007ff025d0 env->regs[R_EAX]=0000000000000000
RAX=0000000000000000 RBX=0000000000100000 RCX=000000000004b0df RDX=0000000000100000
RSI=0000000000000000 RDI=000000007beddf21 RBP=000000007ff02620 RSP=000000007ff025d0
R8 =0000000000000098 R9 =0000000000000002 R10=00000000000001c5 R11=00000000000a0000
R12=000000007ff025e8 R13=00000000ffffffff R14=000000007e69e018 R15=000000007be29000
RIP=000000007e6553b0 RFL=00000246 [---Z-P-] CPL=0 II=0 A20=1 SMM=0 HLT=0
ES =0030 0000000000000000 ffffffff 00cf9300 DPL=0 DS   [-WA]
CS =0038 0000000000000000 ffffffff 00af9a00 DPL=0 CS64 [-R-]
SS =0030 0000000000000000 ffffffff 00cf9300 DPL=0 DS   [-WA]
DS =0030 0000000000000000 ffffffff 00cf9300 DPL=0 DS   [-WA]
FS =0030 0000000000000000 ffffffff 00cf9300 DPL=0 DS   [-WA]
GS =0030 0000000000000000 ffffffff 00cf9300 DPL=0 DS   [-WA]
LDT=0000 0000000000000000 0000ffff 00008200 DPL=0 LDT
TR =0000 0000000000000000 0000ffff 00008b00 DPL=0 TSS64-busy
GDT=     000000007f5dc000 00000047
IDT=     000000007f268018 00000fff
CR0=80010033 CR2=0000000000000000 CR3=000000007f801000 CR4=00000668
DR0=0000000000000000 DR1=0000000000000000 DR2=0000000000000000 DR3=0000000000000000 
DR6=00000000ffff0ff0 DR7=0000000000000400
CCS=0000000000000044 CCD=000000007ff025a8 CCO=EFLAGS
EFER=0000000000000d00
Servicing hardware INT=0x20
   100: v=20 e=0000 i=0 cpl=0 IP=0038:000000007e6553b0 pc=000000007e6553b0 SP=0030:000000007ff025d0 env->regs[R_EAX]=0000000000000000
RAX=0000000000000000 RBX=0000000000100000 RCX=0000000000087232 RDX=0000000000100000
RSI=0000000000000000 RDI=000000007b8e4dce RBP=000000007ff02620 RSP=000000007ff025d0
R8 =000000000000009d R9 =0000000000000002 R10=00000000000001d4 R11=00000000000a0000
R12=000000007ff025e8 R13=00000000ffffffff R14=000000007e69e018 R15=000000007b86c000
RIP=000000007e6553b0 RFL=00000246 [---Z-P-] CPL=0 II=0 A20=1 SMM=0 HLT=0
ES =0030 0000000000000000 ffffffff 00cf9300 DPL=0 DS   [-WA]
CS =0038 0000000000000000 ffffffff 00af9a00 DPL=0 CS64 [-R-]
SS =0030 0000000000000000 ffffffff 00cf9300 DPL=0 DS   [-WA]
DS =0030 0000000000000000 ffffffff 00cf9300 DPL=0 DS   [-WA]
FS =0030 0000000000000000 ffffffff 00cf9300 DPL=0 DS   [-WA]
GS =0030 0000000000000000 ffffffff 00cf9300 DPL=0 DS   [-WA]
LDT=0000 0000000000000000 0000ffff 00008200 DPL=0 LDT
TR =0000 0000000000000000 0000ffff 00008b00 DPL=0 TSS64-busy
GDT=     000000007f5dc000 00000047
IDT=     000000007f268018 00000fff
CR0=80010033 CR2=0000000000000000 CR3=000000007f801000 CR4=00000668
DR0=0000000000000000 DR1=0000000000000000 DR2=0000000000000000 DR3=0000000000000000 
DR6=00000000ffff0ff0 DR7=0000000000000400
CCS=0000000000000044 CCD=000000007ff025a8 CCO=EFLAGS
EFER=0000000000000d00
Servicing hardware INT=0x20
   101: v=20 e=0000 i=0 cpl=0 IP=0038:000000007e6553b0 pc=000000007e6553b0 SP=0030:000000007ff025d0 env->regs[R_EAX]=0000000000000000
RAX=0000000000000000 RBX=0000000000100000 RCX=00000000000ddcfb RDX=0000000000100000
RSI=0000000000000000 RDI=000000007b38e305 RBP=000000007ff02620 RSP=000000007ff025d0
R8 =00000000000000a2 R9 =0000000000000002 R10=00000000000001e3 R11=00000000000a0000
R12=000000007ff025e8 R13=00000000ffffffff R14=000000007e69e018 R15=000000007b36c000
RIP=000000007e6553b0 RFL=00000246 [---Z-P-] CPL=0 II=0 A20=1 SMM=0 HLT=0
ES =0030 0000000000000000 ffffffff 00cf9300 DPL=0 DS   [-WA]
CS =0038 0000000000000000 ffffffff 00af9a00 DPL=0 CS64 [-R-]
SS =0030 0000000000000000 ffffffff 00cf9300 DPL=0 DS   [-WA]
DS =0030 0000000000000000 ffffffff 00cf9300 DPL=0 DS   [-WA]
FS =0030 0000000000000000 ffffffff 00cf9300 DPL=0 DS   [-WA]
GS =0030 0000000000000000 ffffffff 00cf9300 DPL=0 DS   [-WA]
LDT=0000 0000000000000000 0000ffff 00008200 DPL=0 LDT
TR =0000 0000000000000000 0000ffff 00008b00 DPL=0 TSS64-busy
GDT=     000000007f5dc000 00000047
IDT=     000000007f268018 00000fff
CR0=80010033 CR2=0000000000000000 CR3=000000007f801000 CR4=00000668
DR0=0000000000000000 DR1=0000000000000000 DR2=0000000000000000 DR3=0000000000000000 
DR6=00000000ffff0ff0 DR7=0000000000000400
CCS=0000000000000044 CCD=000000007ff025a8 CCO=EFLAGS
EFER=0000000000000d00
Servicing hardware INT=0x20
   102: v=20 e=0000 i=0 cpl=0 IP=0038:000000007e6553b0 pc=000000007e6553b0 SP=0030:000000007ff025d0 env->regs[R_EAX]=0000000000000000
RAX=0000000000000000 RBX=0000000000100000 RCX=000000000000e151 RDX=0000000000100000
RSI=0000000000000000 RDI=000000007b05deaf RBP=000000007ff02620 RSP=000000007ff025d0
R8 =00000000000000a6 R9 =0000000000000002 R10=00000000000001ef R11=00000000000a0000
R12=000000007ff025e8 R13=00000000ffffffff R14=000000007e69e018 R15=000000007af6c000
RIP=000000007e6553b0 RFL=00000246 [---Z-P-] CPL=0 II=0 A20=1 SMM=0 HLT=0
ES =0030 0000000000000000 ffffffff 00cf9300 DPL=0 DS   [-WA]
CS =0038 0000000000000000 ffffffff 00af9a00 DPL=0 CS64 [-R-]
SS =0030 0000000000000000 ffffffff 00cf9300 DPL=0 DS   [-WA]
DS =0030 0000000000000000 ffffffff 00cf9300 DPL=0 DS   [-WA]
FS =0030 0000000000000000 ffffffff 00cf9300 DPL=0 DS   [-WA]
GS =0030 0000000000000000 ffffffff 00cf9300 DPL=0 DS   [-WA]
LDT=0000 0000000000000000 0000ffff 00008200 DPL=0 LDT
TR =0000 0000000000000000 0000ffff 00008b00 DPL=0 TSS64-busy
GDT=     000000007f5dc000 00000047
IDT=     000000007f268018 00000fff
CR0=80010033 CR2=0000000000000000 CR3=000000007f801000 CR4=00000668
DR0=0000000000000000 DR1=0000000000000000 DR2=0000000000000000 DR3=0000000000000000 
DR6=00000000ffff0ff0 DR7=0000000000000400
CCS=0000000000000044 CCD=000000007ff025a8 CCO=EFLAGS
EFER=0000000000000d00
Servicing hardware INT=0x20
   103: v=20 e=0000 i=0 cpl=0 IP=0038:000000007e6553b0 pc=000000007e6553b0 SP=0030:000000007ff025d0 env->regs[R_EAX]=0000000000000000
RAX=0000000000000000 RBX=0000000000100000 RCX=000000000005f989 RDX=0000000000100000
RSI=0000000000000000 RDI=000000007ab0c677 RBP=000000007ff02620 RSP=000000007ff025d0
R8 =00000000000000ab R9 =0000000000000002 R10=00000000000001fe R11=00000000000a0000
R12=000000007ff025e8 R13=00000000ffffffff R14=000000007e69e018 R15=000000007aa6c000
RIP=000000007e6553b0 RFL=00000246 [---Z-P-] CPL=0 II=0 A20=1 SMM=0 HLT=0
ES =0030 0000000000000000 ffffffff 00cf9300 DPL=0 DS   [-WA]
CS =0038 0000000000000000 ffffffff 00af9a00 DPL=0 CS64 [-R-]
SS =0030 0000000000000000 ffffffff 00cf9300 DPL=0 DS   [-WA]
DS =0030 0000000000000000 ffffffff 00cf9300 DPL=0 DS   [-WA]
FS =0030 0000000000000000 ffffffff 00cf9300 DPL=0 DS   [-WA]
GS =0030 0000000000000000 ffffffff 00cf9300 DPL=0 DS   [-WA]
LDT=0000 0000000000000000 0000ffff 00008200 DPL=0 LDT
TR =0000 0000000000000000 0000ffff 00008b00 DPL=0 TSS64-busy
GDT=     000000007f5dc000 00000047
IDT=     000000007f268018 00000fff
CR0=80010033 CR2=0000000000000000 CR3=000000007f801000 CR4=00000668
DR0=0000000000000000 DR1=0000000000000000 DR2=0000000000000000 DR3=0000000000000000 
DR6=00000000ffff0ff0 DR7=0000000000000400
CCS=0000000000000044 CCD=000000007ff025a8 CCO=EFLAGS
EFER=0000000000000d00
Servicing hardware INT=0x20
   104: v=20 e=0000 i=0 cpl=0 IP=0038:000000007e6553b0 pc=000000007e6553b0 SP=0030:000000007ff025d0 env->regs[R_EAX]=0000000000000000
RAX=0000000000000000 RBX=0000000000100000 RCX=00000000000d31d1 RDX=0000000000100000
RSI=0000000000000000 RDI=000000007a598e2f RBP=000000007ff02620 RSP=000000007ff025d0
R8 =00000000000000b0 R9 =0000000000000002 R10=000000000000020d R11=00000000000a0000
R12=000000007ff025e8 R13=00000000ffffffff R14=000000007e69e018 R15=000000007a56c000
RIP=000000007e6553b0 RFL=00000246 [---Z-P-] CPL=0 II=0 A20=1 SMM=0 HLT=0
ES =0030 0000000000000000 ffffffff 00cf9300 DPL=0 DS   [-WA]
CS =0038 0000000000000000 ffffffff 00af9a00 DPL=0 CS64 [-R-]
SS =0030 0000000000000000 ffffffff 00cf9300 DPL=0 DS   [-WA]
DS =0030 0000000000000000 ffffffff 00cf9300 DPL=0 DS   [-WA]
FS =0030 0000000000000000 ffffffff 00cf9300 DPL=0 DS   [-WA]
GS =0030 0000000000000000 ffffffff 00cf9300 DPL=0 DS   [-WA]
LDT=0000 0000000000000000 0000ffff 00008200 DPL=0 LDT
TR =0000 0000000000000000 0000ffff 00008b00 DPL=0 TSS64-busy
GDT=     000000007f5dc000 00000047
IDT=     000000007f268018 00000fff
CR0=80010033 CR2=0000000000000000 CR3=000000007f801000 CR4=00000668
DR0=0000000000000000 DR1=0000000000000000 DR2=0000000000000000 DR3=0000000000000000 
DR6=00000000ffff0ff0 DR7=0000000000000400
CCS=0000000000000044 CCD=000000007ff025a8 CCO=EFLAGS
EFER=0000000000000d00
Servicing hardware INT=0x20
   105: v=20 e=0000 i=0 cpl=0 IP=0038:000000007eb0c443 pc=000000007eb0c443 SP=0030:000000007ff01db8 env->regs[R_EAX]=0000000000000000
RAX=0000000000000000 RBX=0000000000000000 RCX=000000000000542a RDX=0000000000000000
RSI=0000000000000001 RDI=000000007e960f20 RBP=000000007ff01e40 RSP=000000007ff01db8
R8 =0000000000000002 R9 =0000000000000000 R10=000000007ff01ef0 R11=0000000000000000
R12=000000007ff01ef8 R13=000000007ea3f300 R14=0000000000000002 R15=000000007ff01f18
RIP=000000007eb0c443 RFL=00000246 [---Z-P-] CPL=0 II=0 A20=1 SMM=0 HLT=0
ES =0030 0000000000000000 ffffffff 00cf9300 DPL=0 DS   [-WA]
CS =0038 0000000000000000 ffffffff 00af9a00 DPL=0 CS64 [-R-]
SS =0030 0000000000000000 ffffffff 00cf9300 DPL=0 DS   [-WA]
DS =0030 0000000000000000 ffffffff 00cf9300 DPL=0 DS   [-WA]
FS =0030 0000000000000000 ffffffff 00cf9300 DPL=0 DS   [-WA]
GS =0030 0000000000000000 ffffffff 00cf9300 DPL=0 DS   [-WA]
LDT=0000 0000000000000000 0000ffff 00008200 DPL=0 LDT
TR =0000 0000000000000000 0000ffff 00008b00 DPL=0 TSS64-busy
GDT=     000000007f5dc000 00000047
IDT=     000000007f268018 00000fff
CR0=80010033 CR2=0000000000000000 CR3=000000007f801000 CR4=00000668
DR0=0000000000000000 DR1=0000000000000000 DR2=0000000000000000 DR3=0000000000000000 
DR6=00000000ffff0ff0 DR7=0000000000000400
CCS=0000000000000044 CCD=0000000000000000 CCO=EFLAGS
EFER=0000000000000d00
Servicing hardware INT=0x20
   106: v=20 e=0000 i=0 cpl=0 IP=0038:000000007eb07c1a pc=000000007eb07c1a SP=0030:000000007ff019f0 env->regs[R_EAX]=0000000000000138
RAX=0000000000000138 RBX=0000000000000064 RCX=0000000000000608 RDX=00000000006356b6
RSI=00000000006357ee RDI=000000007eacd428 RBP=000000007ff01a20 RSP=000000007ff019f0
R8 =000000007ff019ec R9 =0000000000000608 R10=0000000000000000 R11=0000000000000002
R12=0000000000000000 R13=0000000000000002 R14=0000000000000000 R15=8000000000000006
RIP=000000007eb07c1a RFL=00000202 [-------] CPL=0 II=0 A20=1 SMM=0 HLT=0
ES =0030 0000000000000000 ffffffff 00cf9300 DPL=0 DS   [-WA]
CS =0038 0000000000000000 ffffffff 00af9a00 DPL=0 CS64 [-R-]
SS =0030 0000000000000000 ffffffff 00cf9300 DPL=0 DS   [-WA]
DS =0030 0000000000000000 ffffffff 00cf9300 DPL=0 DS   [-WA]
FS =0030 0000000000000000 ffffffff 00cf9300 DPL=0 DS   [-WA]
GS =0030 0000000000000000 ffffffff 00cf9300 DPL=0 DS   [-WA]
LDT=0000 0000000000000000 0000ffff 00008200 DPL=0 LDT
TR =0000 0000000000000000 0000ffff 00008b00 DPL=0 TSS64-busy
GDT=     000000007f5dc000 00000047
IDT=     000000007f268018 00000fff
CR0=80010033 CR2=0000000000000000 CR3=000000007f801000 CR4=00000668
DR0=0000000000000000 DR1=0000000000000000 DR2=0000000000000000 DR3=0000000000000000 
DR6=00000000ffff0ff0 DR7=0000000000000400
CCS=0000000000000000 CCD=0000000000000138 CCO=EFLAGS
EFER=0000000000000d00
Servicing hardware INT=0x20
   107: v=20 e=0000 i=0 cpl=0 IP=0038:000000007e62afff pc=000000007e62afff SP=0030:000000007ff022c8 env->regs[R_EAX]=eae98fcd8f2853a5
RAX=eae98fcd8f2853a5 RBX=00c003000003c000 RCX=fae8e6fdf1ec289a RDX=16bf93e33830cc9a
RSI=e668133f7146282a RDI=1ca2627a54eb5e47 RBP=000000007ff023c0 RSP=000000007ff022c8
R8 =01507668ff6e6f4b R9 =61c7047e106209ad R10=7cf628bb30b93d9e R11=715cf4f998156253
R12=eadba54f0d45123b R13=68488f5efd802ca1 R14=9ca1c426ca290027 R15=390e11b065b949be
RIP=000000007e62afff RFL=00000212 [----A--] CPL=0 II=0 A20=1 SMM=0 HLT=0
ES =0030 0000000000000000 ffffffff 00cf9300 DPL=0 DS   [-WA]
CS =0038 0000000000000000 ffffffff 00af9a00 DPL=0 CS64 [-R-]
SS =0030 0000000000000000 ffffffff 00cf9300 DPL=0 DS   [-WA]
DS =0030 0000000000000000 ffffffff 00cf9300 DPL=0 DS   [-WA]
FS =0030 0000000000000000 ffffffff 00cf9300 DPL=0 DS   [-WA]
GS =0030 0000000000000000 ffffffff 00cf9300 DPL=0 DS   [-WA]
LDT=0000 0000000000000000 0000ffff 00008200 DPL=0 LDT
TR =0000 0000000000000000 0000ffff 00008b00 DPL=0 TSS64-busy
GDT=     000000007f5dc000 00000047
IDT=     000000007f268018 00000fff
CR0=80010033 CR2=0000000000000000 CR3=000000007f801000 CR4=00000668
DR0=0000000000000000 DR1=0000000000000000 DR2=0000000000000000 DR3=0000000000000000 
DR6=00000000ffff0ff0 DR7=0000000000000400
CCS=0000000000000010 CCD=68488f5efd802ca1 CCO=EFLAGS
EFER=0000000000000d00
Servicing hardware INT=0x20
   108: v=20 e=0000 i=0 cpl=0 IP=0038:000000007eb07c1a pc=000000007eb07c1a SP=0030:000000007ff01e30 env->regs[R_EAX]=000000000000001e
RAX=000000000000001e RBX=0000000000000064 RCX=0000000000000608 RDX=0000000000646dbb
RSI=0000000000646dd9 RDI=000000007eacd428 RBP=000000007ff01e60 RSP=000000007ff01e30
R8 =000000007ff01e2c R9 =0000000000000608 R10=0000000000000000 R11=0000000000000002
R12=0000000000000000 R13=0000000000000002 R14=0000000000000000 R15=8000000000000006
RIP=000000007eb07c1a RFL=00000206 [-----P-] CPL=0 II=0 A20=1 SMM=0 HLT=0
ES =0030 0000000000000000 ffffffff 00cf9300 DPL=0 DS   [-WA]
CS =0038 0000000000000000 ffffffff 00af9a00 DPL=0 CS64 [-R-]
SS =0030 0000000000000000 ffffffff 00cf9300 DPL=0 DS   [-WA]
DS =0030 0000000000000000 ffffffff 00cf9300 DPL=0 DS   [-WA]
FS =0030 0000000000000000 ffffffff 00cf9300 DPL=0 DS   [-WA]
GS =0030 0000000000000000 ffffffff 00cf9300 DPL=0 DS   [-WA]
LDT=0000 0000000000000000 0000ffff 00008200 DPL=0 LDT
TR =0000 0000000000000000 0000ffff 00008b00 DPL=0 TSS64-busy
GDT=     000000007f5dc000 00000047
IDT=     000000007f268018 00000fff
CR0=80010033 CR2=0000000000000000 CR3=000000007f801000 CR4=00000668
DR0=0000000000000000 DR1=0000000000000000 DR2=0000000000000000 DR3=0000000000000000 
DR6=00000000ffff0ff0 DR7=0000000000000400
CCS=0000000000000004 CCD=000000000000001e CCO=EFLAGS
EFER=0000000000000d00
Servicing hardware INT=0x20
   109: v=20 e=0000 i=0 cpl=0 IP=0038:000000007e62a6ab pc=000000007e62a6ab SP=0030:000000007ff02388 env->regs[R_EAX]=02752d74147ebb27
RAX=02752d74147ebb27 RBX=eed9f351a7060eaf RCX=21d4671e64d5088f RDX=f7eda7dae28f5df5
RSI=f1d599043011f168 RDI=5cda4be9c41d0b2c RBP=000000007ff02480 RSP=000000007ff02388
R8 =16e9c3dda7b2d9e9 R9 =313993cbc2c8a3ce R10=1908467450506a42 R11=885fa944bec4fe2b
R12=2043c74800001443 R13=877cb66fc3768021 R14=916a28040b673d5a R15=25d628bfe3fdd8b4
RIP=000000007e62a6ab RFL=00000286 [--S--P-] CPL=0 II=0 A20=1 SMM=0 HLT=0
ES =0030 0000000000000000 ffffffff 00cf9300 DPL=0 DS   [-WA]
CS =0038 0000000000000000 ffffffff 00af9a00 DPL=0 CS64 [-R-]
SS =0030 0000000000000000 ffffffff 00cf9300 DPL=0 DS   [-WA]
DS =0030 0000000000000000 ffffffff 00cf9300 DPL=0 DS   [-WA]
FS =0030 0000000000000000 ffffffff 00cf9300 DPL=0 DS   [-WA]
GS =0030 0000000000000000 ffffffff 00cf9300 DPL=0 DS   [-WA]
LDT=0000 0000000000000000 0000ffff 00008200 DPL=0 LDT
TR =0000 0000000000000000 0000ffff 00008b00 DPL=0 TSS64-busy
GDT=     000000007f5dc000 00000047
IDT=     000000007f268018 00000fff
CR0=80010033 CR2=0000000000000000 CR3=000000007f801000 CR4=00000668
DR0=0000000000000000 DR1=0000000000000000 DR2=0000000000000000 DR3=0000000000000000 
DR6=00000000ffff0ff0 DR7=0000000000000400
CCS=0000000000000084 CCD=877cb66fc3768021 CCO=EFLAGS
EFER=0000000000000d00
Servicing hardware INT=0x20
   110: v=20 e=0000 i=0 cpl=0 IP=0038:000000007e64de7a pc=000000007e64de7a SP=0030:000000007ff02180 env->regs[R_EAX]=00000000000000b2
RAX=00000000000000b2 RBX=000000007e69e0e0 RCX=ffffffffffffffff RDX=000000007e69e001
RSI=0000000000000000 RDI=000000007e69e018 RBP=000000007ff021e0 RSP=000000007ff02180
R8 =000000007e69e000 R9 =00000000000a0000 R10=0000000000000000 R11=000000007e69e018
R12=0000000001780000 R13=000000007a56c000 R14=0000000000000008 R15=0000000000000000
RIP=000000007e64de7a RFL=00000297 [--S-APC] CPL=0 II=0 A20=1 SMM=0 HLT=0
ES =0030 0000000000000000 ffffffff 00cf9300 DPL=0 DS   [-WA]
CS =0038 0000000000000000 ffffffff 00af9a00 DPL=0 CS64 [-R-]
SS =0030 0000000000000000 ffffffff 00cf9300 DPL=0 DS   [-WA]
DS =0030 0000000000000000 ffffffff 00cf9300 DPL=0 DS   [-WA]
FS =0030 0000000000000000 ffffffff 00cf9300 DPL=0 DS   [-WA]
GS =0030 0000000000000000 ffffffff 00cf9300 DPL=0 DS   [-WA]
LDT=0000 0000000000000000 0000ffff 00008200 DPL=0 LDT
TR =0000 0000000000000000 0000ffff 00008b00 DPL=0 TSS64-busy
GDT=     000000007f5dc000 00000047
IDT=     000000007f268018 00000fff
CR0=80010033 CR2=0000000000000000 CR3=000000007f801000 CR4=00000668
DR0=0000000000000000 DR1=0000000000000000 DR2=0000000000000000 DR3=0000000000000000 
DR6=00000000ffff0ff0 DR7=0000000000000400
CCS=0000000000000095 CCD=ffffffffffffffff CCO=EFLAGS
EFER=0000000000000d00
Servicing hardware INT=0x20
   111: v=20 e=0000 i=0 cpl=0 IP=0038:000000007e6358f0 pc=000000007e6358f0 SP=0030:000000007ff02310 env->regs[R_EAX]=0000000000000011
RAX=0000000000000011 RBX=000000007e699000 RCX=0000000080015400 RDX=00000000000003b4
RSI=0000000000000000 RDI=000000007e699000 RBP=000000007ff02310 RSP=000000007ff02310
R8 =0000000000000000 R9 =000000007ff02308 R10=0000000000000210 R11=00000000000a0000
R12=0000000000000000 R13=0000000000000000 R14=000000007ea5d5b8 R15=000000007e662430
RIP=000000007e6358f0 RFL=00000287 [--S--PC] CPL=0 II=0 A20=1 SMM=0 HLT=0
ES =0030 0000000000000000 ffffffff 00cf9300 DPL=0 DS   [-WA]
CS =0038 0000000000000000 ffffffff 00af9a00 DPL=0 CS64 [-R-]
SS =0030 0000000000000000 ffffffff 00cf9300 DPL=0 DS   [-WA]
DS =0030 0000000000000000 ffffffff 00cf9300 DPL=0 DS   [-WA]
FS =0030 0000000000000000 ffffffff 00cf9300 DPL=0 DS   [-WA]
GS =0030 0000000000000000 ffffffff 00cf9300 DPL=0 DS   [-WA]
LDT=0000 0000000000000000 0000ffff 00008200 DPL=0 LDT
TR =0000 0000000000000000 0000ffff 00008b00 DPL=0 TSS64-busy
GDT=     000000007f5dc000 00000047
IDT=     000000007f268018 00000fff
CR0=80010033 CR2=0000000000000000 CR3=000000007f801000 CR4=00000668
DR0=0000000000000000 DR1=0000000000000000 DR2=0000000000000000 DR3=0000000000000000 
DR6=00000000ffff0ff0 DR7=0000000000000400
CCS=0000000000000085 CCD=fffffffffffffeb4 CCO=EFLAGS
EFER=0000000000000d00
Servicing hardware INT=0x20
   112: v=20 e=0000 i=0 cpl=0 IP=0038:000000007e62f330 pc=000000007e62f330 SP=0030:000000007ff02378 env->regs[R_EAX]=0000000000000032
RAX=0000000000000032 RBX=000000007e691000 RCX=0000000000000000 RDX=000000000000dde0
RSI=0000000000000000 RDI=000000007e691000 RBP=000000007ff023f0 RSP=000000007ff02378
R8 =00000000000000b2 R9 =0000000000000002 R10=0000000000000213 R11=00000000000a0000
R12=0000000000000010 R13=0000000000000000 R14=000000007e64ea40 R15=000000007e687000
RIP=000000007e62f330 RFL=00000246 [---Z-P-] CPL=0 II=0 A20=1 SMM=0 HLT=0
ES =0030 0000000000000000 ffffffff 00cf9300 DPL=0 DS   [-WA]
CS =0038 0000000000000000 ffffffff 00af9a00 DPL=0 CS64 [-R-]
SS =0030 0000000000000000 ffffffff 00cf9300 DPL=0 DS   [-WA]
DS =0030 0000000000000000 ffffffff 00cf9300 DPL=0 DS   [-WA]
FS =0030 0000000000000000 ffffffff 00cf9300 DPL=0 DS   [-WA]
GS =0030 0000000000000000 ffffffff 00cf9300 DPL=0 DS   [-WA]
LDT=0000 0000000000000000 0000ffff 00008200 DPL=0 LDT
TR =0000 0000000000000000 0000ffff 00008b00 DPL=0 TSS64-busy
GDT=     000000007f5dc000 00000047
IDT=     000000007f268018 00000fff
CR0=80010033 CR2=0000000000000000 CR3=000000007f801000 CR4=00000668
DR0=0000000000000000 DR1=0000000000000000 DR2=0000000000000000 DR3=0000000000000000 
DR6=00000000ffff0ff0 DR7=0000000000000400
CCS=0000000000000044 CCD=0000000000000000 CCO=EFLAGS
EFER=0000000000000d00
Servicing hardware INT=0x20
   113: v=20 e=0000 i=0 cpl=0 IP=0038:000000007e62e200 pc=000000007e62e200 SP=0030:000000007ff02320 env->regs[R_EAX]=0000000000000000
RAX=0000000000000000 RBX=000000007e688236 RCX=00000000000003d8 RDX=0000000000000190
RSI=000000007e688200 RDI=000000007e691000 RBP=000000007ff02330 RSP=000000007ff02320
R8 =0000000000aaaaaa R9 =0000000000000006 R10=0000000000000009 R11=0000000080133990
R12=000000000000645c R13=0000000000000000 R14=0000000000000008 R15=000000000000008e
RIP=000000007e62e200 RFL=00000297 [--S-APC] CPL=0 II=0 A20=1 SMM=0 HLT=0
ES =0030 0000000000000000 ffffffff 00cf9300 DPL=0 DS   [-WA]
CS =0038 0000000000000000 ffffffff 00af9a00 DPL=0 CS64 [-R-]
SS =0030 0000000000000000 ffffffff 00cf9300 DPL=0 DS   [-WA]
DS =0030 0000000000000000 ffffffff 00cf9300 DPL=0 DS   [-WA]
FS =0030 0000000000000000 ffffffff 00cf9300 DPL=0 DS   [-WA]
GS =0030 0000000000000000 ffffffff 00cf9300 DPL=0 DS   [-WA]
LDT=0000 0000000000000000 0000ffff 00008200 DPL=0 LDT
TR =0000 0000000000000000 0000ffff 00008b00 DPL=0 TSS64-busy
GDT=     000000007f5dc000 00000047
IDT=     000000007f268018 00000fff
CR0=80010033 CR2=0000000000000000 CR3=000000007f801000 CR4=00000668
DR0=0000000000000000 DR1=0000000000000000 DR2=0000000000000000 DR3=0000000000000000 
DR6=00000000ffff0ff0 DR7=0000000000000400
CCS=0000000000000095 CCD=ffffffffffffffff CCO=EFLAGS
EFER=0000000000000d00
Servicing hardware INT=0x20
   114: v=20 e=0000 i=0 cpl=0 IP=0038:000000007ee3ba01 pc=000000007ee3ba01 SP=0030:000000007ff023f8 env->regs[R_EAX]=0000000000000000
RAX=0000000000000000 RBX=0000000000000004 RCX=000000007ee5ca18 RDX=0000000000000000
RSI=00000000ffffffff RDI=000000007ff1ce70 RBP=000000007ff02470 RSP=000000007ff023f8
R8 =000000007ff1ce60 R9 =000000007ff02331 R10=0000000000000080 R11=000000007e621988
R12=000000007ee5ca60 R13=0000000000000100 R14=000000007ff24960 R15=000000007ff24a60
RIP=000000007ee3ba01 RFL=00000206 [-----P-] CPL=0 II=0 A20=1 SMM=0 HLT=0
ES =0030 0000000000000000 ffffffff 00cf9300 DPL=0 DS   [-WA]
CS =0038 0000000000000000 ffffffff 00af9a00 DPL=0 CS64 [-R-]
SS =0030 0000000000000000 ffffffff 00cf9300 DPL=0 DS   [-WA]
DS =0030 0000000000000000 ffffffff 00cf9300 DPL=0 DS   [-WA]
FS =0030 0000000000000000 ffffffff 00cf9300 DPL=0 DS   [-WA]
GS =0030 0000000000000000 ffffffff 00cf9300 DPL=0 DS   [-WA]
LDT=0000 0000000000000000 0000ffff 00008200 DPL=0 LDT
TR =0000 0000000000000000 0000ffff 00008b00 DPL=0 TSS64-busy
GDT=     000000007f5dc000 00000047
IDT=     000000007f268018 00000fff
CR0=80010033 CR2=0000000000000000 CR3=000000007f801000 CR4=00000668
DR0=0000000000000000 DR1=0000000000000000 DR2=0000000000000000 DR3=0000000000000000 
DR6=00000000ffff0ff0 DR7=0000000000000400
CCS=0000000000000004 CCD=000000007ff023f0 CCO=EFLAGS
EFER=0000000000000d00
Servicing hardware INT=0x20
   115: v=20 e=0000 i=0 cpl=0 IP=0038:000000007ee3ba01 pc=000000007ee3ba01 SP=0030:000000007ff023f8 env->regs[R_EAX]=0000000000000000
RAX=0000000000000000 RBX=0000000000000004 RCX=000000007ee5ca18 RDX=0000000000000000
RSI=00000000ffffffff RDI=000000007ff1ce70 RBP=000000007ff02470 RSP=000000007ff023f8
R8 =000000007ff1ce60 R9 =000000007ff02331 R10=0000000000000080 R11=000000007e621988
R12=000000007ee5ca60 R13=0000000000000100 R14=000000007ff24960 R15=000000007ff24a60
RIP=000000007ee3ba01 RFL=00000206 [-----P-] CPL=0 II=0 A20=1 SMM=0 HLT=0
ES =0030 0000000000000000 ffffffff 00cf9300 DPL=0 DS   [-WA]
CS =0038 0000000000000000 ffffffff 00af9a00 DPL=0 CS64 [-R-]
SS =0030 0000000000000000 ffffffff 00cf9300 DPL=0 DS   [-WA]
DS =0030 0000000000000000 ffffffff 00cf9300 DPL=0 DS   [-WA]
FS =0030 0000000000000000 ffffffff 00cf9300 DPL=0 DS   [-WA]
GS =0030 0000000000000000 ffffffff 00cf9300 DPL=0 DS   [-WA]
LDT=0000 0000000000000000 0000ffff 00008200 DPL=0 LDT
TR =0000 0000000000000000 0000ffff 00008b00 DPL=0 TSS64-busy
GDT=     000000007f5dc000 00000047
IDT=     000000007f268018 00000fff
CR0=80010033 CR2=0000000000000000 CR3=000000007f801000 CR4=00000668
DR0=0000000000000000 DR1=0000000000000000 DR2=0000000000000000 DR3=0000000000000000 
DR6=00000000ffff0ff0 DR7=0000000000000400
CCS=0000000000000004 CCD=000000007ff023f0 CCO=EFLAGS
EFER=0000000000000d00
Servicing hardware INT=0x20
   116: v=20 e=0000 i=0 cpl=0 IP=0038:000000007ee3ba01 pc=000000007ee3ba01 SP=0030:000000007ff023f8 env->regs[R_EAX]=0000000000000000
RAX=0000000000000000 RBX=0000000000000004 RCX=000000007ee5ca18 RDX=0000000000000000
RSI=00000000ffffffff RDI=000000007ff1ce70 RBP=000000007ff02470 RSP=000000007ff023f8
R8 =000000007ff1ce60 R9 =000000007ff02331 R10=0000000000000080 R11=000000007e621988
R12=000000007ee5ca60 R13=0000000000000100 R14=000000007ff24960 R15=000000007ff24a60
RIP=000000007ee3ba01 RFL=00000206 [-----P-] CPL=0 II=0 A20=1 SMM=0 HLT=0
ES =0030 0000000000000000 ffffffff 00cf9300 DPL=0 DS   [-WA]
CS =0038 0000000000000000 ffffffff 00af9a00 DPL=0 CS64 [-R-]
SS =0030 0000000000000000 ffffffff 00cf9300 DPL=0 DS   [-WA]
DS =0030 0000000000000000 ffffffff 00cf9300 DPL=0 DS   [-WA]
FS =0030 0000000000000000 ffffffff 00cf9300 DPL=0 DS   [-WA]
GS =0030 0000000000000000 ffffffff 00cf9300 DPL=0 DS   [-WA]
LDT=0000 0000000000000000 0000ffff 00008200 DPL=0 LDT
TR =0000 0000000000000000 0000ffff 00008b00 DPL=0 TSS64-busy
GDT=     000000007f5dc000 00000047
IDT=     000000007f268018 00000fff
CR0=80010033 CR2=0000000000000000 CR3=000000007f801000 CR4=00000668
DR0=0000000000000000 DR1=0000000000000000 DR2=0000000000000000 DR3=0000000000000000 
DR6=00000000ffff0ff0 DR7=0000000000000400
CCS=0000000000000004 CCD=000000007ff023f0 CCO=EFLAGS
EFER=0000000000000d00
Servicing hardware INT=0x20
   117: v=20 e=0000 i=0 cpl=0 IP=0038:000000007ee3ba01 pc=000000007ee3ba01 SP=0030:000000007ff023f8 env->regs[R_EAX]=0000000000000000
RAX=0000000000000000 RBX=0000000000000004 RCX=000000007ee5ca18 RDX=0000000000000000
RSI=00000000ffffffff RDI=000000007ff1ce70 RBP=000000007ff02470 RSP=000000007ff023f8
R8 =000000007ff1ce60 R9 =000000007ff02331 R10=0000000000000080 R11=000000007e621988
R12=000000007ee5ca60 R13=0000000000000100 R14=000000007ff24960 R15=000000007ff24a60
RIP=000000007ee3ba01 RFL=00000206 [-----P-] CPL=0 II=0 A20=1 SMM=0 HLT=0
ES =0030 0000000000000000 ffffffff 00cf9300 DPL=0 DS   [-WA]
CS =0038 0000000000000000 ffffffff 00af9a00 DPL=0 CS64 [-R-]
SS =0030 0000000000000000 ffffffff 00cf9300 DPL=0 DS   [-WA]
DS =0030 0000000000000000 ffffffff 00cf9300 DPL=0 DS   [-WA]
FS =0030 0000000000000000 ffffffff 00cf9300 DPL=0 DS   [-WA]
GS =0030 0000000000000000 ffffffff 00cf9300 DPL=0 DS   [-WA]
LDT=0000 0000000000000000 0000ffff 00008200 DPL=0 LDT
TR =0000 0000000000000000 0000ffff 00008b00 DPL=0 TSS64-busy
GDT=     000000007f5dc000 00000047
IDT=     000000007f268018 00000fff
CR0=80010033 CR2=0000000000000000 CR3=000000007f801000 CR4=00000668
DR0=0000000000000000 DR1=0000000000000000 DR2=0000000000000000 DR3=0000000000000000 
DR6=00000000ffff0ff0 DR7=0000000000000400
CCS=0000000000000004 CCD=000000007ff023f0 CCO=EFLAGS
EFER=0000000000000d00
Servicing hardware INT=0x20
   118: v=20 e=0000 i=0 cpl=0 IP=0038:000000007ee3ba01 pc=000000007ee3ba01 SP=0030:000000007ff023f8 env->regs[R_EAX]=0000000000000000
RAX=0000000000000000 RBX=0000000000000004 RCX=000000007ee5ca18 RDX=0000000000000000
RSI=00000000ffffffff RDI=000000007ff1ce70 RBP=000000007ff02470 RSP=000000007ff023f8
R8 =000000007ff1ce60 R9 =000000007ff02331 R10=0000000000000080 R11=000000007e621988
R12=000000007ee5ca60 R13=0000000000000100 R14=000000007ff24960 R15=000000007ff24a60
RIP=000000007ee3ba01 RFL=00000206 [-----P-] CPL=0 II=0 A20=1 SMM=0 HLT=0
ES =0030 0000000000000000 ffffffff 00cf9300 DPL=0 DS   [-WA]
CS =0038 0000000000000000 ffffffff 00af9a00 DPL=0 CS64 [-R-]
SS =0030 0000000000000000 ffffffff 00cf9300 DPL=0 DS   [-WA]
DS =0030 0000000000000000 ffffffff 00cf9300 DPL=0 DS   [-WA]
FS =0030 0000000000000000 ffffffff 00cf9300 DPL=0 DS   [-WA]
GS =0030 0000000000000000 ffffffff 00cf9300 DPL=0 DS   [-WA]
LDT=0000 0000000000000000 0000ffff 00008200 DPL=0 LDT
TR =0000 0000000000000000 0000ffff 00008b00 DPL=0 TSS64-busy
GDT=     000000007f5dc000 00000047
IDT=     000000007f268018 00000fff
CR0=80010033 CR2=0000000000000000 CR3=000000007f801000 CR4=00000668
DR0=0000000000000000 DR1=0000000000000000 DR2=0000000000000000 DR3=0000000000000000 
DR6=00000000ffff0ff0 DR7=0000000000000400
CCS=0000000000000004 CCD=000000007ff023f0 CCO=EFLAGS
EFER=0000000000000d00
Servicing hardware INT=0x20
   119: v=20 e=0000 i=0 cpl=0 IP=0038:000000007ee3ba01 pc=000000007ee3ba01 SP=0030:000000007ff023f8 env->regs[R_EAX]=0000000000000000
RAX=0000000000000000 RBX=0000000000000004 RCX=000000007ee5ca18 RDX=0000000000000000
RSI=00000000ffffffff RDI=000000007ff1ce70 RBP=000000007ff02470 RSP=000000007ff023f8
R8 =000000007ff1ce60 R9 =000000007ff02331 R10=0000000000000080 R11=000000007e621988
R12=000000007ee5ca60 R13=0000000000000100 R14=000000007ff24960 R15=000000007ff24a60
RIP=000000007ee3ba01 RFL=00000206 [-----P-] CPL=0 II=0 A20=1 SMM=0 HLT=0
ES =0030 0000000000000000 ffffffff 00cf9300 DPL=0 DS   [-WA]
CS =0038 0000000000000000 ffffffff 00af9a00 DPL=0 CS64 [-R-]
SS =0030 0000000000000000 ffffffff 00cf9300 DPL=0 DS   [-WA]
DS =0030 0000000000000000 ffffffff 00cf9300 DPL=0 DS   [-WA]
FS =0030 0000000000000000 ffffffff 00cf9300 DPL=0 DS   [-WA]
GS =0030 0000000000000000 ffffffff 00cf9300 DPL=0 DS   [-WA]
LDT=0000 0000000000000000 0000ffff 00008200 DPL=0 LDT
TR =0000 0000000000000000 0000ffff 00008b00 DPL=0 TSS64-busy
GDT=     000000007f5dc000 00000047
IDT=     000000007f268018 00000fff
CR0=80010033 CR2=0000000000000000 CR3=000000007f801000 CR4=00000668
DR0=0000000000000000 DR1=0000000000000000 DR2=0000000000000000 DR3=0000000000000000 
DR6=00000000ffff0ff0 DR7=0000000000000400
CCS=0000000000000004 CCD=000000007ff023f0 CCO=EFLAGS
EFER=0000000000000d00
Servicing hardware INT=0x20
   120: v=20 e=0000 i=0 cpl=0 IP=0038:000000007ee3ba01 pc=000000007ee3ba01 SP=0030:000000007ff023f8 env->regs[R_EAX]=0000000000000000
RAX=0000000000000000 RBX=0000000000000004 RCX=000000007ee5ca18 RDX=0000000000000000
RSI=00000000ffffffff RDI=000000007ff1ce70 RBP=000000007ff02470 RSP=000000007ff023f8
R8 =000000007ff1ce60 R9 =000000007ff02331 R10=0000000000000080 R11=000000007e621988
R12=000000007ee5ca60 R13=0000000000000100 R14=000000007ff24960 R15=000000007ff24a60
RIP=000000007ee3ba01 RFL=00000206 [-----P-] CPL=0 II=0 A20=1 SMM=0 HLT=0
ES =0030 0000000000000000 ffffffff 00cf9300 DPL=0 DS   [-WA]
CS =0038 0000000000000000 ffffffff 00af9a00 DPL=0 CS64 [-R-]
SS =0030 0000000000000000 ffffffff 00cf9300 DPL=0 DS   [-WA]
DS =0030 0000000000000000 ffffffff 00cf9300 DPL=0 DS   [-WA]
FS =0030 0000000000000000 ffffffff 00cf9300 DPL=0 DS   [-WA]
GS =0030 0000000000000000 ffffffff 00cf9300 DPL=0 DS   [-WA]
LDT=0000 0000000000000000 0000ffff 00008200 DPL=0 LDT
TR =0000 0000000000000000 0000ffff 00008b00 DPL=0 TSS64-busy
GDT=     000000007f5dc000 00000047
IDT=     000000007f268018 00000fff
CR0=80010033 CR2=0000000000000000 CR3=000000007f801000 CR4=00000668
DR0=0000000000000000 DR1=0000000000000000 DR2=0000000000000000 DR3=0000000000000000 
DR6=00000000ffff0ff0 DR7=0000000000000400
CCS=0000000000000004 CCD=000000007ff023f0 CCO=EFLAGS
EFER=0000000000000d00
Servicing hardware INT=0x20
   121: v=20 e=0000 i=0 cpl=0 IP=0038:000000007ee3ba01 pc=000000007ee3ba01 SP=0030:000000007ff023f8 env->regs[R_EAX]=0000000000000000
RAX=0000000000000000 RBX=0000000000000004 RCX=000000007ee5ca18 RDX=0000000000000000
RSI=00000000ffffffff RDI=000000007ff1ce70 RBP=000000007ff02470 RSP=000000007ff023f8
R8 =000000007ff1ce60 R9 =000000007ff02331 R10=0000000000000080 R11=000000007e621988
R12=000000007ee5ca60 R13=0000000000000100 R14=000000007ff24960 R15=000000007ff24a60
RIP=000000007ee3ba01 RFL=00000206 [-----P-] CPL=0 II=0 A20=1 SMM=0 HLT=0
ES =0030 0000000000000000 ffffffff 00cf9300 DPL=0 DS   [-WA]
CS =0038 0000000000000000 ffffffff 00af9a00 DPL=0 CS64 [-R-]
SS =0030 0000000000000000 ffffffff 00cf9300 DPL=0 DS   [-WA]
DS =0030 0000000000000000 ffffffff 00cf9300 DPL=0 DS   [-WA]
FS =0030 0000000000000000 ffffffff 00cf9300 DPL=0 DS   [-WA]
GS =0030 0000000000000000 ffffffff 00cf9300 DPL=0 DS   [-WA]
LDT=0000 0000000000000000 0000ffff 00008200 DPL=0 LDT
TR =0000 0000000000000000 0000ffff 00008b00 DPL=0 TSS64-busy
GDT=     000000007f5dc000 00000047
IDT=     000000007f268018 00000fff
CR0=80010033 CR2=0000000000000000 CR3=000000007f801000 CR4=00000668
DR0=0000000000000000 DR1=0000000000000000 DR2=0000000000000000 DR3=0000000000000000 
DR6=00000000ffff0ff0 DR7=0000000000000400
CCS=0000000000000004 CCD=000000007ff023f0 CCO=EFLAGS
EFER=0000000000000d00
Servicing hardware INT=0x20
   122: v=20 e=0000 i=0 cpl=0 IP=0038:000000007ee3ba01 pc=000000007ee3ba01 SP=0030:000000007ff023f8 env->regs[R_EAX]=0000000000000000
RAX=0000000000000000 RBX=0000000000000004 RCX=000000007ee5ca18 RDX=0000000000000000
RSI=00000000ffffffff RDI=000000007ff1ce70 RBP=000000007ff02470 RSP=000000007ff023f8
R8 =000000007ff1ce60 R9 =000000007ff02331 R10=0000000000000080 R11=000000007e621988
R12=000000007ee5ca60 R13=0000000000000100 R14=000000007ff24960 R15=000000007ff24a60
RIP=000000007ee3ba01 RFL=00000206 [-----P-] CPL=0 II=0 A20=1 SMM=0 HLT=0
ES =0030 0000000000000000 ffffffff 00cf9300 DPL=0 DS   [-WA]
CS =0038 0000000000000000 ffffffff 00af9a00 DPL=0 CS64 [-R-]
SS =0030 0000000000000000 ffffffff 00cf9300 DPL=0 DS   [-WA]
DS =0030 0000000000000000 ffffffff 00cf9300 DPL=0 DS   [-WA]
FS =0030 0000000000000000 ffffffff 00cf9300 DPL=0 DS   [-WA]
GS =0030 0000000000000000 ffffffff 00cf9300 DPL=0 DS   [-WA]
LDT=0000 0000000000000000 0000ffff 00008200 DPL=0 LDT
TR =0000 0000000000000000 0000ffff 00008b00 DPL=0 TSS64-busy
GDT=     000000007f5dc000 00000047
IDT=     000000007f268018 00000fff
CR0=80010033 CR2=0000000000000000 CR3=000000007f801000 CR4=00000668
DR0=0000000000000000 DR1=0000000000000000 DR2=0000000000000000 DR3=0000000000000000 
DR6=00000000ffff0ff0 DR7=0000000000000400
CCS=0000000000000004 CCD=000000007ff023f0 CCO=EFLAGS
EFER=0000000000000d00
Servicing hardware INT=0x20
   123: v=20 e=0000 i=0 cpl=0 IP=0038:000000007ee3ba01 pc=000000007ee3ba01 SP=0030:000000007ff023f8 env->regs[R_EAX]=0000000000000000
RAX=0000000000000000 RBX=0000000000000004 RCX=000000007ee5ca18 RDX=0000000000000000
RSI=00000000ffffffff RDI=000000007ff1ce70 RBP=000000007ff02470 RSP=000000007ff023f8
R8 =000000007ff1ce60 R9 =000000007ff02331 R10=0000000000000080 R11=000000007e621988
R12=000000007ee5ca60 R13=0000000000000100 R14=000000007ff24960 R15=000000007ff24a60
RIP=000000007ee3ba01 RFL=00000206 [-----P-] CPL=0 II=0 A20=1 SMM=0 HLT=0
ES =0030 0000000000000000 ffffffff 00cf9300 DPL=0 DS   [-WA]
CS =0038 0000000000000000 ffffffff 00af9a00 DPL=0 CS64 [-R-]
SS =0030 0000000000000000 ffffffff 00cf9300 DPL=0 DS   [-WA]
DS =0030 0000000000000000 ffffffff 00cf9300 DPL=0 DS   [-WA]
FS =0030 0000000000000000 ffffffff 00cf9300 DPL=0 DS   [-WA]
GS =0030 0000000000000000 ffffffff 00cf9300 DPL=0 DS   [-WA]
LDT=0000 0000000000000000 0000ffff 00008200 DPL=0 LDT
TR =0000 0000000000000000 0000ffff 00008b00 DPL=0 TSS64-busy
GDT=     000000007f5dc000 00000047
IDT=     000000007f268018 00000fff
CR0=80010033 CR2=0000000000000000 CR3=000000007f801000 CR4=00000668
DR0=0000000000000000 DR1=0000000000000000 DR2=0000000000000000 DR3=0000000000000000 
DR6=00000000ffff0ff0 DR7=0000000000000400
CCS=0000000000000004 CCD=000000007ff023f0 CCO=EFLAGS
EFER=0000000000000d00
Servicing hardware INT=0x20
   124: v=20 e=0000 i=0 cpl=0 IP=0038:000000007ee3ba01 pc=000000007ee3ba01 SP=0030:000000007ff023f8 env->regs[R_EAX]=0000000000000000
RAX=0000000000000000 RBX=0000000000000004 RCX=000000007ee5ca18 RDX=0000000000000000
RSI=00000000ffffffff RDI=000000007ff1ce70 RBP=000000007ff02470 RSP=000000007ff023f8
R8 =000000007ff1ce60 R9 =000000007ff02331 R10=0000000000000080 R11=000000007e621988
R12=000000007ee5ca60 R13=0000000000000100 R14=000000007ff24960 R15=000000007ff24a60
RIP=000000007ee3ba01 RFL=00000206 [-----P-] CPL=0 II=0 A20=1 SMM=0 HLT=0
ES =0030 0000000000000000 ffffffff 00cf9300 DPL=0 DS   [-WA]
CS =0038 0000000000000000 ffffffff 00af9a00 DPL=0 CS64 [-R-]
SS =0030 0000000000000000 ffffffff 00cf9300 DPL=0 DS   [-WA]
DS =0030 0000000000000000 ffffffff 00cf9300 DPL=0 DS   [-WA]
FS =0030 0000000000000000 ffffffff 00cf9300 DPL=0 DS   [-WA]
GS =0030 0000000000000000 ffffffff 00cf9300 DPL=0 DS   [-WA]
LDT=0000 0000000000000000 0000ffff 00008200 DPL=0 LDT
TR =0000 0000000000000000 0000ffff 00008b00 DPL=0 TSS64-busy
GDT=     000000007f5dc000 00000047
IDT=     000000007f268018 00000fff
CR0=80010033 CR2=0000000000000000 CR3=000000007f801000 CR4=00000668
DR0=0000000000000000 DR1=0000000000000000 DR2=0000000000000000 DR3=0000000000000000 
DR6=00000000ffff0ff0 DR7=0000000000000400
CCS=0000000000000004 CCD=000000007ff023f0 CCO=EFLAGS
EFER=0000000000000d00
Servicing hardware INT=0x20
   125: v=20 e=0000 i=0 cpl=0 IP=0038:000000007ee3ba01 pc=000000007ee3ba01 SP=0030:000000007ff023f8 env->regs[R_EAX]=0000000000000000
RAX=0000000000000000 RBX=0000000000000004 RCX=000000007ee5ca18 RDX=0000000000000000
RSI=00000000ffffffff RDI=000000007ff1ce70 RBP=000000007ff02470 RSP=000000007ff023f8
R8 =000000007ff1ce60 R9 =000000007ff02331 R10=0000000000000080 R11=000000007e621988
R12=000000007ee5ca60 R13=0000000000000100 R14=000000007ff24960 R15=000000007ff24a60
RIP=000000007ee3ba01 RFL=00000206 [-----P-] CPL=0 II=0 A20=1 SMM=0 HLT=0
ES =0030 0000000000000000 ffffffff 00cf9300 DPL=0 DS   [-WA]
CS =0038 0000000000000000 ffffffff 00af9a00 DPL=0 CS64 [-R-]
SS =0030 0000000000000000 ffffffff 00cf9300 DPL=0 DS   [-WA]
DS =0030 0000000000000000 ffffffff 00cf9300 DPL=0 DS   [-WA]
FS =0030 0000000000000000 ffffffff 00cf9300 DPL=0 DS   [-WA]
GS =0030 0000000000000000 ffffffff 00cf9300 DPL=0 DS   [-WA]
LDT=0000 0000000000000000 0000ffff 00008200 DPL=0 LDT
TR =0000 0000000000000000 0000ffff 00008b00 DPL=0 TSS64-busy
GDT=     000000007f5dc000 00000047
IDT=     000000007f268018 00000fff
CR0=80010033 CR2=0000000000000000 CR3=000000007f801000 CR4=00000668
DR0=0000000000000000 DR1=0000000000000000 DR2=0000000000000000 DR3=0000000000000000 
DR6=00000000ffff0ff0 DR7=0000000000000400
CCS=0000000000000004 CCD=000000007ff023f0 CCO=EFLAGS
EFER=0000000000000d00
Servicing hardware INT=0x20
   126: v=20 e=0000 i=0 cpl=0 IP=0038:000000007ee3ba01 pc=000000007ee3ba01 SP=0030:000000007ff023f8 env->regs[R_EAX]=0000000000000000
RAX=0000000000000000 RBX=0000000000000004 RCX=000000007ee5ca18 RDX=0000000000000000
RSI=00000000ffffffff RDI=000000007ff1ce70 RBP=000000007ff02470 RSP=000000007ff023f8
R8 =000000007ff1ce60 R9 =000000007ff02331 R10=0000000000000080 R11=000000007e621988
R12=000000007ee5ca60 R13=0000000000000100 R14=000000007ff24960 R15=000000007ff24a60
RIP=000000007ee3ba01 RFL=00000206 [-----P-] CPL=0 II=0 A20=1 SMM=0 HLT=0
ES =0030 0000000000000000 ffffffff 00cf9300 DPL=0 DS   [-WA]
CS =0038 0000000000000000 ffffffff 00af9a00 DPL=0 CS64 [-R-]
SS =0030 0000000000000000 ffffffff 00cf9300 DPL=0 DS   [-WA]
DS =0030 0000000000000000 ffffffff 00cf9300 DPL=0 DS   [-WA]
FS =0030 0000000000000000 ffffffff 00cf9300 DPL=0 DS   [-WA]
GS =0030 0000000000000000 ffffffff 00cf9300 DPL=0 DS   [-WA]
LDT=0000 0000000000000000 0000ffff 00008200 DPL=0 LDT
TR =0000 0000000000000000 0000ffff 00008b00 DPL=0 TSS64-busy
GDT=     000000007f5dc000 00000047
IDT=     000000007f268018 00000fff
CR0=80010033 CR2=0000000000000000 CR3=000000007f801000 CR4=00000668
DR0=0000000000000000 DR1=0000000000000000 DR2=0000000000000000 DR3=0000000000000000 
DR6=00000000ffff0ff0 DR7=0000000000000400
CCS=0000000000000004 CCD=000000007ff023f0 CCO=EFLAGS
EFER=0000000000000d00
Servicing hardware INT=0x20
   127: v=20 e=0000 i=0 cpl=0 IP=0038:000000007ee3ba01 pc=000000007ee3ba01 SP=0030:000000007ff023f8 env->regs[R_EAX]=0000000000000000
RAX=0000000000000000 RBX=0000000000000004 RCX=000000007ee5ca18 RDX=0000000000000000
RSI=00000000ffffffff RDI=000000007ff1ce70 RBP=000000007ff02470 RSP=000000007ff023f8
R8 =000000007ff1ce60 R9 =000000007ff02331 R10=0000000000000080 R11=000000007e621988
R12=000000007ee5ca60 R13=0000000000000100 R14=000000007ff24960 R15=000000007ff24a60
RIP=000000007ee3ba01 RFL=00000206 [-----P-] CPL=0 II=0 A20=1 SMM=0 HLT=0
ES =0030 0000000000000000 ffffffff 00cf9300 DPL=0 DS   [-WA]
CS =0038 0000000000000000 ffffffff 00af9a00 DPL=0 CS64 [-R-]
SS =0030 0000000000000000 ffffffff 00cf9300 DPL=0 DS   [-WA]
DS =0030 0000000000000000 ffffffff 00cf9300 DPL=0 DS   [-WA]
FS =0030 0000000000000000 ffffffff 00cf9300 DPL=0 DS   [-WA]
GS =0030 0000000000000000 ffffffff 00cf9300 DPL=0 DS   [-WA]
LDT=0000 0000000000000000 0000ffff 00008200 DPL=0 LDT
TR =0000 0000000000000000 0000ffff 00008b00 DPL=0 TSS64-busy
GDT=     000000007f5dc000 00000047
IDT=     000000007f268018 00000fff
CR0=80010033 CR2=0000000000000000 CR3=000000007f801000 CR4=00000668
DR0=0000000000000000 DR1=0000000000000000 DR2=0000000000000000 DR3=0000000000000000 
DR6=00000000ffff0ff0 DR7=0000000000000400
CCS=0000000000000004 CCD=000000007ff023f0 CCO=EFLAGS
EFER=0000000000000d00
Servicing hardware INT=0x20
   128: v=20 e=0000 i=0 cpl=0 IP=0038:000000007ee3ba01 pc=000000007ee3ba01 SP=0030:000000007ff023f8 env->regs[R_EAX]=0000000000000000
RAX=0000000000000000 RBX=0000000000000004 RCX=000000007ee5ca18 RDX=0000000000000000
RSI=00000000ffffffff RDI=000000007ff1ce70 RBP=000000007ff02470 RSP=000000007ff023f8
R8 =000000007ff1ce60 R9 =000000007ff02331 R10=0000000000000080 R11=000000007e621988
R12=000000007ee5ca60 R13=0000000000000100 R14=000000007ff24960 R15=000000007ff24a60
RIP=000000007ee3ba01 RFL=00000206 [-----P-] CPL=0 II=0 A20=1 SMM=0 HLT=0
ES =0030 0000000000000000 ffffffff 00cf9300 DPL=0 DS   [-WA]
CS =0038 0000000000000000 ffffffff 00af9a00 DPL=0 CS64 [-R-]
SS =0030 0000000000000000 ffffffff 00cf9300 DPL=0 DS   [-WA]
DS =0030 0000000000000000 ffffffff 00cf9300 DPL=0 DS   [-WA]
FS =0030 0000000000000000 ffffffff 00cf9300 DPL=0 DS   [-WA]
GS =0030 0000000000000000 ffffffff 00cf9300 DPL=0 DS   [-WA]
LDT=0000 0000000000000000 0000ffff 00008200 DPL=0 LDT
TR =0000 0000000000000000 0000ffff 00008b00 DPL=0 TSS64-busy
GDT=     000000007f5dc000 00000047
IDT=     000000007f268018 00000fff
CR0=80010033 CR2=0000000000000000 CR3=000000007f801000 CR4=00000668
DR0=0000000000000000 DR1=0000000000000000 DR2=0000000000000000 DR3=0000000000000000 
DR6=00000000ffff0ff0 DR7=0000000000000400
CCS=0000000000000004 CCD=000000007ff023f0 CCO=EFLAGS
EFER=0000000000000d00
Servicing hardware INT=0x20
   129: v=20 e=0000 i=0 cpl=0 IP=0038:000000007ee3ba01 pc=000000007ee3ba01 SP=0030:000000007ff023f8 env->regs[R_EAX]=0000000000000000
RAX=0000000000000000 RBX=0000000000000004 RCX=000000007ee5ca18 RDX=0000000000000000
RSI=00000000ffffffff RDI=000000007ff1ce70 RBP=000000007ff02470 RSP=000000007ff023f8
R8 =000000007ff1ce60 R9 =000000007ff02331 R10=0000000000000080 R11=000000007e621988
R12=000000007ee5ca60 R13=0000000000000100 R14=000000007ff24960 R15=000000007ff24a60
RIP=000000007ee3ba01 RFL=00000206 [-----P-] CPL=0 II=0 A20=1 SMM=0 HLT=0
ES =0030 0000000000000000 ffffffff 00cf9300 DPL=0 DS   [-WA]
CS =0038 0000000000000000 ffffffff 00af9a00 DPL=0 CS64 [-R-]
SS =0030 0000000000000000 ffffffff 00cf9300 DPL=0 DS   [-WA]
DS =0030 0000000000000000 ffffffff 00cf9300 DPL=0 DS   [-WA]
FS =0030 0000000000000000 ffffffff 00cf9300 DPL=0 DS   [-WA]
GS =0030 0000000000000000 ffffffff 00cf9300 DPL=0 DS   [-WA]
LDT=0000 0000000000000000 0000ffff 00008200 DPL=0 LDT
TR =0000 0000000000000000 0000ffff 00008b00 DPL=0 TSS64-busy
GDT=     000000007f5dc000 00000047
IDT=     000000007f268018 00000fff
CR0=80010033 CR2=0000000000000000 CR3=000000007f801000 CR4=00000668
DR0=0000000000000000 DR1=0000000000000000 DR2=0000000000000000 DR3=0000000000000000 
DR6=00000000ffff0ff0 DR7=0000000000000400
CCS=0000000000000004 CCD=000000007ff023f0 CCO=EFLAGS
EFER=0000000000000d00
Servicing hardware INT=0x20
   130: v=20 e=0000 i=0 cpl=0 IP=0038:000000007ee3ba01 pc=000000007ee3ba01 SP=0030:000000007ff023f8 env->regs[R_EAX]=0000000000000000
RAX=0000000000000000 RBX=0000000000000004 RCX=000000007ee5ca18 RDX=0000000000000000
RSI=00000000ffffffff RDI=000000007ff1ce70 RBP=000000007ff02470 RSP=000000007ff023f8
R8 =000000007ff1ce60 R9 =000000007ff02331 R10=0000000000000080 R11=000000007e621988
R12=000000007ee5ca60 R13=0000000000000100 R14=000000007ff24960 R15=000000007ff24a60
RIP=000000007ee3ba01 RFL=00000206 [-----P-] CPL=0 II=0 A20=1 SMM=0 HLT=0
ES =0030 0000000000000000 ffffffff 00cf9300 DPL=0 DS   [-WA]
CS =0038 0000000000000000 ffffffff 00af9a00 DPL=0 CS64 [-R-]
SS =0030 0000000000000000 ffffffff 00cf9300 DPL=0 DS   [-WA]
DS =0030 0000000000000000 ffffffff 00cf9300 DPL=0 DS   [-WA]
FS =0030 0000000000000000 ffffffff 00cf9300 DPL=0 DS   [-WA]
GS =0030 0000000000000000 ffffffff 00cf9300 DPL=0 DS   [-WA]
LDT=0000 0000000000000000 0000ffff 00008200 DPL=0 LDT
TR =0000 0000000000000000 0000ffff 00008b00 DPL=0 TSS64-busy
GDT=     000000007f5dc000 00000047
IDT=     000000007f268018 00000fff
CR0=80010033 CR2=0000000000000000 CR3=000000007f801000 CR4=00000668
DR0=0000000000000000 DR1=0000000000000000 DR2=0000000000000000 DR3=0000000000000000 
DR6=00000000ffff0ff0 DR7=0000000000000400
CCS=0000000000000004 CCD=000000007ff023f0 CCO=EFLAGS
EFER=0000000000000d00
Servicing hardware INT=0x20
   131: v=20 e=0000 i=0 cpl=0 IP=0038:000000007ee3ba01 pc=000000007ee3ba01 SP=0030:000000007ff023f8 env->regs[R_EAX]=0000000000000000
RAX=0000000000000000 RBX=0000000000000004 RCX=000000007ee5ca18 RDX=0000000000000000
RSI=00000000ffffffff RDI=000000007ff1ce70 RBP=000000007ff02470 RSP=000000007ff023f8
R8 =000000007ff1ce60 R9 =000000007ff02331 R10=0000000000000080 R11=000000007e621988
R12=000000007ee5ca60 R13=0000000000000100 R14=000000007ff24960 R15=000000007ff24a60
RIP=000000007ee3ba01 RFL=00000206 [-----P-] CPL=0 II=0 A20=1 SMM=0 HLT=0
ES =0030 0000000000000000 ffffffff 00cf9300 DPL=0 DS   [-WA]
CS =0038 0000000000000000 ffffffff 00af9a00 DPL=0 CS64 [-R-]
SS =0030 0000000000000000 ffffffff 00cf9300 DPL=0 DS   [-WA]
DS =0030 0000000000000000 ffffffff 00cf9300 DPL=0 DS   [-WA]
FS =0030 0000000000000000 ffffffff 00cf9300 DPL=0 DS   [-WA]
GS =0030 0000000000000000 ffffffff 00cf9300 DPL=0 DS   [-WA]
LDT=0000 0000000000000000 0000ffff 00008200 DPL=0 LDT
TR =0000 0000000000000000 0000ffff 00008b00 DPL=0 TSS64-busy
GDT=     000000007f5dc000 00000047
IDT=     000000007f268018 00000fff
CR0=80010033 CR2=0000000000000000 CR3=000000007f801000 CR4=00000668
DR0=0000000000000000 DR1=0000000000000000 DR2=0000000000000000 DR3=0000000000000000 
DR6=00000000ffff0ff0 DR7=0000000000000400
CCS=0000000000000004 CCD=000000007ff023f0 CCO=EFLAGS
EFER=0000000000000d00
Servicing hardware INT=0x20
   132: v=20 e=0000 i=0 cpl=0 IP=0038:000000007ee3ba01 pc=000000007ee3ba01 SP=0030:000000007ff023f8 env->regs[R_EAX]=0000000000000000
RAX=0000000000000000 RBX=0000000000000004 RCX=000000007ee5ca18 RDX=0000000000000000
RSI=00000000ffffffff RDI=000000007ff1ce70 RBP=000000007ff02470 RSP=000000007ff023f8
R8 =000000007ff1ce60 R9 =000000007ff02331 R10=0000000000000080 R11=000000007e621988
R12=000000007ee5ca60 R13=0000000000000100 R14=000000007ff24960 R15=000000007ff24a60
RIP=000000007ee3ba01 RFL=00000206 [-----P-] CPL=0 II=0 A20=1 SMM=0 HLT=0
ES =0030 0000000000000000 ffffffff 00cf9300 DPL=0 DS   [-WA]
CS =0038 0000000000000000 ffffffff 00af9a00 DPL=0 CS64 [-R-]
SS =0030 0000000000000000 ffffffff 00cf9300 DPL=0 DS   [-WA]
DS =0030 0000000000000000 ffffffff 00cf9300 DPL=0 DS   [-WA]
FS =0030 0000000000000000 ffffffff 00cf9300 DPL=0 DS   [-WA]
GS =0030 0000000000000000 ffffffff 00cf9300 DPL=0 DS   [-WA]
LDT=0000 0000000000000000 0000ffff 00008200 DPL=0 LDT
TR =0000 0000000000000000 0000ffff 00008b00 DPL=0 TSS64-busy
GDT=     000000007f5dc000 00000047
IDT=     000000007f268018 00000fff
CR0=80010033 CR2=0000000000000000 CR3=000000007f801000 CR4=00000668
DR0=0000000000000000 DR1=0000000000000000 DR2=0000000000000000 DR3=0000000000000000 
DR6=00000000ffff0ff0 DR7=0000000000000400
CCS=0000000000000004 CCD=000000007ff023f0 CCO=EFLAGS
EFER=0000000000000d00
Servicing hardware INT=0x20
   133: v=20 e=0000 i=0 cpl=0 IP=0038:000000007ee3ba01 pc=000000007ee3ba01 SP=0030:000000007ff023f8 env->regs[R_EAX]=0000000000000000
RAX=0000000000000000 RBX=0000000000000004 RCX=000000007ee5ca18 RDX=0000000000000000
RSI=00000000ffffffff RDI=000000007ff1ce70 RBP=000000007ff02470 RSP=000000007ff023f8
R8 =000000007ff1ce60 R9 =000000007ff02331 R10=0000000000000080 R11=000000007e621988
R12=000000007ee5ca60 R13=0000000000000100 R14=000000007ff24960 R15=000000007ff24a60
RIP=000000007ee3ba01 RFL=00000206 [-----P-] CPL=0 II=0 A20=1 SMM=0 HLT=0
ES =0030 0000000000000000 ffffffff 00cf9300 DPL=0 DS   [-WA]
CS =0038 0000000000000000 ffffffff 00af9a00 DPL=0 CS64 [-R-]
SS =0030 0000000000000000 ffffffff 00cf9300 DPL=0 DS   [-WA]
DS =0030 0000000000000000 ffffffff 00cf9300 DPL=0 DS   [-WA]
FS =0030 0000000000000000 ffffffff 00cf9300 DPL=0 DS   [-WA]
GS =0030 0000000000000000 ffffffff 00cf9300 DPL=0 DS   [-WA]
LDT=0000 0000000000000000 0000ffff 00008200 DPL=0 LDT
TR =0000 0000000000000000 0000ffff 00008b00 DPL=0 TSS64-busy
GDT=     000000007f5dc000 00000047
IDT=     000000007f268018 00000fff
CR0=80010033 CR2=0000000000000000 CR3=000000007f801000 CR4=00000668
DR0=0000000000000000 DR1=0000000000000000 DR2=0000000000000000 DR3=0000000000000000 
DR6=00000000ffff0ff0 DR7=0000000000000400
CCS=0000000000000004 CCD=000000007ff023f0 CCO=EFLAGS
EFER=0000000000000d00
Servicing hardware INT=0x20
   134: v=20 e=0000 i=0 cpl=0 IP=0038:000000007ee3ba01 pc=000000007ee3ba01 SP=0030:000000007ff023f8 env->regs[R_EAX]=0000000000000000
RAX=0000000000000000 RBX=0000000000000004 RCX=000000007ee5ca18 RDX=0000000000000000
RSI=00000000ffffffff RDI=000000007ff1ce70 RBP=000000007ff02470 RSP=000000007ff023f8
R8 =000000007ff1ce60 R9 =000000007ff02331 R10=0000000000000080 R11=000000007e621988
R12=000000007ee5ca60 R13=0000000000000100 R14=000000007ff24960 R15=000000007ff24a60
RIP=000000007ee3ba01 RFL=00000206 [-----P-] CPL=0 II=0 A20=1 SMM=0 HLT=0
ES =0030 0000000000000000 ffffffff 00cf9300 DPL=0 DS   [-WA]
CS =0038 0000000000000000 ffffffff 00af9a00 DPL=0 CS64 [-R-]
SS =0030 0000000000000000 ffffffff 00cf9300 DPL=0 DS   [-WA]
DS =0030 0000000000000000 ffffffff 00cf9300 DPL=0 DS   [-WA]
FS =0030 0000000000000000 ffffffff 00cf9300 DPL=0 DS   [-WA]
GS =0030 0000000000000000 ffffffff 00cf9300 DPL=0 DS   [-WA]
LDT=0000 0000000000000000 0000ffff 00008200 DPL=0 LDT
TR =0000 0000000000000000 0000ffff 00008b00 DPL=0 TSS64-busy
GDT=     000000007f5dc000 00000047
IDT=     000000007f268018 00000fff
CR0=80010033 CR2=0000000000000000 CR3=000000007f801000 CR4=00000668
DR0=0000000000000000 DR1=0000000000000000 DR2=0000000000000000 DR3=0000000000000000 
DR6=00000000ffff0ff0 DR7=0000000000000400
CCS=0000000000000004 CCD=000000007ff023f0 CCO=EFLAGS
EFER=0000000000000d00
Servicing hardware INT=0x20
   135: v=20 e=0000 i=0 cpl=0 IP=0038:000000007ee3ba01 pc=000000007ee3ba01 SP=0030:000000007ff023f8 env->regs[R_EAX]=0000000000000000
RAX=0000000000000000 RBX=0000000000000004 RCX=000000007ee5ca18 RDX=0000000000000000
RSI=00000000ffffffff RDI=000000007ff1ce70 RBP=000000007ff02470 RSP=000000007ff023f8
R8 =000000007ff1ce60 R9 =000000007ff02331 R10=0000000000000080 R11=000000007e621988
R12=000000007ee5ca60 R13=0000000000000100 R14=000000007ff24960 R15=000000007ff24a60
RIP=000000007ee3ba01 RFL=00000206 [-----P-] CPL=0 II=0 A20=1 SMM=0 HLT=0
ES =0030 0000000000000000 ffffffff 00cf9300 DPL=0 DS   [-WA]
CS =0038 0000000000000000 ffffffff 00af9a00 DPL=0 CS64 [-R-]
SS =0030 0000000000000000 ffffffff 00cf9300 DPL=0 DS   [-WA]
DS =0030 0000000000000000 ffffffff 00cf9300 DPL=0 DS   [-WA]
FS =0030 0000000000000000 ffffffff 00cf9300 DPL=0 DS   [-WA]
GS =0030 0000000000000000 ffffffff 00cf9300 DPL=0 DS   [-WA]
LDT=0000 0000000000000000 0000ffff 00008200 DPL=0 LDT
TR =0000 0000000000000000 0000ffff 00008b00 DPL=0 TSS64-busy
GDT=     000000007f5dc000 00000047
IDT=     000000007f268018 00000fff
CR0=80010033 CR2=0000000000000000 CR3=000000007f801000 CR4=00000668
DR0=0000000000000000 DR1=0000000000000000 DR2=0000000000000000 DR3=0000000000000000 
DR6=00000000ffff0ff0 DR7=0000000000000400
CCS=0000000000000004 CCD=000000007ff023f0 CCO=EFLAGS
EFER=0000000000000d00
Servicing hardware INT=0x20
   136: v=20 e=0000 i=0 cpl=0 IP=0038:000000007ee3ba01 pc=000000007ee3ba01 SP=0030:000000007ff023f8 env->regs[R_EAX]=0000000000000000
RAX=0000000000000000 RBX=0000000000000004 RCX=000000007ee5ca18 RDX=0000000000000000
RSI=00000000ffffffff RDI=000000007ff1ce70 RBP=000000007ff02470 RSP=000000007ff023f8
R8 =000000007ff1ce60 R9 =000000007ff02331 R10=0000000000000080 R11=000000007e621988
R12=000000007ee5ca60 R13=0000000000000100 R14=000000007ff24960 R15=000000007ff24a60
RIP=000000007ee3ba01 RFL=00000206 [-----P-] CPL=0 II=0 A20=1 SMM=0 HLT=0
ES =0030 0000000000000000 ffffffff 00cf9300 DPL=0 DS   [-WA]
CS =0038 0000000000000000 ffffffff 00af9a00 DPL=0 CS64 [-R-]
SS =0030 0000000000000000 ffffffff 00cf9300 DPL=0 DS   [-WA]
DS =0030 0000000000000000 ffffffff 00cf9300 DPL=0 DS   [-WA]
FS =0030 0000000000000000 ffffffff 00cf9300 DPL=0 DS   [-WA]
GS =0030 0000000000000000 ffffffff 00cf9300 DPL=0 DS   [-WA]
LDT=0000 0000000000000000 0000ffff 00008200 DPL=0 LDT
TR =0000 0000000000000000 0000ffff 00008b00 DPL=0 TSS64-busy
GDT=     000000007f5dc000 00000047
IDT=     000000007f268018 00000fff
CR0=80010033 CR2=0000000000000000 CR3=000000007f801000 CR4=00000668
DR0=0000000000000000 DR1=0000000000000000 DR2=0000000000000000 DR3=0000000000000000 
DR6=00000000ffff0ff0 DR7=0000000000000400
CCS=0000000000000004 CCD=000000007ff023f0 CCO=EFLAGS
EFER=0000000000000d00
Servicing hardware INT=0x20
   137: v=20 e=0000 i=0 cpl=0 IP=0038:000000007ee3ba01 pc=000000007ee3ba01 SP=0030:000000007ff023f8 env->regs[R_EAX]=0000000000000000
RAX=0000000000000000 RBX=0000000000000004 RCX=000000007ee5ca18 RDX=0000000000000000
RSI=00000000ffffffff RDI=000000007ff1ce70 RBP=000000007ff02470 RSP=000000007ff023f8
R8 =000000007ff1ce60 R9 =000000007ff02331 R10=0000000000000080 R11=000000007e621988
R12=000000007ee5ca60 R13=0000000000000100 R14=000000007ff24960 R15=000000007ff24a60
RIP=000000007ee3ba01 RFL=00000206 [-----P-] CPL=0 II=0 A20=1 SMM=0 HLT=0
ES =0030 0000000000000000 ffffffff 00cf9300 DPL=0 DS   [-WA]
CS =0038 0000000000000000 ffffffff 00af9a00 DPL=0 CS64 [-R-]
SS =0030 0000000000000000 ffffffff 00cf9300 DPL=0 DS   [-WA]
DS =0030 0000000000000000 ffffffff 00cf9300 DPL=0 DS   [-WA]
FS =0030 0000000000000000 ffffffff 00cf9300 DPL=0 DS   [-WA]
GS =0030 0000000000000000 ffffffff 00cf9300 DPL=0 DS   [-WA]
LDT=0000 0000000000000000 0000ffff 00008200 DPL=0 LDT
TR =0000 0000000000000000 0000ffff 00008b00 DPL=0 TSS64-busy
GDT=     000000007f5dc000 00000047
IDT=     000000007f268018 00000fff
CR0=80010033 CR2=0000000000000000 CR3=000000007f801000 CR4=00000668
DR0=0000000000000000 DR1=0000000000000000 DR2=0000000000000000 DR3=0000000000000000 
DR6=00000000ffff0ff0 DR7=0000000000000400
CCS=0000000000000004 CCD=000000007ff023f0 CCO=EFLAGS
EFER=0000000000000d00
Servicing hardware INT=0x20
   138: v=20 e=0000 i=0 cpl=0 IP=0038:000000007ee3ba01 pc=000000007ee3ba01 SP=0030:000000007ff023f8 env->regs[R_EAX]=0000000000000000
RAX=0000000000000000 RBX=0000000000000004 RCX=000000007ee5ca18 RDX=0000000000000000
RSI=00000000ffffffff RDI=000000007ff1ce70 RBP=000000007ff02470 RSP=000000007ff023f8
R8 =000000007ff1ce60 R9 =000000007ff02331 R10=0000000000000080 R11=000000007e621988
R12=000000007ee5ca60 R13=0000000000000100 R14=000000007ff24960 R15=000000007ff24a60
RIP=000000007ee3ba01 RFL=00000206 [-----P-] CPL=0 II=0 A20=1 SMM=0 HLT=0
ES =0030 0000000000000000 ffffffff 00cf9300 DPL=0 DS   [-WA]
CS =0038 0000000000000000 ffffffff 00af9a00 DPL=0 CS64 [-R-]
SS =0030 0000000000000000 ffffffff 00cf9300 DPL=0 DS   [-WA]
DS =0030 0000000000000000 ffffffff 00cf9300 DPL=0 DS   [-WA]
FS =0030 0000000000000000 ffffffff 00cf9300 DPL=0 DS   [-WA]
GS =0030 0000000000000000 ffffffff 00cf9300 DPL=0 DS   [-WA]
LDT=0000 0000000000000000 0000ffff 00008200 DPL=0 LDT
TR =0000 0000000000000000 0000ffff 00008b00 DPL=0 TSS64-busy
GDT=     000000007f5dc000 00000047
IDT=     000000007f268018 00000fff
CR0=80010033 CR2=0000000000000000 CR3=000000007f801000 CR4=00000668
DR0=0000000000000000 DR1=0000000000000000 DR2=0000000000000000 DR3=0000000000000000 
DR6=00000000ffff0ff0 DR7=0000000000000400
CCS=0000000000000004 CCD=000000007ff023f0 CCO=EFLAGS
EFER=0000000000000d00
Servicing hardware INT=0x20
   139: v=20 e=0000 i=0 cpl=0 IP=0038:000000007ee3ba01 pc=000000007ee3ba01 SP=0030:000000007ff023f8 env->regs[R_EAX]=0000000000000000
RAX=0000000000000000 RBX=0000000000000004 RCX=000000007ee5ca18 RDX=0000000000000000
RSI=00000000ffffffff RDI=000000007ff1ce70 RBP=000000007ff02470 RSP=000000007ff023f8
R8 =000000007ff1ce60 R9 =000000007ff02331 R10=0000000000000080 R11=000000007e621988
R12=000000007ee5ca60 R13=0000000000000100 R14=000000007ff24960 R15=000000007ff24a60
RIP=000000007ee3ba01 RFL=00000206 [-----P-] CPL=0 II=0 A20=1 SMM=0 HLT=0
ES =0030 0000000000000000 ffffffff 00cf9300 DPL=0 DS   [-WA]
CS =0038 0000000000000000 ffffffff 00af9a00 DPL=0 CS64 [-R-]
SS =0030 0000000000000000 ffffffff 00cf9300 DPL=0 DS   [-WA]
DS =0030 0000000000000000 ffffffff 00cf9300 DPL=0 DS   [-WA]
FS =0030 0000000000000000 ffffffff 00cf9300 DPL=0 DS   [-WA]
GS =0030 0000000000000000 ffffffff 00cf9300 DPL=0 DS   [-WA]
LDT=0000 0000000000000000 0000ffff 00008200 DPL=0 LDT
TR =0000 0000000000000000 0000ffff 00008b00 DPL=0 TSS64-busy
GDT=     000000007f5dc000 00000047
IDT=     000000007f268018 00000fff
CR0=80010033 CR2=0000000000000000 CR3=000000007f801000 CR4=00000668
DR0=0000000000000000 DR1=0000000000000000 DR2=0000000000000000 DR3=0000000000000000 
DR6=00000000ffff0ff0 DR7=0000000000000400
CCS=0000000000000004 CCD=000000007ff023f0 CCO=EFLAGS
EFER=0000000000000d00
Servicing hardware INT=0x20
   140: v=20 e=0000 i=0 cpl=0 IP=0038:000000007ee3ba01 pc=000000007ee3ba01 SP=0030:000000007ff023f8 env->regs[R_EAX]=0000000000000000
RAX=0000000000000000 RBX=0000000000000004 RCX=000000007ee5ca18 RDX=0000000000000000
RSI=00000000ffffffff RDI=000000007ff1ce70 RBP=000000007ff02470 RSP=000000007ff023f8
R8 =000000007ff1ce60 R9 =000000007ff02331 R10=0000000000000080 R11=000000007e621988
R12=000000007ee5ca60 R13=0000000000000100 R14=000000007ff24960 R15=000000007ff24a60
RIP=000000007ee3ba01 RFL=00000206 [-----P-] CPL=0 II=0 A20=1 SMM=0 HLT=0
ES =0030 0000000000000000 ffffffff 00cf9300 DPL=0 DS   [-WA]
CS =0038 0000000000000000 ffffffff 00af9a00 DPL=0 CS64 [-R-]
SS =0030 0000000000000000 ffffffff 00cf9300 DPL=0 DS   [-WA]
DS =0030 0000000000000000 ffffffff 00cf9300 DPL=0 DS   [-WA]
FS =0030 0000000000000000 ffffffff 00cf9300 DPL=0 DS   [-WA]
GS =0030 0000000000000000 ffffffff 00cf9300 DPL=0 DS   [-WA]
LDT=0000 0000000000000000 0000ffff 00008200 DPL=0 LDT
TR =0000 0000000000000000 0000ffff 00008b00 DPL=0 TSS64-busy
GDT=     000000007f5dc000 00000047
IDT=     000000007f268018 00000fff
CR0=80010033 CR2=0000000000000000 CR3=000000007f801000 CR4=00000668
DR0=0000000000000000 DR1=0000000000000000 DR2=0000000000000000 DR3=0000000000000000 
DR6=00000000ffff0ff0 DR7=0000000000000400
CCS=0000000000000004 CCD=000000007ff023f0 CCO=EFLAGS
EFER=0000000000000d00
Servicing hardware INT=0x20
   141: v=20 e=0000 i=0 cpl=0 IP=0038:000000007ee3ba01 pc=000000007ee3ba01 SP=0030:000000007ff023f8 env->regs[R_EAX]=0000000000000000
RAX=0000000000000000 RBX=0000000000000004 RCX=000000007ee5ca18 RDX=0000000000000000
RSI=00000000ffffffff RDI=000000007ff1ce70 RBP=000000007ff02470 RSP=000000007ff023f8
R8 =000000007ff1ce60 R9 =000000007ff02331 R10=0000000000000080 R11=000000007e621988
R12=000000007ee5ca60 R13=0000000000000100 R14=000000007ff24960 R15=000000007ff24a60
RIP=000000007ee3ba01 RFL=00000206 [-----P-] CPL=0 II=0 A20=1 SMM=0 HLT=0
ES =0030 0000000000000000 ffffffff 00cf9300 DPL=0 DS   [-WA]
CS =0038 0000000000000000 ffffffff 00af9a00 DPL=0 CS64 [-R-]
SS =0030 0000000000000000 ffffffff 00cf9300 DPL=0 DS   [-WA]
DS =0030 0000000000000000 ffffffff 00cf9300 DPL=0 DS   [-WA]
FS =0030 0000000000000000 ffffffff 00cf9300 DPL=0 DS   [-WA]
GS =0030 0000000000000000 ffffffff 00cf9300 DPL=0 DS   [-WA]
LDT=0000 0000000000000000 0000ffff 00008200 DPL=0 LDT
TR =0000 0000000000000000 0000ffff 00008b00 DPL=0 TSS64-busy
GDT=     000000007f5dc000 00000047
IDT=     000000007f268018 00000fff
CR0=80010033 CR2=0000000000000000 CR3=000000007f801000 CR4=00000668
DR0=0000000000000000 DR1=0000000000000000 DR2=0000000000000000 DR3=0000000000000000 
DR6=00000000ffff0ff0 DR7=0000000000000400
CCS=0000000000000004 CCD=000000007ff023f0 CCO=EFLAGS
EFER=0000000000000d00
Servicing hardware INT=0x20
   142: v=20 e=0000 i=0 cpl=0 IP=0038:000000007ee3ba01 pc=000000007ee3ba01 SP=0030:000000007ff023f8 env->regs[R_EAX]=0000000000000000
RAX=0000000000000000 RBX=0000000000000004 RCX=000000007ee5ca18 RDX=0000000000000000
RSI=00000000ffffffff RDI=000000007ff1ce70 RBP=000000007ff02470 RSP=000000007ff023f8
R8 =000000007ff1ce60 R9 =000000007ff02331 R10=0000000000000080 R11=000000007e621988
R12=000000007ee5ca60 R13=0000000000000100 R14=000000007ff24960 R15=000000007ff24a60
RIP=000000007ee3ba01 RFL=00000206 [-----P-] CPL=0 II=0 A20=1 SMM=0 HLT=0
ES =0030 0000000000000000 ffffffff 00cf9300 DPL=0 DS   [-WA]
CS =0038 0000000000000000 ffffffff 00af9a00 DPL=0 CS64 [-R-]
SS =0030 0000000000000000 ffffffff 00cf9300 DPL=0 DS   [-WA]
DS =0030 0000000000000000 ffffffff 00cf9300 DPL=0 DS   [-WA]
FS =0030 0000000000000000 ffffffff 00cf9300 DPL=0 DS   [-WA]
GS =0030 0000000000000000 ffffffff 00cf9300 DPL=0 DS   [-WA]
LDT=0000 0000000000000000 0000ffff 00008200 DPL=0 LDT
TR =0000 0000000000000000 0000ffff 00008b00 DPL=0 TSS64-busy
GDT=     000000007f5dc000 00000047
IDT=     000000007f268018 00000fff
CR0=80010033 CR2=0000000000000000 CR3=000000007f801000 CR4=00000668
DR0=0000000000000000 DR1=0000000000000000 DR2=0000000000000000 DR3=0000000000000000 
DR6=00000000ffff0ff0 DR7=0000000000000400
CCS=0000000000000004 CCD=000000007ff023f0 CCO=EFLAGS
EFER=0000000000000d00
Servicing hardware INT=0x20
   143: v=20 e=0000 i=0 cpl=0 IP=0038:000000007ee3ba01 pc=000000007ee3ba01 SP=0030:000000007ff023f8 env->regs[R_EAX]=0000000000000000
RAX=0000000000000000 RBX=0000000000000004 RCX=000000007ee5ca18 RDX=0000000000000000
RSI=00000000ffffffff RDI=000000007ff1ce70 RBP=000000007ff02470 RSP=000000007ff023f8
R8 =000000007ff1ce60 R9 =000000007ff02331 R10=0000000000000080 R11=000000007e621988
R12=000000007ee5ca60 R13=0000000000000100 R14=000000007ff24960 R15=000000007ff24a60
RIP=000000007ee3ba01 RFL=00000206 [-----P-] CPL=0 II=0 A20=1 SMM=0 HLT=0
ES =0030 0000000000000000 ffffffff 00cf9300 DPL=0 DS   [-WA]
CS =0038 0000000000000000 ffffffff 00af9a00 DPL=0 CS64 [-R-]
SS =0030 0000000000000000 ffffffff 00cf9300 DPL=0 DS   [-WA]
DS =0030 0000000000000000 ffffffff 00cf9300 DPL=0 DS   [-WA]
FS =0030 0000000000000000 ffffffff 00cf9300 DPL=0 DS   [-WA]
GS =0030 0000000000000000 ffffffff 00cf9300 DPL=0 DS   [-WA]
LDT=0000 0000000000000000 0000ffff 00008200 DPL=0 LDT
TR =0000 0000000000000000 0000ffff 00008b00 DPL=0 TSS64-busy
GDT=     000000007f5dc000 00000047
IDT=     000000007f268018 00000fff
CR0=80010033 CR2=0000000000000000 CR3=000000007f801000 CR4=00000668
DR0=0000000000000000 DR1=0000000000000000 DR2=0000000000000000 DR3=0000000000000000 
DR6=00000000ffff0ff0 DR7=0000000000000400
CCS=0000000000000004 CCD=000000007ff023f0 CCO=EFLAGS
EFER=0000000000000d00
Servicing hardware INT=0x20
   144: v=20 e=0000 i=0 cpl=0 IP=0038:000000007ee3ba01 pc=000000007ee3ba01 SP=0030:000000007ff023f8 env->regs[R_EAX]=0000000000000000
RAX=0000000000000000 RBX=0000000000000004 RCX=000000007ee5ca18 RDX=0000000000000000
RSI=00000000ffffffff RDI=000000007ff1ce70 RBP=000000007ff02470 RSP=000000007ff023f8
R8 =000000007ff1ce60 R9 =000000007ff02331 R10=0000000000000080 R11=000000007e621988
R12=000000007ee5ca60 R13=0000000000000100 R14=000000007ff24960 R15=000000007ff24a60
RIP=000000007ee3ba01 RFL=00000206 [-----P-] CPL=0 II=0 A20=1 SMM=0 HLT=0
ES =0030 0000000000000000 ffffffff 00cf9300 DPL=0 DS   [-WA]
CS =0038 0000000000000000 ffffffff 00af9a00 DPL=0 CS64 [-R-]
SS =0030 0000000000000000 ffffffff 00cf9300 DPL=0 DS   [-WA]
DS =0030 0000000000000000 ffffffff 00cf9300 DPL=0 DS   [-WA]
FS =0030 0000000000000000 ffffffff 00cf9300 DPL=0 DS   [-WA]
GS =0030 0000000000000000 ffffffff 00cf9300 DPL=0 DS   [-WA]
LDT=0000 0000000000000000 0000ffff 00008200 DPL=0 LDT
TR =0000 0000000000000000 0000ffff 00008b00 DPL=0 TSS64-busy
GDT=     000000007f5dc000 00000047
IDT=     000000007f268018 00000fff
CR0=80010033 CR2=0000000000000000 CR3=000000007f801000 CR4=00000668
DR0=0000000000000000 DR1=0000000000000000 DR2=0000000000000000 DR3=0000000000000000 
DR6=00000000ffff0ff0 DR7=0000000000000400
CCS=0000000000000004 CCD=000000007ff023f0 CCO=EFLAGS
EFER=0000000000000d00
Servicing hardware INT=0x20
   145: v=20 e=0000 i=0 cpl=0 IP=0038:000000007ee3ba01 pc=000000007ee3ba01 SP=0030:000000007ff023f8 env->regs[R_EAX]=0000000000000000
RAX=0000000000000000 RBX=0000000000000004 RCX=000000007ee5ca18 RDX=0000000000000000
RSI=00000000ffffffff RDI=000000007ff1ce70 RBP=000000007ff02470 RSP=000000007ff023f8
R8 =000000007ff1ce60 R9 =000000007ff02331 R10=0000000000000080 R11=000000007e621988
R12=000000007ee5ca60 R13=0000000000000100 R14=000000007ff24960 R15=000000007ff24a60
RIP=000000007ee3ba01 RFL=00000206 [-----P-] CPL=0 II=0 A20=1 SMM=0 HLT=0
ES =0030 0000000000000000 ffffffff 00cf9300 DPL=0 DS   [-WA]
CS =0038 0000000000000000 ffffffff 00af9a00 DPL=0 CS64 [-R-]
SS =0030 0000000000000000 ffffffff 00cf9300 DPL=0 DS   [-WA]
DS =0030 0000000000000000 ffffffff 00cf9300 DPL=0 DS   [-WA]
FS =0030 0000000000000000 ffffffff 00cf9300 DPL=0 DS   [-WA]
GS =0030 0000000000000000 ffffffff 00cf9300 DPL=0 DS   [-WA]
LDT=0000 0000000000000000 0000ffff 00008200 DPL=0 LDT
TR =0000 0000000000000000 0000ffff 00008b00 DPL=0 TSS64-busy
GDT=     000000007f5dc000 00000047
IDT=     000000007f268018 00000fff
CR0=80010033 CR2=0000000000000000 CR3=000000007f801000 CR4=00000668
DR0=0000000000000000 DR1=0000000000000000 DR2=0000000000000000 DR3=0000000000000000 
DR6=00000000ffff0ff0 DR7=0000000000000400
CCS=0000000000000004 CCD=000000007ff023f0 CCO=EFLAGS
EFER=0000000000000d00
Servicing hardware INT=0x20
   146: v=20 e=0000 i=0 cpl=0 IP=0038:000000007ee3ba01 pc=000000007ee3ba01 SP=0030:000000007ff023f8 env->regs[R_EAX]=0000000000000000
RAX=0000000000000000 RBX=0000000000000004 RCX=000000007ee5ca18 RDX=0000000000000000
RSI=00000000ffffffff RDI=000000007ff1ce70 RBP=000000007ff02470 RSP=000000007ff023f8
R8 =000000007ff1ce60 R9 =000000007ff02331 R10=0000000000000080 R11=000000007e621988
R12=000000007ee5ca60 R13=0000000000000100 R14=000000007ff24960 R15=000000007ff24a60
RIP=000000007ee3ba01 RFL=00000206 [-----P-] CPL=0 II=0 A20=1 SMM=0 HLT=0
ES =0030 0000000000000000 ffffffff 00cf9300 DPL=0 DS   [-WA]
CS =0038 0000000000000000 ffffffff 00af9a00 DPL=0 CS64 [-R-]
SS =0030 0000000000000000 ffffffff 00cf9300 DPL=0 DS   [-WA]
DS =0030 0000000000000000 ffffffff 00cf9300 DPL=0 DS   [-WA]
FS =0030 0000000000000000 ffffffff 00cf9300 DPL=0 DS   [-WA]
GS =0030 0000000000000000 ffffffff 00cf9300 DPL=0 DS   [-WA]
LDT=0000 0000000000000000 0000ffff 00008200 DPL=0 LDT
TR =0000 0000000000000000 0000ffff 00008b00 DPL=0 TSS64-busy
GDT=     000000007f5dc000 00000047
IDT=     000000007f268018 00000fff
CR0=80010033 CR2=0000000000000000 CR3=000000007f801000 CR4=00000668
DR0=0000000000000000 DR1=0000000000000000 DR2=0000000000000000 DR3=0000000000000000 
DR6=00000000ffff0ff0 DR7=0000000000000400
CCS=0000000000000004 CCD=000000007ff023f0 CCO=EFLAGS
EFER=0000000000000d00
Servicing hardware INT=0x20
   147: v=20 e=0000 i=0 cpl=0 IP=0038:000000007ee3ba01 pc=000000007ee3ba01 SP=0030:000000007ff023f8 env->regs[R_EAX]=0000000000000000
RAX=0000000000000000 RBX=0000000000000004 RCX=000000007ee5ca18 RDX=0000000000000000
RSI=00000000ffffffff RDI=000000007ff1ce70 RBP=000000007ff02470 RSP=000000007ff023f8
R8 =000000007ff1ce60 R9 =000000007ff02331 R10=0000000000000080 R11=000000007e621988
R12=000000007ee5ca60 R13=0000000000000100 R14=000000007ff24960 R15=000000007ff24a60
RIP=000000007ee3ba01 RFL=00000206 [-----P-] CPL=0 II=0 A20=1 SMM=0 HLT=0
ES =0030 0000000000000000 ffffffff 00cf9300 DPL=0 DS   [-WA]
CS =0038 0000000000000000 ffffffff 00af9a00 DPL=0 CS64 [-R-]
SS =0030 0000000000000000 ffffffff 00cf9300 DPL=0 DS   [-WA]
DS =0030 0000000000000000 ffffffff 00cf9300 DPL=0 DS   [-WA]
FS =0030 0000000000000000 ffffffff 00cf9300 DPL=0 DS   [-WA]
GS =0030 0000000000000000 ffffffff 00cf9300 DPL=0 DS   [-WA]
LDT=0000 0000000000000000 0000ffff 00008200 DPL=0 LDT
TR =0000 0000000000000000 0000ffff 00008b00 DPL=0 TSS64-busy
GDT=     000000007f5dc000 00000047
IDT=     000000007f268018 00000fff
CR0=80010033 CR2=0000000000000000 CR3=000000007f801000 CR4=00000668
DR0=0000000000000000 DR1=0000000000000000 DR2=0000000000000000 DR3=0000000000000000 
DR6=00000000ffff0ff0 DR7=0000000000000400
CCS=0000000000000004 CCD=000000007ff023f0 CCO=EFLAGS
EFER=0000000000000d00
Servicing hardware INT=0x20
   148: v=20 e=0000 i=0 cpl=0 IP=0038:000000007ee3ba01 pc=000000007ee3ba01 SP=0030:000000007ff023f8 env->regs[R_EAX]=0000000000000000
RAX=0000000000000000 RBX=0000000000000004 RCX=000000007ee5ca18 RDX=0000000000000000
RSI=00000000ffffffff RDI=000000007ff1ce70 RBP=000000007ff02470 RSP=000000007ff023f8
R8 =000000007ff1ce60 R9 =000000007ff02331 R10=0000000000000080 R11=000000007e621988
R12=000000007ee5ca60 R13=0000000000000100 R14=000000007ff24960 R15=000000007ff24a60
RIP=000000007ee3ba01 RFL=00000206 [-----P-] CPL=0 II=0 A20=1 SMM=0 HLT=0
ES =0030 0000000000000000 ffffffff 00cf9300 DPL=0 DS   [-WA]
CS =0038 0000000000000000 ffffffff 00af9a00 DPL=0 CS64 [-R-]
SS =0030 0000000000000000 ffffffff 00cf9300 DPL=0 DS   [-WA]
DS =0030 0000000000000000 ffffffff 00cf9300 DPL=0 DS   [-WA]
FS =0030 0000000000000000 ffffffff 00cf9300 DPL=0 DS   [-WA]
GS =0030 0000000000000000 ffffffff 00cf9300 DPL=0 DS   [-WA]
LDT=0000 0000000000000000 0000ffff 00008200 DPL=0 LDT
TR =0000 0000000000000000 0000ffff 00008b00 DPL=0 TSS64-busy
GDT=     000000007f5dc000 00000047
IDT=     000000007f268018 00000fff
CR0=80010033 CR2=0000000000000000 CR3=000000007f801000 CR4=00000668
DR0=0000000000000000 DR1=0000000000000000 DR2=0000000000000000 DR3=0000000000000000 
DR6=00000000ffff0ff0 DR7=0000000000000400
CCS=0000000000000004 CCD=000000007ff023f0 CCO=EFLAGS
EFER=0000000000000d00
Servicing hardware INT=0x20
   149: v=20 e=0000 i=0 cpl=0 IP=0038:000000007ee3ba01 pc=000000007ee3ba01 SP=0030:000000007ff023f8 env->regs[R_EAX]=0000000000000000
RAX=0000000000000000 RBX=0000000000000004 RCX=000000007ee5ca18 RDX=0000000000000000
RSI=00000000ffffffff RDI=000000007ff1ce70 RBP=000000007ff02470 RSP=000000007ff023f8
R8 =000000007ff1ce60 R9 =000000007ff02331 R10=0000000000000080 R11=000000007e621988
R12=000000007ee5ca60 R13=0000000000000100 R14=000000007ff24960 R15=000000007ff24a60
RIP=000000007ee3ba01 RFL=00000206 [-----P-] CPL=0 II=0 A20=1 SMM=0 HLT=0
ES =0030 0000000000000000 ffffffff 00cf9300 DPL=0 DS   [-WA]
CS =0038 0000000000000000 ffffffff 00af9a00 DPL=0 CS64 [-R-]
SS =0030 0000000000000000 ffffffff 00cf9300 DPL=0 DS   [-WA]
DS =0030 0000000000000000 ffffffff 00cf9300 DPL=0 DS   [-WA]
FS =0030 0000000000000000 ffffffff 00cf9300 DPL=0 DS   [-WA]
GS =0030 0000000000000000 ffffffff 00cf9300 DPL=0 DS   [-WA]
LDT=0000 0000000000000000 0000ffff 00008200 DPL=0 LDT
TR =0000 0000000000000000 0000ffff 00008b00 DPL=0 TSS64-busy
GDT=     000000007f5dc000 00000047
IDT=     000000007f268018 00000fff
CR0=80010033 CR2=0000000000000000 CR3=000000007f801000 CR4=00000668
DR0=0000000000000000 DR1=0000000000000000 DR2=0000000000000000 DR3=0000000000000000 
DR6=00000000ffff0ff0 DR7=0000000000000400
CCS=0000000000000004 CCD=000000007ff023f0 CCO=EFLAGS
EFER=0000000000000d00
Servicing hardware INT=0x20
   150: v=20 e=0000 i=0 cpl=0 IP=0038:000000007ee3ba01 pc=000000007ee3ba01 SP=0030:000000007ff023f8 env->regs[R_EAX]=0000000000000000
RAX=0000000000000000 RBX=0000000000000004 RCX=000000007ee5ca18 RDX=0000000000000000
RSI=00000000ffffffff RDI=000000007ff1ce70 RBP=000000007ff02470 RSP=000000007ff023f8
R8 =000000007ff1ce60 R9 =000000007ff02331 R10=0000000000000080 R11=000000007e621988
R12=000000007ee5ca60 R13=0000000000000100 R14=000000007ff24960 R15=000000007ff24a60
RIP=000000007ee3ba01 RFL=00000206 [-----P-] CPL=0 II=0 A20=1 SMM=0 HLT=0
ES =0030 0000000000000000 ffffffff 00cf9300 DPL=0 DS   [-WA]
CS =0038 0000000000000000 ffffffff 00af9a00 DPL=0 CS64 [-R-]
SS =0030 0000000000000000 ffffffff 00cf9300 DPL=0 DS   [-WA]
DS =0030 0000000000000000 ffffffff 00cf9300 DPL=0 DS   [-WA]
FS =0030 0000000000000000 ffffffff 00cf9300 DPL=0 DS   [-WA]
GS =0030 0000000000000000 ffffffff 00cf9300 DPL=0 DS   [-WA]
LDT=0000 0000000000000000 0000ffff 00008200 DPL=0 LDT
TR =0000 0000000000000000 0000ffff 00008b00 DPL=0 TSS64-busy
GDT=     000000007f5dc000 00000047
IDT=     000000007f268018 00000fff
CR0=80010033 CR2=0000000000000000 CR3=000000007f801000 CR4=00000668
DR0=0000000000000000 DR1=0000000000000000 DR2=0000000000000000 DR3=0000000000000000 
DR6=00000000ffff0ff0 DR7=0000000000000400
CCS=0000000000000004 CCD=000000007ff023f0 CCO=EFLAGS
EFER=0000000000000d00
Servicing hardware INT=0x20
   151: v=20 e=0000 i=0 cpl=0 IP=0038:000000007ee3ba01 pc=000000007ee3ba01 SP=0030:000000007ff023f8 env->regs[R_EAX]=0000000000000000
RAX=0000000000000000 RBX=0000000000000004 RCX=000000007ee5ca18 RDX=0000000000000000
RSI=00000000ffffffff RDI=000000007ff1ce70 RBP=000000007ff02470 RSP=000000007ff023f8
R8 =000000007ff1ce60 R9 =000000007ff02331 R10=0000000000000080 R11=000000007e621988
R12=000000007ee5ca60 R13=0000000000000100 R14=000000007ff24960 R15=000000007ff24a60
RIP=000000007ee3ba01 RFL=00000206 [-----P-] CPL=0 II=0 A20=1 SMM=0 HLT=0
ES =0030 0000000000000000 ffffffff 00cf9300 DPL=0 DS   [-WA]
CS =0038 0000000000000000 ffffffff 00af9a00 DPL=0 CS64 [-R-]
SS =0030 0000000000000000 ffffffff 00cf9300 DPL=0 DS   [-WA]
DS =0030 0000000000000000 ffffffff 00cf9300 DPL=0 DS   [-WA]
FS =0030 0000000000000000 ffffffff 00cf9300 DPL=0 DS   [-WA]
GS =0030 0000000000000000 ffffffff 00cf9300 DPL=0 DS   [-WA]
LDT=0000 0000000000000000 0000ffff 00008200 DPL=0 LDT
TR =0000 0000000000000000 0000ffff 00008b00 DPL=0 TSS64-busy
GDT=     000000007f5dc000 00000047
IDT=     000000007f268018 00000fff
CR0=80010033 CR2=0000000000000000 CR3=000000007f801000 CR4=00000668
DR0=0000000000000000 DR1=0000000000000000 DR2=0000000000000000 DR3=0000000000000000 
DR6=00000000ffff0ff0 DR7=0000000000000400
CCS=0000000000000004 CCD=000000007ff023f0 CCO=EFLAGS
EFER=0000000000000d00
Servicing hardware INT=0x20
   152: v=20 e=0000 i=0 cpl=0 IP=0038:000000007ee3ba01 pc=000000007ee3ba01 SP=0030:000000007ff023f8 env->regs[R_EAX]=0000000000000000
RAX=0000000000000000 RBX=0000000000000004 RCX=000000007ee5ca18 RDX=0000000000000000
RSI=00000000ffffffff RDI=000000007ff1ce70 RBP=000000007ff02470 RSP=000000007ff023f8
R8 =000000007ff1ce60 R9 =000000007ff02331 R10=0000000000000080 R11=000000007e621988
R12=000000007ee5ca60 R13=0000000000000100 R14=000000007ff24960 R15=000000007ff24a60
RIP=000000007ee3ba01 RFL=00000206 [-----P-] CPL=0 II=0 A20=1 SMM=0 HLT=0
ES =0030 0000000000000000 ffffffff 00cf9300 DPL=0 DS   [-WA]
CS =0038 0000000000000000 ffffffff 00af9a00 DPL=0 CS64 [-R-]
SS =0030 0000000000000000 ffffffff 00cf9300 DPL=0 DS   [-WA]
DS =0030 0000000000000000 ffffffff 00cf9300 DPL=0 DS   [-WA]
FS =0030 0000000000000000 ffffffff 00cf9300 DPL=0 DS   [-WA]
GS =0030 0000000000000000 ffffffff 00cf9300 DPL=0 DS   [-WA]
LDT=0000 0000000000000000 0000ffff 00008200 DPL=0 LDT
TR =0000 0000000000000000 0000ffff 00008b00 DPL=0 TSS64-busy
GDT=     000000007f5dc000 00000047
IDT=     000000007f268018 00000fff
CR0=80010033 CR2=0000000000000000 CR3=000000007f801000 CR4=00000668
DR0=0000000000000000 DR1=0000000000000000 DR2=0000000000000000 DR3=0000000000000000 
DR6=00000000ffff0ff0 DR7=0000000000000400
CCS=0000000000000004 CCD=000000007ff023f0 CCO=EFLAGS
EFER=0000000000000d00
Servicing hardware INT=0x20
   153: v=20 e=0000 i=0 cpl=0 IP=0038:000000007ee3ba01 pc=000000007ee3ba01 SP=0030:000000007ff023f8 env->regs[R_EAX]=0000000000000000
RAX=0000000000000000 RBX=0000000000000004 RCX=000000007ee5ca18 RDX=0000000000000000
RSI=00000000ffffffff RDI=000000007ff1ce70 RBP=000000007ff02470 RSP=000000007ff023f8
R8 =000000007ff1ce60 R9 =000000007ff02331 R10=0000000000000080 R11=000000007e621988
R12=000000007ee5ca60 R13=0000000000000100 R14=000000007ff24960 R15=000000007ff24a60
RIP=000000007ee3ba01 RFL=00000206 [-----P-] CPL=0 II=0 A20=1 SMM=0 HLT=0
ES =0030 0000000000000000 ffffffff 00cf9300 DPL=0 DS   [-WA]
CS =0038 0000000000000000 ffffffff 00af9a00 DPL=0 CS64 [-R-]
SS =0030 0000000000000000 ffffffff 00cf9300 DPL=0 DS   [-WA]
DS =0030 0000000000000000 ffffffff 00cf9300 DPL=0 DS   [-WA]
FS =0030 0000000000000000 ffffffff 00cf9300 DPL=0 DS   [-WA]
GS =0030 0000000000000000 ffffffff 00cf9300 DPL=0 DS   [-WA]
LDT=0000 0000000000000000 0000ffff 00008200 DPL=0 LDT
TR =0000 0000000000000000 0000ffff 00008b00 DPL=0 TSS64-busy
GDT=     000000007f5dc000 00000047
IDT=     000000007f268018 00000fff
CR0=80010033 CR2=0000000000000000 CR3=000000007f801000 CR4=00000668
DR0=0000000000000000 DR1=0000000000000000 DR2=0000000000000000 DR3=0000000000000000 
DR6=00000000ffff0ff0 DR7=0000000000000400
CCS=0000000000000004 CCD=000000007ff023f0 CCO=EFLAGS
EFER=0000000000000d00
Servicing hardware INT=0x20
   154: v=20 e=0000 i=0 cpl=0 IP=0038:000000007ee3ba01 pc=000000007ee3ba01 SP=0030:000000007ff023f8 env->regs[R_EAX]=0000000000000000
RAX=0000000000000000 RBX=0000000000000004 RCX=000000007ee5ca18 RDX=0000000000000000
RSI=00000000ffffffff RDI=000000007ff1ce70 RBP=000000007ff02470 RSP=000000007ff023f8
R8 =000000007ff1ce60 R9 =000000007ff02331 R10=0000000000000080 R11=000000007e621988
R12=000000007ee5ca60 R13=0000000000000100 R14=000000007ff24960 R15=000000007ff24a60
RIP=000000007ee3ba01 RFL=00000206 [-----P-] CPL=0 II=0 A20=1 SMM=0 HLT=0
ES =0030 0000000000000000 ffffffff 00cf9300 DPL=0 DS   [-WA]
CS =0038 0000000000000000 ffffffff 00af9a00 DPL=0 CS64 [-R-]
SS =0030 0000000000000000 ffffffff 00cf9300 DPL=0 DS   [-WA]
DS =0030 0000000000000000 ffffffff 00cf9300 DPL=0 DS   [-WA]
FS =0030 0000000000000000 ffffffff 00cf9300 DPL=0 DS   [-WA]
GS =0030 0000000000000000 ffffffff 00cf9300 DPL=0 DS   [-WA]
LDT=0000 0000000000000000 0000ffff 00008200 DPL=0 LDT
TR =0000 0000000000000000 0000ffff 00008b00 DPL=0 TSS64-busy
GDT=     000000007f5dc000 00000047
IDT=     000000007f268018 00000fff
CR0=80010033 CR2=0000000000000000 CR3=000000007f801000 CR4=00000668
DR0=0000000000000000 DR1=0000000000000000 DR2=0000000000000000 DR3=0000000000000000 
DR6=00000000ffff0ff0 DR7=0000000000000400
CCS=0000000000000004 CCD=000000007ff023f0 CCO=EFLAGS
EFER=0000000000000d00
Servicing hardware INT=0x20
   155: v=20 e=0000 i=0 cpl=0 IP=0038:000000007ee3ba01 pc=000000007ee3ba01 SP=0030:000000007ff023f8 env->regs[R_EAX]=0000000000000000
RAX=0000000000000000 RBX=0000000000000004 RCX=000000007ee5ca18 RDX=0000000000000000
RSI=00000000ffffffff RDI=000000007ff1ce70 RBP=000000007ff02470 RSP=000000007ff023f8
R8 =000000007ff1ce60 R9 =000000007ff02331 R10=0000000000000080 R11=000000007e621988
R12=000000007ee5ca60 R13=0000000000000100 R14=000000007ff24960 R15=000000007ff24a60
RIP=000000007ee3ba01 RFL=00000206 [-----P-] CPL=0 II=0 A20=1 SMM=0 HLT=0
ES =0030 0000000000000000 ffffffff 00cf9300 DPL=0 DS   [-WA]
CS =0038 0000000000000000 ffffffff 00af9a00 DPL=0 CS64 [-R-]
SS =0030 0000000000000000 ffffffff 00cf9300 DPL=0 DS   [-WA]
DS =0030 0000000000000000 ffffffff 00cf9300 DPL=0 DS   [-WA]
FS =0030 0000000000000000 ffffffff 00cf9300 DPL=0 DS   [-WA]
GS =0030 0000000000000000 ffffffff 00cf9300 DPL=0 DS   [-WA]
LDT=0000 0000000000000000 0000ffff 00008200 DPL=0 LDT
TR =0000 0000000000000000 0000ffff 00008b00 DPL=0 TSS64-busy
GDT=     000000007f5dc000 00000047
IDT=     000000007f268018 00000fff
CR0=80010033 CR2=0000000000000000 CR3=000000007f801000 CR4=00000668
DR0=0000000000000000 DR1=0000000000000000 DR2=0000000000000000 DR3=0000000000000000 
DR6=00000000ffff0ff0 DR7=0000000000000400
CCS=0000000000000004 CCD=000000007ff023f0 CCO=EFLAGS
EFER=0000000000000d00
Servicing hardware INT=0x20
   156: v=20 e=0000 i=0 cpl=0 IP=0038:000000007ee3ba01 pc=000000007ee3ba01 SP=0030:000000007ff023f8 env->regs[R_EAX]=0000000000000000
RAX=0000000000000000 RBX=0000000000000004 RCX=000000007ee5ca18 RDX=0000000000000000
RSI=00000000ffffffff RDI=000000007ff1ce70 RBP=000000007ff02470 RSP=000000007ff023f8
R8 =000000007ff1ce60 R9 =000000007ff02331 R10=0000000000000080 R11=000000007e621988
R12=000000007ee5ca60 R13=0000000000000100 R14=000000007ff24960 R15=000000007ff24a60
RIP=000000007ee3ba01 RFL=00000206 [-----P-] CPL=0 II=0 A20=1 SMM=0 HLT=0
ES =0030 0000000000000000 ffffffff 00cf9300 DPL=0 DS   [-WA]
CS =0038 0000000000000000 ffffffff 00af9a00 DPL=0 CS64 [-R-]
SS =0030 0000000000000000 ffffffff 00cf9300 DPL=0 DS   [-WA]
DS =0030 0000000000000000 ffffffff 00cf9300 DPL=0 DS   [-WA]
FS =0030 0000000000000000 ffffffff 00cf9300 DPL=0 DS   [-WA]
GS =0030 0000000000000000 ffffffff 00cf9300 DPL=0 DS   [-WA]
LDT=0000 0000000000000000 0000ffff 00008200 DPL=0 LDT
TR =0000 0000000000000000 0000ffff 00008b00 DPL=0 TSS64-busy
GDT=     000000007f5dc000 00000047
IDT=     000000007f268018 00000fff
CR0=80010033 CR2=0000000000000000 CR3=000000007f801000 CR4=00000668
DR0=0000000000000000 DR1=0000000000000000 DR2=0000000000000000 DR3=0000000000000000 
DR6=00000000ffff0ff0 DR7=0000000000000400
CCS=0000000000000004 CCD=000000007ff023f0 CCO=EFLAGS
EFER=0000000000000d00
Servicing hardware INT=0x20
   157: v=20 e=0000 i=0 cpl=0 IP=0038:000000007ee3ba01 pc=000000007ee3ba01 SP=0030:000000007ff023f8 env->regs[R_EAX]=0000000000000000
RAX=0000000000000000 RBX=0000000000000004 RCX=000000007ee5ca18 RDX=0000000000000000
RSI=00000000ffffffff RDI=000000007ff1ce70 RBP=000000007ff02470 RSP=000000007ff023f8
R8 =000000007ff1ce60 R9 =000000007ff02331 R10=0000000000000080 R11=000000007e621988
R12=000000007ee5ca60 R13=0000000000000100 R14=000000007ff24960 R15=000000007ff24a60
RIP=000000007ee3ba01 RFL=00000206 [-----P-] CPL=0 II=0 A20=1 SMM=0 HLT=0
ES =0030 0000000000000000 ffffffff 00cf9300 DPL=0 DS   [-WA]
CS =0038 0000000000000000 ffffffff 00af9a00 DPL=0 CS64 [-R-]
SS =0030 0000000000000000 ffffffff 00cf9300 DPL=0 DS   [-WA]
DS =0030 0000000000000000 ffffffff 00cf9300 DPL=0 DS   [-WA]
FS =0030 0000000000000000 ffffffff 00cf9300 DPL=0 DS   [-WA]
GS =0030 0000000000000000 ffffffff 00cf9300 DPL=0 DS   [-WA]
LDT=0000 0000000000000000 0000ffff 00008200 DPL=0 LDT
TR =0000 0000000000000000 0000ffff 00008b00 DPL=0 TSS64-busy
GDT=     000000007f5dc000 00000047
IDT=     000000007f268018 00000fff
CR0=80010033 CR2=0000000000000000 CR3=000000007f801000 CR4=00000668
DR0=0000000000000000 DR1=0000000000000000 DR2=0000000000000000 DR3=0000000000000000 
DR6=00000000ffff0ff0 DR7=0000000000000400
CCS=0000000000000004 CCD=000000007ff023f0 CCO=EFLAGS
EFER=0000000000000d00
Servicing hardware INT=0x20
   158: v=20 e=0000 i=0 cpl=0 IP=0038:000000007ee3ba01 pc=000000007ee3ba01 SP=0030:000000007ff023f8 env->regs[R_EAX]=0000000000000000
RAX=0000000000000000 RBX=0000000000000004 RCX=000000007ee5ca18 RDX=0000000000000000
RSI=00000000ffffffff RDI=000000007ff1ce70 RBP=000000007ff02470 RSP=000000007ff023f8
R8 =000000007ff1ce60 R9 =000000007ff02331 R10=0000000000000080 R11=000000007e621988
R12=000000007ee5ca60 R13=0000000000000100 R14=000000007ff24960 R15=000000007ff24a60
RIP=000000007ee3ba01 RFL=00000206 [-----P-] CPL=0 II=0 A20=1 SMM=0 HLT=0
ES =0030 0000000000000000 ffffffff 00cf9300 DPL=0 DS   [-WA]
CS =0038 0000000000000000 ffffffff 00af9a00 DPL=0 CS64 [-R-]
SS =0030 0000000000000000 ffffffff 00cf9300 DPL=0 DS   [-WA]
DS =0030 0000000000000000 ffffffff 00cf9300 DPL=0 DS   [-WA]
FS =0030 0000000000000000 ffffffff 00cf9300 DPL=0 DS   [-WA]
GS =0030 0000000000000000 ffffffff 00cf9300 DPL=0 DS   [-WA]
LDT=0000 0000000000000000 0000ffff 00008200 DPL=0 LDT
TR =0000 0000000000000000 0000ffff 00008b00 DPL=0 TSS64-busy
GDT=     000000007f5dc000 00000047
IDT=     000000007f268018 00000fff
CR0=80010033 CR2=0000000000000000 CR3=000000007f801000 CR4=00000668
DR0=0000000000000000 DR1=0000000000000000 DR2=0000000000000000 DR3=0000000000000000 
DR6=00000000ffff0ff0 DR7=0000000000000400
CCS=0000000000000004 CCD=000000007ff023f0 CCO=EFLAGS
EFER=0000000000000d00
Servicing hardware INT=0x20
   159: v=20 e=0000 i=0 cpl=0 IP=0038:000000007ee3ba01 pc=000000007ee3ba01 SP=0030:000000007ff023f8 env->regs[R_EAX]=0000000000000000
RAX=0000000000000000 RBX=0000000000000004 RCX=000000007ee5ca18 RDX=0000000000000000
RSI=00000000ffffffff RDI=000000007ff1ce70 RBP=000000007ff02470 RSP=000000007ff023f8
R8 =000000007ff1ce60 R9 =000000007ff02331 R10=0000000000000080 R11=000000007e621988
R12=000000007ee5ca60 R13=0000000000000100 R14=000000007ff24960 R15=000000007ff24a60
RIP=000000007ee3ba01 RFL=00000206 [-----P-] CPL=0 II=0 A20=1 SMM=0 HLT=0
ES =0030 0000000000000000 ffffffff 00cf9300 DPL=0 DS   [-WA]
CS =0038 0000000000000000 ffffffff 00af9a00 DPL=0 CS64 [-R-]
SS =0030 0000000000000000 ffffffff 00cf9300 DPL=0 DS   [-WA]
DS =0030 0000000000000000 ffffffff 00cf9300 DPL=0 DS   [-WA]
FS =0030 0000000000000000 ffffffff 00cf9300 DPL=0 DS   [-WA]
GS =0030 0000000000000000 ffffffff 00cf9300 DPL=0 DS   [-WA]
LDT=0000 0000000000000000 0000ffff 00008200 DPL=0 LDT
TR =0000 0000000000000000 0000ffff 00008b00 DPL=0 TSS64-busy
GDT=     000000007f5dc000 00000047
IDT=     000000007f268018 00000fff
CR0=80010033 CR2=0000000000000000 CR3=000000007f801000 CR4=00000668
DR0=0000000000000000 DR1=0000000000000000 DR2=0000000000000000 DR3=0000000000000000 
DR6=00000000ffff0ff0 DR7=0000000000000400
CCS=0000000000000004 CCD=000000007ff023f0 CCO=EFLAGS
EFER=0000000000000d00
Servicing hardware INT=0x20
   160: v=20 e=0000 i=0 cpl=0 IP=0038:000000007ee3ba01 pc=000000007ee3ba01 SP=0030:000000007ff023f8 env->regs[R_EAX]=0000000000000000
RAX=0000000000000000 RBX=0000000000000004 RCX=000000007ee5ca18 RDX=0000000000000000
RSI=00000000ffffffff RDI=000000007ff1ce70 RBP=000000007ff02470 RSP=000000007ff023f8
R8 =000000007ff1ce60 R9 =000000007ff02331 R10=0000000000000080 R11=000000007e621988
R12=000000007ee5ca60 R13=0000000000000100 R14=000000007ff24960 R15=000000007ff24a60
RIP=000000007ee3ba01 RFL=00000206 [-----P-] CPL=0 II=0 A20=1 SMM=0 HLT=0
ES =0030 0000000000000000 ffffffff 00cf9300 DPL=0 DS   [-WA]
CS =0038 0000000000000000 ffffffff 00af9a00 DPL=0 CS64 [-R-]
SS =0030 0000000000000000 ffffffff 00cf9300 DPL=0 DS   [-WA]
DS =0030 0000000000000000 ffffffff 00cf9300 DPL=0 DS   [-WA]
FS =0030 0000000000000000 ffffffff 00cf9300 DPL=0 DS   [-WA]
GS =0030 0000000000000000 ffffffff 00cf9300 DPL=0 DS   [-WA]
LDT=0000 0000000000000000 0000ffff 00008200 DPL=0 LDT
TR =0000 0000000000000000 0000ffff 00008b00 DPL=0 TSS64-busy
GDT=     000000007f5dc000 00000047
IDT=     000000007f268018 00000fff
CR0=80010033 CR2=0000000000000000 CR3=000000007f801000 CR4=00000668
DR0=0000000000000000 DR1=0000000000000000 DR2=0000000000000000 DR3=0000000000000000 
DR6=00000000ffff0ff0 DR7=0000000000000400
CCS=0000000000000004 CCD=000000007ff023f0 CCO=EFLAGS
EFER=0000000000000d00
Servicing hardware INT=0x20
   161: v=20 e=0000 i=0 cpl=0 IP=0038:000000007ee3ba01 pc=000000007ee3ba01 SP=0030:000000007ff023f8 env->regs[R_EAX]=0000000000000000
RAX=0000000000000000 RBX=0000000000000004 RCX=000000007ee5ca18 RDX=0000000000000000
RSI=00000000ffffffff RDI=000000007ff1ce70 RBP=000000007ff02470 RSP=000000007ff023f8
R8 =000000007ff1ce60 R9 =000000007ff02331 R10=0000000000000080 R11=000000007e621988
R12=000000007ee5ca60 R13=0000000000000100 R14=000000007ff24960 R15=000000007ff24a60
RIP=000000007ee3ba01 RFL=00000206 [-----P-] CPL=0 II=0 A20=1 SMM=0 HLT=0
ES =0030 0000000000000000 ffffffff 00cf9300 DPL=0 DS   [-WA]
CS =0038 0000000000000000 ffffffff 00af9a00 DPL=0 CS64 [-R-]
SS =0030 0000000000000000 ffffffff 00cf9300 DPL=0 DS   [-WA]
DS =0030 0000000000000000 ffffffff 00cf9300 DPL=0 DS   [-WA]
FS =0030 0000000000000000 ffffffff 00cf9300 DPL=0 DS   [-WA]
GS =0030 0000000000000000 ffffffff 00cf9300 DPL=0 DS   [-WA]
LDT=0000 0000000000000000 0000ffff 00008200 DPL=0 LDT
TR =0000 0000000000000000 0000ffff 00008b00 DPL=0 TSS64-busy
GDT=     000000007f5dc000 00000047
IDT=     000000007f268018 00000fff
CR0=80010033 CR2=0000000000000000 CR3=000000007f801000 CR4=00000668
DR0=0000000000000000 DR1=0000000000000000 DR2=0000000000000000 DR3=0000000000000000 
DR6=00000000ffff0ff0 DR7=0000000000000400
CCS=0000000000000004 CCD=000000007ff023f0 CCO=EFLAGS
EFER=0000000000000d00
Servicing hardware INT=0x20
   162: v=20 e=0000 i=0 cpl=0 IP=0038:000000007ee3ba01 pc=000000007ee3ba01 SP=0030:000000007ff023f8 env->regs[R_EAX]=0000000000000000
RAX=0000000000000000 RBX=0000000000000004 RCX=000000007ee5ca18 RDX=0000000000000000
RSI=00000000ffffffff RDI=000000007ff1ce70 RBP=000000007ff02470 RSP=000000007ff023f8
R8 =000000007ff1ce60 R9 =000000007ff02331 R10=0000000000000080 R11=000000007e621988
R12=000000007ee5ca60 R13=0000000000000100 R14=000000007ff24960 R15=000000007ff24a60
RIP=000000007ee3ba01 RFL=00000206 [-----P-] CPL=0 II=0 A20=1 SMM=0 HLT=0
ES =0030 0000000000000000 ffffffff 00cf9300 DPL=0 DS   [-WA]
CS =0038 0000000000000000 ffffffff 00af9a00 DPL=0 CS64 [-R-]
SS =0030 0000000000000000 ffffffff 00cf9300 DPL=0 DS   [-WA]
DS =0030 0000000000000000 ffffffff 00cf9300 DPL=0 DS   [-WA]
FS =0030 0000000000000000 ffffffff 00cf9300 DPL=0 DS   [-WA]
GS =0030 0000000000000000 ffffffff 00cf9300 DPL=0 DS   [-WA]
LDT=0000 0000000000000000 0000ffff 00008200 DPL=0 LDT
TR =0000 0000000000000000 0000ffff 00008b00 DPL=0 TSS64-busy
GDT=     000000007f5dc000 00000047
IDT=     000000007f268018 00000fff
CR0=80010033 CR2=0000000000000000 CR3=000000007f801000 CR4=00000668
DR0=0000000000000000 DR1=0000000000000000 DR2=0000000000000000 DR3=0000000000000000 
DR6=00000000ffff0ff0 DR7=0000000000000400
CCS=0000000000000004 CCD=000000007ff023f0 CCO=EFLAGS
EFER=0000000000000d00
Servicing hardware INT=0x20
   163: v=20 e=0000 i=0 cpl=0 IP=0038:000000007ee3ba01 pc=000000007ee3ba01 SP=0030:000000007ff023f8 env->regs[R_EAX]=0000000000000000
RAX=0000000000000000 RBX=0000000000000004 RCX=000000007ee5ca18 RDX=0000000000000000
RSI=00000000ffffffff RDI=000000007ff1ce70 RBP=000000007ff02470 RSP=000000007ff023f8
R8 =000000007ff1ce60 R9 =000000007ff02331 R10=0000000000000080 R11=000000007e621988
R12=000000007ee5ca60 R13=0000000000000100 R14=000000007ff24960 R15=000000007ff24a60
RIP=000000007ee3ba01 RFL=00000206 [-----P-] CPL=0 II=0 A20=1 SMM=0 HLT=0
ES =0030 0000000000000000 ffffffff 00cf9300 DPL=0 DS   [-WA]
CS =0038 0000000000000000 ffffffff 00af9a00 DPL=0 CS64 [-R-]
SS =0030 0000000000000000 ffffffff 00cf9300 DPL=0 DS   [-WA]
DS =0030 0000000000000000 ffffffff 00cf9300 DPL=0 DS   [-WA]
FS =0030 0000000000000000 ffffffff 00cf9300 DPL=0 DS   [-WA]
GS =0030 0000000000000000 ffffffff 00cf9300 DPL=0 DS   [-WA]
LDT=0000 0000000000000000 0000ffff 00008200 DPL=0 LDT
TR =0000 0000000000000000 0000ffff 00008b00 DPL=0 TSS64-busy
GDT=     000000007f5dc000 00000047
IDT=     000000007f268018 00000fff
CR0=80010033 CR2=0000000000000000 CR3=000000007f801000 CR4=00000668
DR0=0000000000000000 DR1=0000000000000000 DR2=0000000000000000 DR3=0000000000000000 
DR6=00000000ffff0ff0 DR7=0000000000000400
CCS=0000000000000004 CCD=000000007ff023f0 CCO=EFLAGS
EFER=0000000000000d00
Servicing hardware INT=0x20
   164: v=20 e=0000 i=0 cpl=0 IP=0038:000000007ee3ba01 pc=000000007ee3ba01 SP=0030:000000007ff023f8 env->regs[R_EAX]=0000000000000000
RAX=0000000000000000 RBX=0000000000000004 RCX=000000007ee5ca18 RDX=0000000000000000
RSI=00000000ffffffff RDI=000000007ff1ce70 RBP=000000007ff02470 RSP=000000007ff023f8
R8 =000000007ff1ce60 R9 =000000007ff02331 R10=0000000000000080 R11=000000007e621988
R12=000000007ee5ca60 R13=0000000000000100 R14=000000007ff24960 R15=000000007ff24a60
RIP=000000007ee3ba01 RFL=00000206 [-----P-] CPL=0 II=0 A20=1 SMM=0 HLT=0
ES =0030 0000000000000000 ffffffff 00cf9300 DPL=0 DS   [-WA]
CS =0038 0000000000000000 ffffffff 00af9a00 DPL=0 CS64 [-R-]
SS =0030 0000000000000000 ffffffff 00cf9300 DPL=0 DS   [-WA]
DS =0030 0000000000000000 ffffffff 00cf9300 DPL=0 DS   [-WA]
FS =0030 0000000000000000 ffffffff 00cf9300 DPL=0 DS   [-WA]
GS =0030 0000000000000000 ffffffff 00cf9300 DPL=0 DS   [-WA]
LDT=0000 0000000000000000 0000ffff 00008200 DPL=0 LDT
TR =0000 0000000000000000 0000ffff 00008b00 DPL=0 TSS64-busy
GDT=     000000007f5dc000 00000047
IDT=     000000007f268018 00000fff
CR0=80010033 CR2=0000000000000000 CR3=000000007f801000 CR4=00000668
DR0=0000000000000000 DR1=0000000000000000 DR2=0000000000000000 DR3=0000000000000000 
DR6=00000000ffff0ff0 DR7=0000000000000400
CCS=0000000000000004 CCD=000000007ff023f0 CCO=EFLAGS
EFER=0000000000000d00
Servicing hardware INT=0x20
   165: v=20 e=0000 i=0 cpl=0 IP=0038:000000007ee3ba01 pc=000000007ee3ba01 SP=0030:000000007ff023f8 env->regs[R_EAX]=0000000000000000
RAX=0000000000000000 RBX=0000000000000004 RCX=000000007ee5ca18 RDX=0000000000000000
RSI=00000000ffffffff RDI=000000007ff1ce70 RBP=000000007ff02470 RSP=000000007ff023f8
R8 =000000007ff1ce60 R9 =000000007ff02331 R10=0000000000000080 R11=000000007e621988
R12=000000007ee5ca60 R13=0000000000000100 R14=000000007ff24960 R15=000000007ff24a60
RIP=000000007ee3ba01 RFL=00000206 [-----P-] CPL=0 II=0 A20=1 SMM=0 HLT=0
ES =0030 0000000000000000 ffffffff 00cf9300 DPL=0 DS   [-WA]
CS =0038 0000000000000000 ffffffff 00af9a00 DPL=0 CS64 [-R-]
SS =0030 0000000000000000 ffffffff 00cf9300 DPL=0 DS   [-WA]
DS =0030 0000000000000000 ffffffff 00cf9300 DPL=0 DS   [-WA]
FS =0030 0000000000000000 ffffffff 00cf9300 DPL=0 DS   [-WA]
GS =0030 0000000000000000 ffffffff 00cf9300 DPL=0 DS   [-WA]
LDT=0000 0000000000000000 0000ffff 00008200 DPL=0 LDT
TR =0000 0000000000000000 0000ffff 00008b00 DPL=0 TSS64-busy
GDT=     000000007f5dc000 00000047
IDT=     000000007f268018 00000fff
CR0=80010033 CR2=0000000000000000 CR3=000000007f801000 CR4=00000668
DR0=0000000000000000 DR1=0000000000000000 DR2=0000000000000000 DR3=0000000000000000 
DR6=00000000ffff0ff0 DR7=0000000000000400
CCS=0000000000000004 CCD=000000007ff023f0 CCO=EFLAGS
EFER=0000000000000d00
Servicing hardware INT=0x20
   166: v=20 e=0000 i=0 cpl=0 IP=0038:000000007ee3ba01 pc=000000007ee3ba01 SP=0030:000000007ff023f8 env->regs[R_EAX]=0000000000000000
RAX=0000000000000000 RBX=0000000000000004 RCX=000000007ee5ca18 RDX=0000000000000000
RSI=00000000ffffffff RDI=000000007ff1ce70 RBP=000000007ff02470 RSP=000000007ff023f8
R8 =000000007ff1ce60 R9 =000000007ff02331 R10=0000000000000080 R11=000000007e621988
R12=000000007ee5ca60 R13=0000000000000100 R14=000000007ff24960 R15=000000007ff24a60
RIP=000000007ee3ba01 RFL=00000206 [-----P-] CPL=0 II=0 A20=1 SMM=0 HLT=0
ES =0030 0000000000000000 ffffffff 00cf9300 DPL=0 DS   [-WA]
CS =0038 0000000000000000 ffffffff 00af9a00 DPL=0 CS64 [-R-]
SS =0030 0000000000000000 ffffffff 00cf9300 DPL=0 DS   [-WA]
DS =0030 0000000000000000 ffffffff 00cf9300 DPL=0 DS   [-WA]
FS =0030 0000000000000000 ffffffff 00cf9300 DPL=0 DS   [-WA]
GS =0030 0000000000000000 ffffffff 00cf9300 DPL=0 DS   [-WA]
LDT=0000 0000000000000000 0000ffff 00008200 DPL=0 LDT
TR =0000 0000000000000000 0000ffff 00008b00 DPL=0 TSS64-busy
GDT=     000000007f5dc000 00000047
IDT=     000000007f268018 00000fff
CR0=80010033 CR2=0000000000000000 CR3=000000007f801000 CR4=00000668
DR0=0000000000000000 DR1=0000000000000000 DR2=0000000000000000 DR3=0000000000000000 
DR6=00000000ffff0ff0 DR7=0000000000000400
CCS=0000000000000004 CCD=000000007ff023f0 CCO=EFLAGS
EFER=0000000000000d00
Servicing hardware INT=0x20
   167: v=20 e=0000 i=0 cpl=0 IP=0038:000000007ee3ba01 pc=000000007ee3ba01 SP=0030:000000007ff023f8 env->regs[R_EAX]=0000000000000000
RAX=0000000000000000 RBX=0000000000000004 RCX=000000007ee5ca18 RDX=0000000000000000
RSI=00000000ffffffff RDI=000000007ff1ce70 RBP=000000007ff02470 RSP=000000007ff023f8
R8 =000000007ff1ce60 R9 =000000007ff02331 R10=0000000000000080 R11=000000007e621988
R12=000000007ee5ca60 R13=0000000000000100 R14=000000007ff24960 R15=000000007ff24a60
RIP=000000007ee3ba01 RFL=00000206 [-----P-] CPL=0 II=0 A20=1 SMM=0 HLT=0
ES =0030 0000000000000000 ffffffff 00cf9300 DPL=0 DS   [-WA]
CS =0038 0000000000000000 ffffffff 00af9a00 DPL=0 CS64 [-R-]
SS =0030 0000000000000000 ffffffff 00cf9300 DPL=0 DS   [-WA]
DS =0030 0000000000000000 ffffffff 00cf9300 DPL=0 DS   [-WA]
FS =0030 0000000000000000 ffffffff 00cf9300 DPL=0 DS   [-WA]
GS =0030 0000000000000000 ffffffff 00cf9300 DPL=0 DS   [-WA]
LDT=0000 0000000000000000 0000ffff 00008200 DPL=0 LDT
TR =0000 0000000000000000 0000ffff 00008b00 DPL=0 TSS64-busy
GDT=     000000007f5dc000 00000047
IDT=     000000007f268018 00000fff
CR0=80010033 CR2=0000000000000000 CR3=000000007f801000 CR4=00000668
DR0=0000000000000000 DR1=0000000000000000 DR2=0000000000000000 DR3=0000000000000000 
DR6=00000000ffff0ff0 DR7=0000000000000400
CCS=0000000000000004 CCD=000000007ff023f0 CCO=EFLAGS
EFER=0000000000000d00
Servicing hardware INT=0x20
   168: v=20 e=0000 i=0 cpl=0 IP=0038:000000007ee3ba01 pc=000000007ee3ba01 SP=0030:000000007ff023f8 env->regs[R_EAX]=0000000000000000
RAX=0000000000000000 RBX=0000000000000004 RCX=000000007ee5ca18 RDX=0000000000000000
RSI=00000000ffffffff RDI=000000007ff1ce70 RBP=000000007ff02470 RSP=000000007ff023f8
R8 =000000007ff1ce60 R9 =000000007ff02331 R10=0000000000000080 R11=000000007e621988
R12=000000007ee5ca60 R13=0000000000000100 R14=000000007ff24960 R15=000000007ff24a60
RIP=000000007ee3ba01 RFL=00000206 [-----P-] CPL=0 II=0 A20=1 SMM=0 HLT=0
ES =0030 0000000000000000 ffffffff 00cf9300 DPL=0 DS   [-WA]
CS =0038 0000000000000000 ffffffff 00af9a00 DPL=0 CS64 [-R-]
SS =0030 0000000000000000 ffffffff 00cf9300 DPL=0 DS   [-WA]
DS =0030 0000000000000000 ffffffff 00cf9300 DPL=0 DS   [-WA]
FS =0030 0000000000000000 ffffffff 00cf9300 DPL=0 DS   [-WA]
GS =0030 0000000000000000 ffffffff 00cf9300 DPL=0 DS   [-WA]
LDT=0000 0000000000000000 0000ffff 00008200 DPL=0 LDT
TR =0000 0000000000000000 0000ffff 00008b00 DPL=0 TSS64-busy
GDT=     000000007f5dc000 00000047
IDT=     000000007f268018 00000fff
CR0=80010033 CR2=0000000000000000 CR3=000000007f801000 CR4=00000668
DR0=0000000000000000 DR1=0000000000000000 DR2=0000000000000000 DR3=0000000000000000 
DR6=00000000ffff0ff0 DR7=0000000000000400
CCS=0000000000000004 CCD=000000007ff023f0 CCO=EFLAGS
EFER=0000000000000d00
Servicing hardware INT=0x20
   169: v=20 e=0000 i=0 cpl=0 IP=0038:000000007ee3ba01 pc=000000007ee3ba01 SP=0030:000000007ff023f8 env->regs[R_EAX]=0000000000000000
RAX=0000000000000000 RBX=0000000000000004 RCX=000000007ee5ca18 RDX=0000000000000000
RSI=00000000ffffffff RDI=000000007ff1ce70 RBP=000000007ff02470 RSP=000000007ff023f8
R8 =000000007ff1ce60 R9 =000000007ff02331 R10=0000000000000080 R11=000000007e621988
R12=000000007ee5ca60 R13=0000000000000100 R14=000000007ff24960 R15=000000007ff24a60
RIP=000000007ee3ba01 RFL=00000206 [-----P-] CPL=0 II=0 A20=1 SMM=0 HLT=0
ES =0030 0000000000000000 ffffffff 00cf9300 DPL=0 DS   [-WA]
CS =0038 0000000000000000 ffffffff 00af9a00 DPL=0 CS64 [-R-]
SS =0030 0000000000000000 ffffffff 00cf9300 DPL=0 DS   [-WA]
DS =0030 0000000000000000 ffffffff 00cf9300 DPL=0 DS   [-WA]
FS =0030 0000000000000000 ffffffff 00cf9300 DPL=0 DS   [-WA]
GS =0030 0000000000000000 ffffffff 00cf9300 DPL=0 DS   [-WA]
LDT=0000 0000000000000000 0000ffff 00008200 DPL=0 LDT
TR =0000 0000000000000000 0000ffff 00008b00 DPL=0 TSS64-busy
GDT=     000000007f5dc000 00000047
IDT=     000000007f268018 00000fff
CR0=80010033 CR2=0000000000000000 CR3=000000007f801000 CR4=00000668
DR0=0000000000000000 DR1=0000000000000000 DR2=0000000000000000 DR3=0000000000000000 
DR6=00000000ffff0ff0 DR7=0000000000000400
CCS=0000000000000004 CCD=000000007ff023f0 CCO=EFLAGS
EFER=0000000000000d00
Servicing hardware INT=0x20
   170: v=20 e=0000 i=0 cpl=0 IP=0038:000000007ee3ba01 pc=000000007ee3ba01 SP=0030:000000007ff023f8 env->regs[R_EAX]=0000000000000000
RAX=0000000000000000 RBX=0000000000000004 RCX=000000007ee5ca18 RDX=0000000000000000
RSI=00000000ffffffff RDI=000000007ff1ce70 RBP=000000007ff02470 RSP=000000007ff023f8
R8 =000000007ff1ce60 R9 =000000007ff02331 R10=0000000000000080 R11=000000007e621988
R12=000000007ee5ca60 R13=0000000000000100 R14=000000007ff24960 R15=000000007ff24a60
RIP=000000007ee3ba01 RFL=00000206 [-----P-] CPL=0 II=0 A20=1 SMM=0 HLT=0
ES =0030 0000000000000000 ffffffff 00cf9300 DPL=0 DS   [-WA]
CS =0038 0000000000000000 ffffffff 00af9a00 DPL=0 CS64 [-R-]
SS =0030 0000000000000000 ffffffff 00cf9300 DPL=0 DS   [-WA]
DS =0030 0000000000000000 ffffffff 00cf9300 DPL=0 DS   [-WA]
FS =0030 0000000000000000 ffffffff 00cf9300 DPL=0 DS   [-WA]
GS =0030 0000000000000000 ffffffff 00cf9300 DPL=0 DS   [-WA]
LDT=0000 0000000000000000 0000ffff 00008200 DPL=0 LDT
TR =0000 0000000000000000 0000ffff 00008b00 DPL=0 TSS64-busy
GDT=     000000007f5dc000 00000047
IDT=     000000007f268018 00000fff
CR0=80010033 CR2=0000000000000000 CR3=000000007f801000 CR4=00000668
DR0=0000000000000000 DR1=0000000000000000 DR2=0000000000000000 DR3=0000000000000000 
DR6=00000000ffff0ff0 DR7=0000000000000400
CCS=0000000000000004 CCD=000000007ff023f0 CCO=EFLAGS
EFER=0000000000000d00
Servicing hardware INT=0x20
   171: v=20 e=0000 i=0 cpl=0 IP=0038:000000007ee3ba01 pc=000000007ee3ba01 SP=0030:000000007ff023f8 env->regs[R_EAX]=0000000000000000
RAX=0000000000000000 RBX=0000000000000004 RCX=000000007ee5ca18 RDX=0000000000000000
RSI=00000000ffffffff RDI=000000007ff1ce70 RBP=000000007ff02470 RSP=000000007ff023f8
R8 =000000007ff1ce60 R9 =000000007ff02331 R10=0000000000000080 R11=000000007e621988
R12=000000007ee5ca60 R13=0000000000000100 R14=000000007ff24960 R15=000000007ff24a60
RIP=000000007ee3ba01 RFL=00000206 [-----P-] CPL=0 II=0 A20=1 SMM=0 HLT=0
ES =0030 0000000000000000 ffffffff 00cf9300 DPL=0 DS   [-WA]
CS =0038 0000000000000000 ffffffff 00af9a00 DPL=0 CS64 [-R-]
SS =0030 0000000000000000 ffffffff 00cf9300 DPL=0 DS   [-WA]
DS =0030 0000000000000000 ffffffff 00cf9300 DPL=0 DS   [-WA]
FS =0030 0000000000000000 ffffffff 00cf9300 DPL=0 DS   [-WA]
GS =0030 0000000000000000 ffffffff 00cf9300 DPL=0 DS   [-WA]
LDT=0000 0000000000000000 0000ffff 00008200 DPL=0 LDT
TR =0000 0000000000000000 0000ffff 00008b00 DPL=0 TSS64-busy
GDT=     000000007f5dc000 00000047
IDT=     000000007f268018 00000fff
CR0=80010033 CR2=0000000000000000 CR3=000000007f801000 CR4=00000668
DR0=0000000000000000 DR1=0000000000000000 DR2=0000000000000000 DR3=0000000000000000 
DR6=00000000ffff0ff0 DR7=0000000000000400
CCS=0000000000000004 CCD=000000007ff023f0 CCO=EFLAGS
EFER=0000000000000d00
Servicing hardware INT=0x20
   172: v=20 e=0000 i=0 cpl=0 IP=0038:000000007ee3ba01 pc=000000007ee3ba01 SP=0030:000000007ff023f8 env->regs[R_EAX]=0000000000000000
RAX=0000000000000000 RBX=0000000000000004 RCX=000000007ee5ca18 RDX=0000000000000000
RSI=00000000ffffffff RDI=000000007ff1ce70 RBP=000000007ff02470 RSP=000000007ff023f8
R8 =000000007ff1ce60 R9 =000000007ff02331 R10=0000000000000080 R11=000000007e621988
R12=000000007ee5ca60 R13=0000000000000100 R14=000000007ff24960 R15=000000007ff24a60
RIP=000000007ee3ba01 RFL=00000206 [-----P-] CPL=0 II=0 A20=1 SMM=0 HLT=0
ES =0030 0000000000000000 ffffffff 00cf9300 DPL=0 DS   [-WA]
CS =0038 0000000000000000 ffffffff 00af9a00 DPL=0 CS64 [-R-]
SS =0030 0000000000000000 ffffffff 00cf9300 DPL=0 DS   [-WA]
DS =0030 0000000000000000 ffffffff 00cf9300 DPL=0 DS   [-WA]
FS =0030 0000000000000000 ffffffff 00cf9300 DPL=0 DS   [-WA]
GS =0030 0000000000000000 ffffffff 00cf9300 DPL=0 DS   [-WA]
LDT=0000 0000000000000000 0000ffff 00008200 DPL=0 LDT
TR =0000 0000000000000000 0000ffff 00008b00 DPL=0 TSS64-busy
GDT=     000000007f5dc000 00000047
IDT=     000000007f268018 00000fff
CR0=80010033 CR2=0000000000000000 CR3=000000007f801000 CR4=00000668
DR0=0000000000000000 DR1=0000000000000000 DR2=0000000000000000 DR3=0000000000000000 
DR6=00000000ffff0ff0 DR7=0000000000000400
CCS=0000000000000004 CCD=000000007ff023f0 CCO=EFLAGS
EFER=0000000000000d00
Servicing hardware INT=0x20
   173: v=20 e=0000 i=0 cpl=0 IP=0038:000000007ee3ba01 pc=000000007ee3ba01 SP=0030:000000007ff023f8 env->regs[R_EAX]=0000000000000000
RAX=0000000000000000 RBX=0000000000000004 RCX=000000007ee5ca18 RDX=0000000000000000
RSI=00000000ffffffff RDI=000000007ff1ce70 RBP=000000007ff02470 RSP=000000007ff023f8
R8 =000000007ff1ce60 R9 =000000007ff02331 R10=0000000000000080 R11=000000007e621988
R12=000000007ee5ca60 R13=0000000000000100 R14=000000007ff24960 R15=000000007ff24a60
RIP=000000007ee3ba01 RFL=00000206 [-----P-] CPL=0 II=0 A20=1 SMM=0 HLT=0
ES =0030 0000000000000000 ffffffff 00cf9300 DPL=0 DS   [-WA]
CS =0038 0000000000000000 ffffffff 00af9a00 DPL=0 CS64 [-R-]
SS =0030 0000000000000000 ffffffff 00cf9300 DPL=0 DS   [-WA]
DS =0030 0000000000000000 ffffffff 00cf9300 DPL=0 DS   [-WA]
FS =0030 0000000000000000 ffffffff 00cf9300 DPL=0 DS   [-WA]
GS =0030 0000000000000000 ffffffff 00cf9300 DPL=0 DS   [-WA]
LDT=0000 0000000000000000 0000ffff 00008200 DPL=0 LDT
TR =0000 0000000000000000 0000ffff 00008b00 DPL=0 TSS64-busy
GDT=     000000007f5dc000 00000047
IDT=     000000007f268018 00000fff
CR0=80010033 CR2=0000000000000000 CR3=000000007f801000 CR4=00000668
DR0=0000000000000000 DR1=0000000000000000 DR2=0000000000000000 DR3=0000000000000000 
DR6=00000000ffff0ff0 DR7=0000000000000400
CCS=0000000000000004 CCD=000000007ff023f0 CCO=EFLAGS
EFER=0000000000000d00
Servicing hardware INT=0x20
   174: v=20 e=0000 i=0 cpl=0 IP=0038:000000007ee3ba01 pc=000000007ee3ba01 SP=0030:000000007ff023f8 env->regs[R_EAX]=0000000000000000
RAX=0000000000000000 RBX=0000000000000004 RCX=000000007ee5ca18 RDX=0000000000000000
RSI=00000000ffffffff RDI=000000007ff1ce70 RBP=000000007ff02470 RSP=000000007ff023f8
R8 =000000007ff1ce60 R9 =000000007ff02331 R10=0000000000000080 R11=000000007e621988
R12=000000007ee5ca60 R13=0000000000000100 R14=000000007ff24960 R15=000000007ff24a60
RIP=000000007ee3ba01 RFL=00000206 [-----P-] CPL=0 II=0 A20=1 SMM=0 HLT=0
ES =0030 0000000000000000 ffffffff 00cf9300 DPL=0 DS   [-WA]
CS =0038 0000000000000000 ffffffff 00af9a00 DPL=0 CS64 [-R-]
SS =0030 0000000000000000 ffffffff 00cf9300 DPL=0 DS   [-WA]
DS =0030 0000000000000000 ffffffff 00cf9300 DPL=0 DS   [-WA]
FS =0030 0000000000000000 ffffffff 00cf9300 DPL=0 DS   [-WA]
GS =0030 0000000000000000 ffffffff 00cf9300 DPL=0 DS   [-WA]
LDT=0000 0000000000000000 0000ffff 00008200 DPL=0 LDT
TR =0000 0000000000000000 0000ffff 00008b00 DPL=0 TSS64-busy
GDT=     000000007f5dc000 00000047
IDT=     000000007f268018 00000fff
CR0=80010033 CR2=0000000000000000 CR3=000000007f801000 CR4=00000668
DR0=0000000000000000 DR1=0000000000000000 DR2=0000000000000000 DR3=0000000000000000 
DR6=00000000ffff0ff0 DR7=0000000000000400
CCS=0000000000000004 CCD=000000007ff023f0 CCO=EFLAGS
EFER=0000000000000d00
Servicing hardware INT=0x20
   175: v=20 e=0000 i=0 cpl=0 IP=0038:000000007ee3ba01 pc=000000007ee3ba01 SP=0030:000000007ff023f8 env->regs[R_EAX]=0000000000000000
RAX=0000000000000000 RBX=0000000000000004 RCX=000000007ee5ca18 RDX=0000000000000000
RSI=00000000ffffffff RDI=000000007ff1ce70 RBP=000000007ff02470 RSP=000000007ff023f8
R8 =000000007ff1ce60 R9 =000000007ff02331 R10=0000000000000080 R11=000000007e621988
R12=000000007ee5ca60 R13=0000000000000100 R14=000000007ff24960 R15=000000007ff24a60
RIP=000000007ee3ba01 RFL=00000206 [-----P-] CPL=0 II=0 A20=1 SMM=0 HLT=0
ES =0030 0000000000000000 ffffffff 00cf9300 DPL=0 DS   [-WA]
CS =0038 0000000000000000 ffffffff 00af9a00 DPL=0 CS64 [-R-]
SS =0030 0000000000000000 ffffffff 00cf9300 DPL=0 DS   [-WA]
DS =0030 0000000000000000 ffffffff 00cf9300 DPL=0 DS   [-WA]
FS =0030 0000000000000000 ffffffff 00cf9300 DPL=0 DS   [-WA]
GS =0030 0000000000000000 ffffffff 00cf9300 DPL=0 DS   [-WA]
LDT=0000 0000000000000000 0000ffff 00008200 DPL=0 LDT
TR =0000 0000000000000000 0000ffff 00008b00 DPL=0 TSS64-busy
GDT=     000000007f5dc000 00000047
IDT=     000000007f268018 00000fff
CR0=80010033 CR2=0000000000000000 CR3=000000007f801000 CR4=00000668
DR0=0000000000000000 DR1=0000000000000000 DR2=0000000000000000 DR3=0000000000000000 
DR6=00000000ffff0ff0 DR7=0000000000000400
CCS=0000000000000004 CCD=000000007ff023f0 CCO=EFLAGS
EFER=0000000000000d00
Servicing hardware INT=0x20
   176: v=20 e=0000 i=0 cpl=0 IP=0038:000000007ee3ba01 pc=000000007ee3ba01 SP=0030:000000007ff023f8 env->regs[R_EAX]=0000000000000000
RAX=0000000000000000 RBX=0000000000000004 RCX=000000007ee5ca18 RDX=0000000000000000
RSI=00000000ffffffff RDI=000000007ff1ce70 RBP=000000007ff02470 RSP=000000007ff023f8
R8 =000000007ff1ce60 R9 =000000007ff02331 R10=0000000000000080 R11=000000007e621988
R12=000000007ee5ca60 R13=0000000000000100 R14=000000007ff24960 R15=000000007ff24a60
RIP=000000007ee3ba01 RFL=00000206 [-----P-] CPL=0 II=0 A20=1 SMM=0 HLT=0
ES =0030 0000000000000000 ffffffff 00cf9300 DPL=0 DS   [-WA]
CS =0038 0000000000000000 ffffffff 00af9a00 DPL=0 CS64 [-R-]
SS =0030 0000000000000000 ffffffff 00cf9300 DPL=0 DS   [-WA]
DS =0030 0000000000000000 ffffffff 00cf9300 DPL=0 DS   [-WA]
FS =0030 0000000000000000 ffffffff 00cf9300 DPL=0 DS   [-WA]
GS =0030 0000000000000000 ffffffff 00cf9300 DPL=0 DS   [-WA]
LDT=0000 0000000000000000 0000ffff 00008200 DPL=0 LDT
TR =0000 0000000000000000 0000ffff 00008b00 DPL=0 TSS64-busy
GDT=     000000007f5dc000 00000047
IDT=     000000007f268018 00000fff
CR0=80010033 CR2=0000000000000000 CR3=000000007f801000 CR4=00000668
DR0=0000000000000000 DR1=0000000000000000 DR2=0000000000000000 DR3=0000000000000000 
DR6=00000000ffff0ff0 DR7=0000000000000400
CCS=0000000000000004 CCD=000000007ff023f0 CCO=EFLAGS
EFER=0000000000000d00
Servicing hardware INT=0x20
   177: v=20 e=0000 i=0 cpl=0 IP=0038:000000007ee3ba01 pc=000000007ee3ba01 SP=0030:000000007ff023f8 env->regs[R_EAX]=0000000000000000
RAX=0000000000000000 RBX=0000000000000004 RCX=000000007ee5ca18 RDX=0000000000000000
RSI=00000000ffffffff RDI=000000007ff1ce70 RBP=000000007ff02470 RSP=000000007ff023f8
R8 =000000007ff1ce60 R9 =000000007ff02331 R10=0000000000000080 R11=000000007e621988
R12=000000007ee5ca60 R13=0000000000000100 R14=000000007ff24960 R15=000000007ff24a60
RIP=000000007ee3ba01 RFL=00000206 [-----P-] CPL=0 II=0 A20=1 SMM=0 HLT=0
ES =0030 0000000000000000 ffffffff 00cf9300 DPL=0 DS   [-WA]
CS =0038 0000000000000000 ffffffff 00af9a00 DPL=0 CS64 [-R-]
SS =0030 0000000000000000 ffffffff 00cf9300 DPL=0 DS   [-WA]
DS =0030 0000000000000000 ffffffff 00cf9300 DPL=0 DS   [-WA]
FS =0030 0000000000000000 ffffffff 00cf9300 DPL=0 DS   [-WA]
GS =0030 0000000000000000 ffffffff 00cf9300 DPL=0 DS   [-WA]
LDT=0000 0000000000000000 0000ffff 00008200 DPL=0 LDT
TR =0000 0000000000000000 0000ffff 00008b00 DPL=0 TSS64-busy
GDT=     000000007f5dc000 00000047
IDT=     000000007f268018 00000fff
CR0=80010033 CR2=0000000000000000 CR3=000000007f801000 CR4=00000668
DR0=0000000000000000 DR1=0000000000000000 DR2=0000000000000000 DR3=0000000000000000 
DR6=00000000ffff0ff0 DR7=0000000000000400
CCS=0000000000000004 CCD=000000007ff023f0 CCO=EFLAGS
EFER=0000000000000d00
Servicing hardware INT=0x20
   178: v=20 e=0000 i=0 cpl=0 IP=0038:000000007ee3ba01 pc=000000007ee3ba01 SP=0030:000000007ff023f8 env->regs[R_EAX]=0000000000000000
RAX=0000000000000000 RBX=0000000000000004 RCX=000000007ee5ca18 RDX=0000000000000000
RSI=00000000ffffffff RDI=000000007ff1ce70 RBP=000000007ff02470 RSP=000000007ff023f8
R8 =000000007ff1ce60 R9 =000000007ff02331 R10=0000000000000080 R11=000000007e621988
R12=000000007ee5ca60 R13=0000000000000100 R14=000000007ff24960 R15=000000007ff24a60
RIP=000000007ee3ba01 RFL=00000206 [-----P-] CPL=0 II=0 A20=1 SMM=0 HLT=0
ES =0030 0000000000000000 ffffffff 00cf9300 DPL=0 DS   [-WA]
CS =0038 0000000000000000 ffffffff 00af9a00 DPL=0 CS64 [-R-]
SS =0030 0000000000000000 ffffffff 00cf9300 DPL=0 DS   [-WA]
DS =0030 0000000000000000 ffffffff 00cf9300 DPL=0 DS   [-WA]
FS =0030 0000000000000000 ffffffff 00cf9300 DPL=0 DS   [-WA]
GS =0030 0000000000000000 ffffffff 00cf9300 DPL=0 DS   [-WA]
LDT=0000 0000000000000000 0000ffff 00008200 DPL=0 LDT
TR =0000 0000000000000000 0000ffff 00008b00 DPL=0 TSS64-busy
GDT=     000000007f5dc000 00000047
IDT=     000000007f268018 00000fff
CR0=80010033 CR2=0000000000000000 CR3=000000007f801000 CR4=00000668
DR0=0000000000000000 DR1=0000000000000000 DR2=0000000000000000 DR3=0000000000000000 
DR6=00000000ffff0ff0 DR7=0000000000000400
CCS=0000000000000004 CCD=000000007ff023f0 CCO=EFLAGS
EFER=0000000000000d00
Servicing hardware INT=0x20
   179: v=20 e=0000 i=0 cpl=0 IP=0038:000000007ee3ba01 pc=000000007ee3ba01 SP=0030:000000007ff023f8 env->regs[R_EAX]=0000000000000000
RAX=0000000000000000 RBX=0000000000000004 RCX=000000007ee5ca18 RDX=0000000000000000
RSI=00000000ffffffff RDI=000000007ff1ce70 RBP=000000007ff02470 RSP=000000007ff023f8
R8 =000000007ff1ce60 R9 =000000007ff02331 R10=0000000000000080 R11=000000007e621988
R12=000000007ee5ca60 R13=0000000000000100 R14=000000007ff24960 R15=000000007ff24a60
RIP=000000007ee3ba01 RFL=00000206 [-----P-] CPL=0 II=0 A20=1 SMM=0 HLT=0
ES =0030 0000000000000000 ffffffff 00cf9300 DPL=0 DS   [-WA]
CS =0038 0000000000000000 ffffffff 00af9a00 DPL=0 CS64 [-R-]
SS =0030 0000000000000000 ffffffff 00cf9300 DPL=0 DS   [-WA]
DS =0030 0000000000000000 ffffffff 00cf9300 DPL=0 DS   [-WA]
FS =0030 0000000000000000 ffffffff 00cf9300 DPL=0 DS   [-WA]
GS =0030 0000000000000000 ffffffff 00cf9300 DPL=0 DS   [-WA]
LDT=0000 0000000000000000 0000ffff 00008200 DPL=0 LDT
TR =0000 0000000000000000 0000ffff 00008b00 DPL=0 TSS64-busy
GDT=     000000007f5dc000 00000047
IDT=     000000007f268018 00000fff
CR0=80010033 CR2=0000000000000000 CR3=000000007f801000 CR4=00000668
DR0=0000000000000000 DR1=0000000000000000 DR2=0000000000000000 DR3=0000000000000000 
DR6=00000000ffff0ff0 DR7=0000000000000400
CCS=0000000000000004 CCD=000000007ff023f0 CCO=EFLAGS
EFER=0000000000000d00
Servicing hardware INT=0x20
   180: v=20 e=0000 i=0 cpl=0 IP=0038:000000007ee3ba01 pc=000000007ee3ba01 SP=0030:000000007ff023f8 env->regs[R_EAX]=0000000000000000
RAX=0000000000000000 RBX=0000000000000004 RCX=000000007ee5ca18 RDX=0000000000000000
RSI=00000000ffffffff RDI=000000007ff1ce70 RBP=000000007ff02470 RSP=000000007ff023f8
R8 =000000007ff1ce60 R9 =000000007ff02331 R10=0000000000000080 R11=000000007e621988
R12=000000007ee5ca60 R13=0000000000000100 R14=000000007ff24960 R15=000000007ff24a60
RIP=000000007ee3ba01 RFL=00000206 [-----P-] CPL=0 II=0 A20=1 SMM=0 HLT=0
ES =0030 0000000000000000 ffffffff 00cf9300 DPL=0 DS   [-WA]
CS =0038 0000000000000000 ffffffff 00af9a00 DPL=0 CS64 [-R-]
SS =0030 0000000000000000 ffffffff 00cf9300 DPL=0 DS   [-WA]
DS =0030 0000000000000000 ffffffff 00cf9300 DPL=0 DS   [-WA]
FS =0030 0000000000000000 ffffffff 00cf9300 DPL=0 DS   [-WA]
GS =0030 0000000000000000 ffffffff 00cf9300 DPL=0 DS   [-WA]
LDT=0000 0000000000000000 0000ffff 00008200 DPL=0 LDT
TR =0000 0000000000000000 0000ffff 00008b00 DPL=0 TSS64-busy
GDT=     000000007f5dc000 00000047
IDT=     000000007f268018 00000fff
CR0=80010033 CR2=0000000000000000 CR3=000000007f801000 CR4=00000668
DR0=0000000000000000 DR1=0000000000000000 DR2=0000000000000000 DR3=0000000000000000 
DR6=00000000ffff0ff0 DR7=0000000000000400
CCS=0000000000000004 CCD=000000007ff023f0 CCO=EFLAGS
EFER=0000000000000d00
Servicing hardware INT=0x20
   181: v=20 e=0000 i=0 cpl=0 IP=0038:000000007ee3ba01 pc=000000007ee3ba01 SP=0030:000000007ff023f8 env->regs[R_EAX]=0000000000000000
RAX=0000000000000000 RBX=0000000000000004 RCX=000000007ee5ca18 RDX=0000000000000000
RSI=00000000ffffffff RDI=000000007ff1ce70 RBP=000000007ff02470 RSP=000000007ff023f8
R8 =000000007ff1ce60 R9 =000000007ff02331 R10=0000000000000080 R11=000000007e621988
R12=000000007ee5ca60 R13=0000000000000100 R14=000000007ff24960 R15=000000007ff24a60
RIP=000000007ee3ba01 RFL=00000206 [-----P-] CPL=0 II=0 A20=1 SMM=0 HLT=0
ES =0030 0000000000000000 ffffffff 00cf9300 DPL=0 DS   [-WA]
CS =0038 0000000000000000 ffffffff 00af9a00 DPL=0 CS64 [-R-]
SS =0030 0000000000000000 ffffffff 00cf9300 DPL=0 DS   [-WA]
DS =0030 0000000000000000 ffffffff 00cf9300 DPL=0 DS   [-WA]
FS =0030 0000000000000000 ffffffff 00cf9300 DPL=0 DS   [-WA]
GS =0030 0000000000000000 ffffffff 00cf9300 DPL=0 DS   [-WA]
LDT=0000 0000000000000000 0000ffff 00008200 DPL=0 LDT
TR =0000 0000000000000000 0000ffff 00008b00 DPL=0 TSS64-busy
GDT=     000000007f5dc000 00000047
IDT=     000000007f268018 00000fff
CR0=80010033 CR2=0000000000000000 CR3=000000007f801000 CR4=00000668
DR0=0000000000000000 DR1=0000000000000000 DR2=0000000000000000 DR3=0000000000000000 
DR6=00000000ffff0ff0 DR7=0000000000000400
CCS=0000000000000004 CCD=000000007ff023f0 CCO=EFLAGS
EFER=0000000000000d00
Servicing hardware INT=0x20
   182: v=20 e=0000 i=0 cpl=0 IP=0038:000000007ee3ba01 pc=000000007ee3ba01 SP=0030:000000007ff023f8 env->regs[R_EAX]=0000000000000000
RAX=0000000000000000 RBX=0000000000000004 RCX=000000007ee5ca18 RDX=0000000000000000
RSI=00000000ffffffff RDI=000000007ff1ce70 RBP=000000007ff02470 RSP=000000007ff023f8
R8 =000000007ff1ce60 R9 =000000007ff02331 R10=0000000000000080 R11=000000007e621988
R12=000000007ee5ca60 R13=0000000000000100 R14=000000007ff24960 R15=000000007ff24a60
RIP=000000007ee3ba01 RFL=00000206 [-----P-] CPL=0 II=0 A20=1 SMM=0 HLT=0
ES =0030 0000000000000000 ffffffff 00cf9300 DPL=0 DS   [-WA]
CS =0038 0000000000000000 ffffffff 00af9a00 DPL=0 CS64 [-R-]
SS =0030 0000000000000000 ffffffff 00cf9300 DPL=0 DS   [-WA]
DS =0030 0000000000000000 ffffffff 00cf9300 DPL=0 DS   [-WA]
FS =0030 0000000000000000 ffffffff 00cf9300 DPL=0 DS   [-WA]
GS =0030 0000000000000000 ffffffff 00cf9300 DPL=0 DS   [-WA]
LDT=0000 0000000000000000 0000ffff 00008200 DPL=0 LDT
TR =0000 0000000000000000 0000ffff 00008b00 DPL=0 TSS64-busy
GDT=     000000007f5dc000 00000047
IDT=     000000007f268018 00000fff
CR0=80010033 CR2=0000000000000000 CR3=000000007f801000 CR4=00000668
DR0=0000000000000000 DR1=0000000000000000 DR2=0000000000000000 DR3=0000000000000000 
DR6=00000000ffff0ff0 DR7=0000000000000400
CCS=0000000000000004 CCD=000000007ff023f0 CCO=EFLAGS
EFER=0000000000000d00
Servicing hardware INT=0x20
   183: v=20 e=0000 i=0 cpl=0 IP=0038:000000007ee3ba01 pc=000000007ee3ba01 SP=0030:000000007ff023f8 env->regs[R_EAX]=0000000000000000
RAX=0000000000000000 RBX=0000000000000004 RCX=000000007ee5ca18 RDX=0000000000000000
RSI=00000000ffffffff RDI=000000007ff1ce70 RBP=000000007ff02470 RSP=000000007ff023f8
R8 =000000007ff1ce60 R9 =000000007ff02331 R10=0000000000000080 R11=000000007e621988
R12=000000007ee5ca60 R13=0000000000000100 R14=000000007ff24960 R15=000000007ff24a60
RIP=000000007ee3ba01 RFL=00000206 [-----P-] CPL=0 II=0 A20=1 SMM=0 HLT=0
ES =0030 0000000000000000 ffffffff 00cf9300 DPL=0 DS   [-WA]
CS =0038 0000000000000000 ffffffff 00af9a00 DPL=0 CS64 [-R-]
SS =0030 0000000000000000 ffffffff 00cf9300 DPL=0 DS   [-WA]
DS =0030 0000000000000000 ffffffff 00cf9300 DPL=0 DS   [-WA]
FS =0030 0000000000000000 ffffffff 00cf9300 DPL=0 DS   [-WA]
GS =0030 0000000000000000 ffffffff 00cf9300 DPL=0 DS   [-WA]
LDT=0000 0000000000000000 0000ffff 00008200 DPL=0 LDT
TR =0000 0000000000000000 0000ffff 00008b00 DPL=0 TSS64-busy
GDT=     000000007f5dc000 00000047
IDT=     000000007f268018 00000fff
CR0=80010033 CR2=0000000000000000 CR3=000000007f801000 CR4=00000668
DR0=0000000000000000 DR1=0000000000000000 DR2=0000000000000000 DR3=0000000000000000 
DR6=00000000ffff0ff0 DR7=0000000000000400
CCS=0000000000000004 CCD=000000007ff023f0 CCO=EFLAGS
EFER=0000000000000d00
Servicing hardware INT=0x20
   184: v=20 e=0000 i=0 cpl=0 IP=0038:000000007ee3ba01 pc=000000007ee3ba01 SP=0030:000000007ff023f8 env->regs[R_EAX]=0000000000000000
RAX=0000000000000000 RBX=0000000000000004 RCX=000000007ee5ca18 RDX=0000000000000000
RSI=00000000ffffffff RDI=000000007ff1ce70 RBP=000000007ff02470 RSP=000000007ff023f8
R8 =000000007ff1ce60 R9 =000000007ff02331 R10=0000000000000080 R11=000000007e621988
R12=000000007ee5ca60 R13=0000000000000100 R14=000000007ff24960 R15=000000007ff24a60
RIP=000000007ee3ba01 RFL=00000206 [-----P-] CPL=0 II=0 A20=1 SMM=0 HLT=0
ES =0030 0000000000000000 ffffffff 00cf9300 DPL=0 DS   [-WA]
CS =0038 0000000000000000 ffffffff 00af9a00 DPL=0 CS64 [-R-]
SS =0030 0000000000000000 ffffffff 00cf9300 DPL=0 DS   [-WA]
DS =0030 0000000000000000 ffffffff 00cf9300 DPL=0 DS   [-WA]
FS =0030 0000000000000000 ffffffff 00cf9300 DPL=0 DS   [-WA]
GS =0030 0000000000000000 ffffffff 00cf9300 DPL=0 DS   [-WA]
LDT=0000 0000000000000000 0000ffff 00008200 DPL=0 LDT
TR =0000 0000000000000000 0000ffff 00008b00 DPL=0 TSS64-busy
GDT=     000000007f5dc000 00000047
IDT=     000000007f268018 00000fff
CR0=80010033 CR2=0000000000000000 CR3=000000007f801000 CR4=00000668
DR0=0000000000000000 DR1=0000000000000000 DR2=0000000000000000 DR3=0000000000000000 
DR6=00000000ffff0ff0 DR7=0000000000000400
CCS=0000000000000004 CCD=000000007ff023f0 CCO=EFLAGS
EFER=0000000000000d00
Servicing hardware INT=0x20
   185: v=20 e=0000 i=0 cpl=0 IP=0038:000000007ee3ba01 pc=000000007ee3ba01 SP=0030:000000007ff023f8 env->regs[R_EAX]=0000000000000000
RAX=0000000000000000 RBX=0000000000000004 RCX=000000007ee5ca18 RDX=0000000000000000
RSI=00000000ffffffff RDI=000000007ff1ce70 RBP=000000007ff02470 RSP=000000007ff023f8
R8 =000000007ff1ce60 R9 =000000007ff02331 R10=0000000000000080 R11=000000007e621988
R12=000000007ee5ca60 R13=0000000000000100 R14=000000007ff24960 R15=000000007ff24a60
RIP=000000007ee3ba01 RFL=00000206 [-----P-] CPL=0 II=0 A20=1 SMM=0 HLT=0
ES =0030 0000000000000000 ffffffff 00cf9300 DPL=0 DS   [-WA]
CS =0038 0000000000000000 ffffffff 00af9a00 DPL=0 CS64 [-R-]
SS =0030 0000000000000000 ffffffff 00cf9300 DPL=0 DS   [-WA]
DS =0030 0000000000000000 ffffffff 00cf9300 DPL=0 DS   [-WA]
FS =0030 0000000000000000 ffffffff 00cf9300 DPL=0 DS   [-WA]
GS =0030 0000000000000000 ffffffff 00cf9300 DPL=0 DS   [-WA]
LDT=0000 0000000000000000 0000ffff 00008200 DPL=0 LDT
TR =0000 0000000000000000 0000ffff 00008b00 DPL=0 TSS64-busy
GDT=     000000007f5dc000 00000047
IDT=     000000007f268018 00000fff
CR0=80010033 CR2=0000000000000000 CR3=000000007f801000 CR4=00000668
DR0=0000000000000000 DR1=0000000000000000 DR2=0000000000000000 DR3=0000000000000000 
DR6=00000000ffff0ff0 DR7=0000000000000400
CCS=0000000000000004 CCD=000000007ff023f0 CCO=EFLAGS
EFER=0000000000000d00
Servicing hardware INT=0x20
   186: v=20 e=0000 i=0 cpl=0 IP=0038:000000007ee3ba01 pc=000000007ee3ba01 SP=0030:000000007ff023f8 env->regs[R_EAX]=0000000000000000
RAX=0000000000000000 RBX=0000000000000004 RCX=000000007ee5ca18 RDX=0000000000000000
RSI=00000000ffffffff RDI=000000007ff1ce70 RBP=000000007ff02470 RSP=000000007ff023f8
R8 =000000007ff1ce60 R9 =000000007ff02331 R10=0000000000000080 R11=000000007e621988
R12=000000007ee5ca60 R13=0000000000000100 R14=000000007ff24960 R15=000000007ff24a60
RIP=000000007ee3ba01 RFL=00000206 [-----P-] CPL=0 II=0 A20=1 SMM=0 HLT=0
ES =0030 0000000000000000 ffffffff 00cf9300 DPL=0 DS   [-WA]
CS =0038 0000000000000000 ffffffff 00af9a00 DPL=0 CS64 [-R-]
SS =0030 0000000000000000 ffffffff 00cf9300 DPL=0 DS   [-WA]
DS =0030 0000000000000000 ffffffff 00cf9300 DPL=0 DS   [-WA]
FS =0030 0000000000000000 ffffffff 00cf9300 DPL=0 DS   [-WA]
GS =0030 0000000000000000 ffffffff 00cf9300 DPL=0 DS   [-WA]
LDT=0000 0000000000000000 0000ffff 00008200 DPL=0 LDT
TR =0000 0000000000000000 0000ffff 00008b00 DPL=0 TSS64-busy
GDT=     000000007f5dc000 00000047
IDT=     000000007f268018 00000fff
CR0=80010033 CR2=0000000000000000 CR3=000000007f801000 CR4=00000668
DR0=0000000000000000 DR1=0000000000000000 DR2=0000000000000000 DR3=0000000000000000 
DR6=00000000ffff0ff0 DR7=0000000000000400
CCS=0000000000000004 CCD=000000007ff023f0 CCO=EFLAGS
EFER=0000000000000d00
Servicing hardware INT=0x20
   187: v=20 e=0000 i=0 cpl=0 IP=0038:000000007ee3ba01 pc=000000007ee3ba01 SP=0030:000000007ff023f8 env->regs[R_EAX]=0000000000000000
RAX=0000000000000000 RBX=0000000000000004 RCX=000000007ee5ca18 RDX=0000000000000000
RSI=00000000ffffffff RDI=000000007ff1ce70 RBP=000000007ff02470 RSP=000000007ff023f8
R8 =000000007ff1ce60 R9 =000000007ff02331 R10=0000000000000080 R11=000000007e621988
R12=000000007ee5ca60 R13=0000000000000100 R14=000000007ff24960 R15=000000007ff24a60
RIP=000000007ee3ba01 RFL=00000206 [-----P-] CPL=0 II=0 A20=1 SMM=0 HLT=0
ES =0030 0000000000000000 ffffffff 00cf9300 DPL=0 DS   [-WA]
CS =0038 0000000000000000 ffffffff 00af9a00 DPL=0 CS64 [-R-]
SS =0030 0000000000000000 ffffffff 00cf9300 DPL=0 DS   [-WA]
DS =0030 0000000000000000 ffffffff 00cf9300 DPL=0 DS   [-WA]
FS =0030 0000000000000000 ffffffff 00cf9300 DPL=0 DS   [-WA]
GS =0030 0000000000000000 ffffffff 00cf9300 DPL=0 DS   [-WA]
LDT=0000 0000000000000000 0000ffff 00008200 DPL=0 LDT
TR =0000 0000000000000000 0000ffff 00008b00 DPL=0 TSS64-busy
GDT=     000000007f5dc000 00000047
IDT=     000000007f268018 00000fff
CR0=80010033 CR2=0000000000000000 CR3=000000007f801000 CR4=00000668
DR0=0000000000000000 DR1=0000000000000000 DR2=0000000000000000 DR3=0000000000000000 
DR6=00000000ffff0ff0 DR7=0000000000000400
CCS=0000000000000004 CCD=000000007ff023f0 CCO=EFLAGS
EFER=0000000000000d00
Servicing hardware INT=0x20
   188: v=20 e=0000 i=0 cpl=0 IP=0038:000000007ee3ba01 pc=000000007ee3ba01 SP=0030:000000007ff023f8 env->regs[R_EAX]=0000000000000000
RAX=0000000000000000 RBX=0000000000000004 RCX=000000007ee5ca18 RDX=0000000000000000
RSI=00000000ffffffff RDI=000000007ff1ce70 RBP=000000007ff02470 RSP=000000007ff023f8
R8 =000000007ff1ce60 R9 =000000007ff02331 R10=0000000000000080 R11=000000007e621988
R12=000000007ee5ca60 R13=0000000000000100 R14=000000007ff24960 R15=000000007ff24a60
RIP=000000007ee3ba01 RFL=00000206 [-----P-] CPL=0 II=0 A20=1 SMM=0 HLT=0
ES =0030 0000000000000000 ffffffff 00cf9300 DPL=0 DS   [-WA]
CS =0038 0000000000000000 ffffffff 00af9a00 DPL=0 CS64 [-R-]
SS =0030 0000000000000000 ffffffff 00cf9300 DPL=0 DS   [-WA]
DS =0030 0000000000000000 ffffffff 00cf9300 DPL=0 DS   [-WA]
FS =0030 0000000000000000 ffffffff 00cf9300 DPL=0 DS   [-WA]
GS =0030 0000000000000000 ffffffff 00cf9300 DPL=0 DS   [-WA]
LDT=0000 0000000000000000 0000ffff 00008200 DPL=0 LDT
TR =0000 0000000000000000 0000ffff 00008b00 DPL=0 TSS64-busy
GDT=     000000007f5dc000 00000047
IDT=     000000007f268018 00000fff
CR0=80010033 CR2=0000000000000000 CR3=000000007f801000 CR4=00000668
DR0=0000000000000000 DR1=0000000000000000 DR2=0000000000000000 DR3=0000000000000000 
DR6=00000000ffff0ff0 DR7=0000000000000400
CCS=0000000000000004 CCD=000000007ff023f0 CCO=EFLAGS
EFER=0000000000000d00
Servicing hardware INT=0x20
   189: v=20 e=0000 i=0 cpl=0 IP=0038:000000007ee3ba01 pc=000000007ee3ba01 SP=0030:000000007ff023f8 env->regs[R_EAX]=0000000000000000
RAX=0000000000000000 RBX=0000000000000004 RCX=000000007ee5ca18 RDX=0000000000000000
RSI=00000000ffffffff RDI=000000007ff1ce70 RBP=000000007ff02470 RSP=000000007ff023f8
R8 =000000007ff1ce60 R9 =000000007ff02331 R10=0000000000000080 R11=000000007e621988
R12=000000007ee5ca60 R13=0000000000000100 R14=000000007ff24960 R15=000000007ff24a60
RIP=000000007ee3ba01 RFL=00000206 [-----P-] CPL=0 II=0 A20=1 SMM=0 HLT=0
ES =0030 0000000000000000 ffffffff 00cf9300 DPL=0 DS   [-WA]
CS =0038 0000000000000000 ffffffff 00af9a00 DPL=0 CS64 [-R-]
SS =0030 0000000000000000 ffffffff 00cf9300 DPL=0 DS   [-WA]
DS =0030 0000000000000000 ffffffff 00cf9300 DPL=0 DS   [-WA]
FS =0030 0000000000000000 ffffffff 00cf9300 DPL=0 DS   [-WA]
GS =0030 0000000000000000 ffffffff 00cf9300 DPL=0 DS   [-WA]
LDT=0000 0000000000000000 0000ffff 00008200 DPL=0 LDT
TR =0000 0000000000000000 0000ffff 00008b00 DPL=0 TSS64-busy
GDT=     000000007f5dc000 00000047
IDT=     000000007f268018 00000fff
CR0=80010033 CR2=0000000000000000 CR3=000000007f801000 CR4=00000668
DR0=0000000000000000 DR1=0000000000000000 DR2=0000000000000000 DR3=0000000000000000 
DR6=00000000ffff0ff0 DR7=0000000000000400
CCS=0000000000000004 CCD=000000007ff023f0 CCO=EFLAGS
EFER=0000000000000d00
Servicing hardware INT=0x20
   190: v=20 e=0000 i=0 cpl=0 IP=0038:000000007ee3ba01 pc=000000007ee3ba01 SP=0030:000000007ff023f8 env->regs[R_EAX]=0000000000000000
RAX=0000000000000000 RBX=0000000000000004 RCX=000000007ee5ca18 RDX=0000000000000000
RSI=00000000ffffffff RDI=000000007ff1ce70 RBP=000000007ff02470 RSP=000000007ff023f8
R8 =000000007ff1ce60 R9 =000000007ff02331 R10=0000000000000080 R11=000000007e621988
R12=000000007ee5ca60 R13=0000000000000100 R14=000000007ff24960 R15=000000007ff24a60
RIP=000000007ee3ba01 RFL=00000206 [-----P-] CPL=0 II=0 A20=1 SMM=0 HLT=0
ES =0030 0000000000000000 ffffffff 00cf9300 DPL=0 DS   [-WA]
CS =0038 0000000000000000 ffffffff 00af9a00 DPL=0 CS64 [-R-]
SS =0030 0000000000000000 ffffffff 00cf9300 DPL=0 DS   [-WA]
DS =0030 0000000000000000 ffffffff 00cf9300 DPL=0 DS   [-WA]
FS =0030 0000000000000000 ffffffff 00cf9300 DPL=0 DS   [-WA]
GS =0030 0000000000000000 ffffffff 00cf9300 DPL=0 DS   [-WA]
LDT=0000 0000000000000000 0000ffff 00008200 DPL=0 LDT
TR =0000 0000000000000000 0000ffff 00008b00 DPL=0 TSS64-busy
GDT=     000000007f5dc000 00000047
IDT=     000000007f268018 00000fff
CR0=80010033 CR2=0000000000000000 CR3=000000007f801000 CR4=00000668
DR0=0000000000000000 DR1=0000000000000000 DR2=0000000000000000 DR3=0000000000000000 
DR6=00000000ffff0ff0 DR7=0000000000000400
CCS=0000000000000004 CCD=000000007ff023f0 CCO=EFLAGS
EFER=0000000000000d00
Servicing hardware INT=0x20
   191: v=20 e=0000 i=0 cpl=0 IP=0038:000000007ee3ba01 pc=000000007ee3ba01 SP=0030:000000007ff023f8 env->regs[R_EAX]=0000000000000000
RAX=0000000000000000 RBX=0000000000000004 RCX=000000007ee5ca18 RDX=0000000000000000
RSI=00000000ffffffff RDI=000000007ff1ce70 RBP=000000007ff02470 RSP=000000007ff023f8
R8 =000000007ff1ce60 R9 =000000007ff02331 R10=0000000000000080 R11=000000007e621988
R12=000000007ee5ca60 R13=0000000000000100 R14=000000007ff24960 R15=000000007ff24a60
RIP=000000007ee3ba01 RFL=00000206 [-----P-] CPL=0 II=0 A20=1 SMM=0 HLT=0
ES =0030 0000000000000000 ffffffff 00cf9300 DPL=0 DS   [-WA]
CS =0038 0000000000000000 ffffffff 00af9a00 DPL=0 CS64 [-R-]
SS =0030 0000000000000000 ffffffff 00cf9300 DPL=0 DS   [-WA]
DS =0030 0000000000000000 ffffffff 00cf9300 DPL=0 DS   [-WA]
FS =0030 0000000000000000 ffffffff 00cf9300 DPL=0 DS   [-WA]
GS =0030 0000000000000000 ffffffff 00cf9300 DPL=0 DS   [-WA]
LDT=0000 0000000000000000 0000ffff 00008200 DPL=0 LDT
TR =0000 0000000000000000 0000ffff 00008b00 DPL=0 TSS64-busy
GDT=     000000007f5dc000 00000047
IDT=     000000007f268018 00000fff
CR0=80010033 CR2=0000000000000000 CR3=000000007f801000 CR4=00000668
DR0=0000000000000000 DR1=0000000000000000 DR2=0000000000000000 DR3=0000000000000000 
DR6=00000000ffff0ff0 DR7=0000000000000400
CCS=0000000000000004 CCD=000000007ff023f0 CCO=EFLAGS
EFER=0000000000000d00
Servicing hardware INT=0x20
   192: v=20 e=0000 i=0 cpl=0 IP=0038:000000007ee3ba01 pc=000000007ee3ba01 SP=0030:000000007ff023f8 env->regs[R_EAX]=0000000000000000
RAX=0000000000000000 RBX=0000000000000004 RCX=000000007ee5ca18 RDX=0000000000000000
RSI=00000000ffffffff RDI=000000007ff1ce70 RBP=000000007ff02470 RSP=000000007ff023f8
R8 =000000007ff1ce60 R9 =000000007ff02331 R10=0000000000000080 R11=000000007e621988
R12=000000007ee5ca60 R13=0000000000000100 R14=000000007ff24960 R15=000000007ff24a60
RIP=000000007ee3ba01 RFL=00000206 [-----P-] CPL=0 II=0 A20=1 SMM=0 HLT=0
ES =0030 0000000000000000 ffffffff 00cf9300 DPL=0 DS   [-WA]
CS =0038 0000000000000000 ffffffff 00af9a00 DPL=0 CS64 [-R-]
SS =0030 0000000000000000 ffffffff 00cf9300 DPL=0 DS   [-WA]
DS =0030 0000000000000000 ffffffff 00cf9300 DPL=0 DS   [-WA]
FS =0030 0000000000000000 ffffffff 00cf9300 DPL=0 DS   [-WA]
GS =0030 0000000000000000 ffffffff 00cf9300 DPL=0 DS   [-WA]
LDT=0000 0000000000000000 0000ffff 00008200 DPL=0 LDT
TR =0000 0000000000000000 0000ffff 00008b00 DPL=0 TSS64-busy
GDT=     000000007f5dc000 00000047
IDT=     000000007f268018 00000fff
CR0=80010033 CR2=0000000000000000 CR3=000000007f801000 CR4=00000668
DR0=0000000000000000 DR1=0000000000000000 DR2=0000000000000000 DR3=0000000000000000 
DR6=00000000ffff0ff0 DR7=0000000000000400
CCS=0000000000000004 CCD=000000007ff023f0 CCO=EFLAGS
EFER=0000000000000d00
Servicing hardware INT=0x20
   193: v=20 e=0000 i=0 cpl=0 IP=0038:000000007ee3ba01 pc=000000007ee3ba01 SP=0030:000000007ff023f8 env->regs[R_EAX]=0000000000000000
RAX=0000000000000000 RBX=0000000000000004 RCX=000000007ee5ca18 RDX=0000000000000000
RSI=00000000ffffffff RDI=000000007ff1ce70 RBP=000000007ff02470 RSP=000000007ff023f8
R8 =000000007ff1ce60 R9 =000000007ff02331 R10=0000000000000080 R11=000000007e621988
R12=000000007ee5ca60 R13=0000000000000100 R14=000000007ff24960 R15=000000007ff24a60
RIP=000000007ee3ba01 RFL=00000206 [-----P-] CPL=0 II=0 A20=1 SMM=0 HLT=0
ES =0030 0000000000000000 ffffffff 00cf9300 DPL=0 DS   [-WA]
CS =0038 0000000000000000 ffffffff 00af9a00 DPL=0 CS64 [-R-]
SS =0030 0000000000000000 ffffffff 00cf9300 DPL=0 DS   [-WA]
DS =0030 0000000000000000 ffffffff 00cf9300 DPL=0 DS   [-WA]
FS =0030 0000000000000000 ffffffff 00cf9300 DPL=0 DS   [-WA]
GS =0030 0000000000000000 ffffffff 00cf9300 DPL=0 DS   [-WA]
LDT=0000 0000000000000000 0000ffff 00008200 DPL=0 LDT
TR =0000 0000000000000000 0000ffff 00008b00 DPL=0 TSS64-busy
GDT=     000000007f5dc000 00000047
IDT=     000000007f268018 00000fff
CR0=80010033 CR2=0000000000000000 CR3=000000007f801000 CR4=00000668
DR0=0000000000000000 DR1=0000000000000000 DR2=0000000000000000 DR3=0000000000000000 
DR6=00000000ffff0ff0 DR7=0000000000000400
CCS=0000000000000004 CCD=000000007ff023f0 CCO=EFLAGS
EFER=0000000000000d00
Servicing hardware INT=0x20
   194: v=20 e=0000 i=0 cpl=0 IP=0038:000000007ee3ba01 pc=000000007ee3ba01 SP=0030:000000007ff023f8 env->regs[R_EAX]=0000000000000000
RAX=0000000000000000 RBX=0000000000000004 RCX=000000007ee5ca18 RDX=0000000000000000
RSI=00000000ffffffff RDI=000000007ff1ce70 RBP=000000007ff02470 RSP=000000007ff023f8
R8 =000000007ff1ce60 R9 =000000007ff02331 R10=0000000000000080 R11=000000007e621988
R12=000000007ee5ca60 R13=0000000000000100 R14=000000007ff24960 R15=000000007ff24a60
RIP=000000007ee3ba01 RFL=00000206 [-----P-] CPL=0 II=0 A20=1 SMM=0 HLT=0
ES =0030 0000000000000000 ffffffff 00cf9300 DPL=0 DS   [-WA]
CS =0038 0000000000000000 ffffffff 00af9a00 DPL=0 CS64 [-R-]
SS =0030 0000000000000000 ffffffff 00cf9300 DPL=0 DS   [-WA]
DS =0030 0000000000000000 ffffffff 00cf9300 DPL=0 DS   [-WA]
FS =0030 0000000000000000 ffffffff 00cf9300 DPL=0 DS   [-WA]
GS =0030 0000000000000000 ffffffff 00cf9300 DPL=0 DS   [-WA]
LDT=0000 0000000000000000 0000ffff 00008200 DPL=0 LDT
TR =0000 0000000000000000 0000ffff 00008b00 DPL=0 TSS64-busy
GDT=     000000007f5dc000 00000047
IDT=     000000007f268018 00000fff
CR0=80010033 CR2=0000000000000000 CR3=000000007f801000 CR4=00000668
DR0=0000000000000000 DR1=0000000000000000 DR2=0000000000000000 DR3=0000000000000000 
DR6=00000000ffff0ff0 DR7=0000000000000400
CCS=0000000000000004 CCD=000000007ff023f0 CCO=EFLAGS
EFER=0000000000000d00
Servicing hardware INT=0x20
   195: v=20 e=0000 i=0 cpl=0 IP=0038:000000007ee3ba01 pc=000000007ee3ba01 SP=0030:000000007ff023f8 env->regs[R_EAX]=0000000000000000
RAX=0000000000000000 RBX=0000000000000004 RCX=000000007ee5ca18 RDX=0000000000000000
RSI=00000000ffffffff RDI=000000007ff1ce70 RBP=000000007ff02470 RSP=000000007ff023f8
R8 =000000007ff1ce60 R9 =000000007ff02331 R10=0000000000000080 R11=000000007e621988
R12=000000007ee5ca60 R13=0000000000000100 R14=000000007ff24960 R15=000000007ff24a60
RIP=000000007ee3ba01 RFL=00000206 [-----P-] CPL=0 II=0 A20=1 SMM=0 HLT=0
ES =0030 0000000000000000 ffffffff 00cf9300 DPL=0 DS   [-WA]
CS =0038 0000000000000000 ffffffff 00af9a00 DPL=0 CS64 [-R-]
SS =0030 0000000000000000 ffffffff 00cf9300 DPL=0 DS   [-WA]
DS =0030 0000000000000000 ffffffff 00cf9300 DPL=0 DS   [-WA]
FS =0030 0000000000000000 ffffffff 00cf9300 DPL=0 DS   [-WA]
GS =0030 0000000000000000 ffffffff 00cf9300 DPL=0 DS   [-WA]
LDT=0000 0000000000000000 0000ffff 00008200 DPL=0 LDT
TR =0000 0000000000000000 0000ffff 00008b00 DPL=0 TSS64-busy
GDT=     000000007f5dc000 00000047
IDT=     000000007f268018 00000fff
CR0=80010033 CR2=0000000000000000 CR3=000000007f801000 CR4=00000668
DR0=0000000000000000 DR1=0000000000000000 DR2=0000000000000000 DR3=0000000000000000 
DR6=00000000ffff0ff0 DR7=0000000000000400
CCS=0000000000000004 CCD=000000007ff023f0 CCO=EFLAGS
EFER=0000000000000d00
Servicing hardware INT=0x20
   196: v=20 e=0000 i=0 cpl=0 IP=0038:000000007ee3ba01 pc=000000007ee3ba01 SP=0030:000000007ff023f8 env->regs[R_EAX]=0000000000000000
RAX=0000000000000000 RBX=0000000000000004 RCX=000000007ee5ca18 RDX=0000000000000000
RSI=00000000ffffffff RDI=000000007ff1ce70 RBP=000000007ff02470 RSP=000000007ff023f8
R8 =000000007ff1ce60 R9 =000000007ff02331 R10=0000000000000080 R11=000000007e621988
R12=000000007ee5ca60 R13=0000000000000100 R14=000000007ff24960 R15=000000007ff24a60
RIP=000000007ee3ba01 RFL=00000206 [-----P-] CPL=0 II=0 A20=1 SMM=0 HLT=0
ES =0030 0000000000000000 ffffffff 00cf9300 DPL=0 DS   [-WA]
CS =0038 0000000000000000 ffffffff 00af9a00 DPL=0 CS64 [-R-]
SS =0030 0000000000000000 ffffffff 00cf9300 DPL=0 DS   [-WA]
DS =0030 0000000000000000 ffffffff 00cf9300 DPL=0 DS   [-WA]
FS =0030 0000000000000000 ffffffff 00cf9300 DPL=0 DS   [-WA]
GS =0030 0000000000000000 ffffffff 00cf9300 DPL=0 DS   [-WA]
LDT=0000 0000000000000000 0000ffff 00008200 DPL=0 LDT
TR =0000 0000000000000000 0000ffff 00008b00 DPL=0 TSS64-busy
GDT=     000000007f5dc000 00000047
IDT=     000000007f268018 00000fff
CR0=80010033 CR2=0000000000000000 CR3=000000007f801000 CR4=00000668
DR0=0000000000000000 DR1=0000000000000000 DR2=0000000000000000 DR3=0000000000000000 
DR6=00000000ffff0ff0 DR7=0000000000000400
CCS=0000000000000004 CCD=000000007ff023f0 CCO=EFLAGS
EFER=0000000000000d00
Servicing hardware INT=0x20
   197: v=20 e=0000 i=0 cpl=0 IP=0038:000000007ee3ba01 pc=000000007ee3ba01 SP=0030:000000007ff023f8 env->regs[R_EAX]=0000000000000000
RAX=0000000000000000 RBX=0000000000000004 RCX=000000007ee5ca18 RDX=0000000000000000
RSI=00000000ffffffff RDI=000000007ff1ce70 RBP=000000007ff02470 RSP=000000007ff023f8
R8 =000000007ff1ce60 R9 =000000007ff02331 R10=0000000000000080 R11=000000007e621988
R12=000000007ee5ca60 R13=0000000000000100 R14=000000007ff24960 R15=000000007ff24a60
RIP=000000007ee3ba01 RFL=00000206 [-----P-] CPL=0 II=0 A20=1 SMM=0 HLT=0
ES =0030 0000000000000000 ffffffff 00cf9300 DPL=0 DS   [-WA]
CS =0038 0000000000000000 ffffffff 00af9a00 DPL=0 CS64 [-R-]
SS =0030 0000000000000000 ffffffff 00cf9300 DPL=0 DS   [-WA]
DS =0030 0000000000000000 ffffffff 00cf9300 DPL=0 DS   [-WA]
FS =0030 0000000000000000 ffffffff 00cf9300 DPL=0 DS   [-WA]
GS =0030 0000000000000000 ffffffff 00cf9300 DPL=0 DS   [-WA]
LDT=0000 0000000000000000 0000ffff 00008200 DPL=0 LDT
TR =0000 0000000000000000 0000ffff 00008b00 DPL=0 TSS64-busy
GDT=     000000007f5dc000 00000047
IDT=     000000007f268018 00000fff
CR0=80010033 CR2=0000000000000000 CR3=000000007f801000 CR4=00000668
DR0=0000000000000000 DR1=0000000000000000 DR2=0000000000000000 DR3=0000000000000000 
DR6=00000000ffff0ff0 DR7=0000000000000400
CCS=0000000000000004 CCD=000000007ff023f0 CCO=EFLAGS
EFER=0000000000000d00
Servicing hardware INT=0x20
   198: v=20 e=0000 i=0 cpl=0 IP=0038:000000007ee3ba01 pc=000000007ee3ba01 SP=0030:000000007ff023f8 env->regs[R_EAX]=0000000000000000
RAX=0000000000000000 RBX=0000000000000004 RCX=000000007ee5ca18 RDX=0000000000000000
RSI=00000000ffffffff RDI=000000007ff1ce70 RBP=000000007ff02470 RSP=000000007ff023f8
R8 =000000007ff1ce60 R9 =000000007ff02331 R10=0000000000000080 R11=000000007e621988
R12=000000007ee5ca60 R13=0000000000000100 R14=000000007ff24960 R15=000000007ff24a60
RIP=000000007ee3ba01 RFL=00000206 [-----P-] CPL=0 II=0 A20=1 SMM=0 HLT=0
ES =0030 0000000000000000 ffffffff 00cf9300 DPL=0 DS   [-WA]
CS =0038 0000000000000000 ffffffff 00af9a00 DPL=0 CS64 [-R-]
SS =0030 0000000000000000 ffffffff 00cf9300 DPL=0 DS   [-WA]
DS =0030 0000000000000000 ffffffff 00cf9300 DPL=0 DS   [-WA]
FS =0030 0000000000000000 ffffffff 00cf9300 DPL=0 DS   [-WA]
GS =0030 0000000000000000 ffffffff 00cf9300 DPL=0 DS   [-WA]
LDT=0000 0000000000000000 0000ffff 00008200 DPL=0 LDT
TR =0000 0000000000000000 0000ffff 00008b00 DPL=0 TSS64-busy
GDT=     000000007f5dc000 00000047
IDT=     000000007f268018 00000fff
CR0=80010033 CR2=0000000000000000 CR3=000000007f801000 CR4=00000668
DR0=0000000000000000 DR1=0000000000000000 DR2=0000000000000000 DR3=0000000000000000 
DR6=00000000ffff0ff0 DR7=0000000000000400
CCS=0000000000000004 CCD=000000007ff023f0 CCO=EFLAGS
EFER=0000000000000d00
Servicing hardware INT=0x20
   199: v=20 e=0000 i=0 cpl=0 IP=0038:000000007ee3ba01 pc=000000007ee3ba01 SP=0030:000000007ff023f8 env->regs[R_EAX]=0000000000000000
RAX=0000000000000000 RBX=0000000000000004 RCX=000000007ee5ca18 RDX=0000000000000000
RSI=00000000ffffffff RDI=000000007ff1ce70 RBP=000000007ff02470 RSP=000000007ff023f8
R8 =000000007ff1ce60 R9 =000000007ff02331 R10=0000000000000080 R11=000000007e621988
R12=000000007ee5ca60 R13=0000000000000100 R14=000000007ff24960 R15=000000007ff24a60
RIP=000000007ee3ba01 RFL=00000206 [-----P-] CPL=0 II=0 A20=1 SMM=0 HLT=0
ES =0030 0000000000000000 ffffffff 00cf9300 DPL=0 DS   [-WA]
CS =0038 0000000000000000 ffffffff 00af9a00 DPL=0 CS64 [-R-]
SS =0030 0000000000000000 ffffffff 00cf9300 DPL=0 DS   [-WA]
DS =0030 0000000000000000 ffffffff 00cf9300 DPL=0 DS   [-WA]
FS =0030 0000000000000000 ffffffff 00cf9300 DPL=0 DS   [-WA]
GS =0030 0000000000000000 ffffffff 00cf9300 DPL=0 DS   [-WA]
LDT=0000 0000000000000000 0000ffff 00008200 DPL=0 LDT
TR =0000 0000000000000000 0000ffff 00008b00 DPL=0 TSS64-busy
GDT=     000000007f5dc000 00000047
IDT=     000000007f268018 00000fff
CR0=80010033 CR2=0000000000000000 CR3=000000007f801000 CR4=00000668
DR0=0000000000000000 DR1=0000000000000000 DR2=0000000000000000 DR3=0000000000000000 
DR6=00000000ffff0ff0 DR7=0000000000000400
CCS=0000000000000004 CCD=000000007ff023f0 CCO=EFLAGS
EFER=0000000000000d00
Servicing hardware INT=0x20
   200: v=20 e=0000 i=0 cpl=0 IP=0038:000000007ee3ba01 pc=000000007ee3ba01 SP=0030:000000007ff023f8 env->regs[R_EAX]=0000000000000000
RAX=0000000000000000 RBX=0000000000000004 RCX=000000007ee5ca18 RDX=0000000000000000
RSI=00000000ffffffff RDI=000000007ff1ce70 RBP=000000007ff02470 RSP=000000007ff023f8
R8 =000000007ff1ce60 R9 =000000007ff02331 R10=0000000000000080 R11=000000007e621988
R12=000000007ee5ca60 R13=0000000000000100 R14=000000007ff24960 R15=000000007ff24a60
RIP=000000007ee3ba01 RFL=00000206 [-----P-] CPL=0 II=0 A20=1 SMM=0 HLT=0
ES =0030 0000000000000000 ffffffff 00cf9300 DPL=0 DS   [-WA]
CS =0038 0000000000000000 ffffffff 00af9a00 DPL=0 CS64 [-R-]
SS =0030 0000000000000000 ffffffff 00cf9300 DPL=0 DS   [-WA]
DS =0030 0000000000000000 ffffffff 00cf9300 DPL=0 DS   [-WA]
FS =0030 0000000000000000 ffffffff 00cf9300 DPL=0 DS   [-WA]
GS =0030 0000000000000000 ffffffff 00cf9300 DPL=0 DS   [-WA]
LDT=0000 0000000000000000 0000ffff 00008200 DPL=0 LDT
TR =0000 0000000000000000 0000ffff 00008b00 DPL=0 TSS64-busy
GDT=     000000007f5dc000 00000047
IDT=     000000007f268018 00000fff
CR0=80010033 CR2=0000000000000000 CR3=000000007f801000 CR4=00000668
DR0=0000000000000000 DR1=0000000000000000 DR2=0000000000000000 DR3=0000000000000000 
DR6=00000000ffff0ff0 DR7=0000000000000400
CCS=0000000000000004 CCD=000000007ff023f0 CCO=EFLAGS
EFER=0000000000000d00
Servicing hardware INT=0x20
   201: v=20 e=0000 i=0 cpl=0 IP=0038:000000007ee3ba01 pc=000000007ee3ba01 SP=0030:000000007ff023f8 env->regs[R_EAX]=0000000000000000
RAX=0000000000000000 RBX=0000000000000004 RCX=000000007ee5ca18 RDX=0000000000000000
RSI=00000000ffffffff RDI=000000007ff1ce70 RBP=000000007ff02470 RSP=000000007ff023f8
R8 =000000007ff1ce60 R9 =000000007ff02331 R10=0000000000000080 R11=000000007e621988
R12=000000007ee5ca60 R13=0000000000000100 R14=000000007ff24960 R15=000000007ff24a60
RIP=000000007ee3ba01 RFL=00000206 [-----P-] CPL=0 II=0 A20=1 SMM=0 HLT=0
ES =0030 0000000000000000 ffffffff 00cf9300 DPL=0 DS   [-WA]
CS =0038 0000000000000000 ffffffff 00af9a00 DPL=0 CS64 [-R-]
SS =0030 0000000000000000 ffffffff 00cf9300 DPL=0 DS   [-WA]
DS =0030 0000000000000000 ffffffff 00cf9300 DPL=0 DS   [-WA]
FS =0030 0000000000000000 ffffffff 00cf9300 DPL=0 DS   [-WA]
GS =0030 0000000000000000 ffffffff 00cf9300 DPL=0 DS   [-WA]
LDT=0000 0000000000000000 0000ffff 00008200 DPL=0 LDT
TR =0000 0000000000000000 0000ffff 00008b00 DPL=0 TSS64-busy
GDT=     000000007f5dc000 00000047
IDT=     000000007f268018 00000fff
CR0=80010033 CR2=0000000000000000 CR3=000000007f801000 CR4=00000668
DR0=0000000000000000 DR1=0000000000000000 DR2=0000000000000000 DR3=0000000000000000 
DR6=00000000ffff0ff0 DR7=0000000000000400
CCS=0000000000000004 CCD=000000007ff023f0 CCO=EFLAGS
EFER=0000000000000d00
Servicing hardware INT=0x20
   202: v=20 e=0000 i=0 cpl=0 IP=0038:000000007ee3ba01 pc=000000007ee3ba01 SP=0030:000000007ff023f8 env->regs[R_EAX]=0000000000000000
RAX=0000000000000000 RBX=0000000000000004 RCX=000000007ee5ca18 RDX=0000000000000000
RSI=00000000ffffffff RDI=000000007ff1ce70 RBP=000000007ff02470 RSP=000000007ff023f8
R8 =000000007ff1ce60 R9 =000000007ff02331 R10=0000000000000080 R11=000000007e621988
R12=000000007ee5ca60 R13=0000000000000100 R14=000000007ff24960 R15=000000007ff24a60
RIP=000000007ee3ba01 RFL=00000206 [-----P-] CPL=0 II=0 A20=1 SMM=0 HLT=0
ES =0030 0000000000000000 ffffffff 00cf9300 DPL=0 DS   [-WA]
CS =0038 0000000000000000 ffffffff 00af9a00 DPL=0 CS64 [-R-]
SS =0030 0000000000000000 ffffffff 00cf9300 DPL=0 DS   [-WA]
DS =0030 0000000000000000 ffffffff 00cf9300 DPL=0 DS   [-WA]
FS =0030 0000000000000000 ffffffff 00cf9300 DPL=0 DS   [-WA]
GS =0030 0000000000000000 ffffffff 00cf9300 DPL=0 DS   [-WA]
LDT=0000 0000000000000000 0000ffff 00008200 DPL=0 LDT
TR =0000 0000000000000000 0000ffff 00008b00 DPL=0 TSS64-busy
GDT=     000000007f5dc000 00000047
IDT=     000000007f268018 00000fff
CR0=80010033 CR2=0000000000000000 CR3=000000007f801000 CR4=00000668
DR0=0000000000000000 DR1=0000000000000000 DR2=0000000000000000 DR3=0000000000000000 
DR6=00000000ffff0ff0 DR7=0000000000000400
CCS=0000000000000004 CCD=000000007ff023f0 CCO=EFLAGS
EFER=0000000000000d00
Servicing hardware INT=0x20
   203: v=20 e=0000 i=0 cpl=0 IP=0038:000000007ee3ba01 pc=000000007ee3ba01 SP=0030:000000007ff023f8 env->regs[R_EAX]=0000000000000000
RAX=0000000000000000 RBX=0000000000000004 RCX=000000007ee5ca18 RDX=0000000000000000
RSI=00000000ffffffff RDI=000000007ff1ce70 RBP=000000007ff02470 RSP=000000007ff023f8
R8 =000000007ff1ce60 R9 =000000007ff02331 R10=0000000000000080 R11=000000007e621988
R12=000000007ee5ca60 R13=0000000000000100 R14=000000007ff24960 R15=000000007ff24a60
RIP=000000007ee3ba01 RFL=00000206 [-----P-] CPL=0 II=0 A20=1 SMM=0 HLT=0
ES =0030 0000000000000000 ffffffff 00cf9300 DPL=0 DS   [-WA]
CS =0038 0000000000000000 ffffffff 00af9a00 DPL=0 CS64 [-R-]
SS =0030 0000000000000000 ffffffff 00cf9300 DPL=0 DS   [-WA]
DS =0030 0000000000000000 ffffffff 00cf9300 DPL=0 DS   [-WA]
FS =0030 0000000000000000 ffffffff 00cf9300 DPL=0 DS   [-WA]
GS =0030 0000000000000000 ffffffff 00cf9300 DPL=0 DS   [-WA]
LDT=0000 0000000000000000 0000ffff 00008200 DPL=0 LDT
TR =0000 0000000000000000 0000ffff 00008b00 DPL=0 TSS64-busy
GDT=     000000007f5dc000 00000047
IDT=     000000007f268018 00000fff
CR0=80010033 CR2=0000000000000000 CR3=000000007f801000 CR4=00000668
DR0=0000000000000000 DR1=0000000000000000 DR2=0000000000000000 DR3=0000000000000000 
DR6=00000000ffff0ff0 DR7=0000000000000400
CCS=0000000000000004 CCD=000000007ff023f0 CCO=EFLAGS
EFER=0000000000000d00
Servicing hardware INT=0x20
   204: v=20 e=0000 i=0 cpl=0 IP=0038:000000007ee3ba01 pc=000000007ee3ba01 SP=0030:000000007ff023f8 env->regs[R_EAX]=0000000000000000
RAX=0000000000000000 RBX=0000000000000004 RCX=000000007ee5ca18 RDX=0000000000000000
RSI=00000000ffffffff RDI=000000007ff1ce70 RBP=000000007ff02470 RSP=000000007ff023f8
R8 =000000007ff1ce60 R9 =000000007ff02331 R10=0000000000000080 R11=000000007e621988
R12=000000007ee5ca60 R13=0000000000000100 R14=000000007ff24960 R15=000000007ff24a60
RIP=000000007ee3ba01 RFL=00000206 [-----P-] CPL=0 II=0 A20=1 SMM=0 HLT=0
ES =0030 0000000000000000 ffffffff 00cf9300 DPL=0 DS   [-WA]
CS =0038 0000000000000000 ffffffff 00af9a00 DPL=0 CS64 [-R-]
SS =0030 0000000000000000 ffffffff 00cf9300 DPL=0 DS   [-WA]
DS =0030 0000000000000000 ffffffff 00cf9300 DPL=0 DS   [-WA]
FS =0030 0000000000000000 ffffffff 00cf9300 DPL=0 DS   [-WA]
GS =0030 0000000000000000 ffffffff 00cf9300 DPL=0 DS   [-WA]
LDT=0000 0000000000000000 0000ffff 00008200 DPL=0 LDT
TR =0000 0000000000000000 0000ffff 00008b00 DPL=0 TSS64-busy
GDT=     000000007f5dc000 00000047
IDT=     000000007f268018 00000fff
CR0=80010033 CR2=0000000000000000 CR3=000000007f801000 CR4=00000668
DR0=0000000000000000 DR1=0000000000000000 DR2=0000000000000000 DR3=0000000000000000 
DR6=00000000ffff0ff0 DR7=0000000000000400
CCS=0000000000000004 CCD=000000007ff023f0 CCO=EFLAGS
EFER=0000000000000d00
Servicing hardware INT=0x20
   205: v=20 e=0000 i=0 cpl=0 IP=0038:000000007ee3ba01 pc=000000007ee3ba01 SP=0030:000000007ff023f8 env->regs[R_EAX]=0000000000000000
RAX=0000000000000000 RBX=0000000000000004 RCX=000000007ee5ca18 RDX=0000000000000000
RSI=00000000ffffffff RDI=000000007ff1ce70 RBP=000000007ff02470 RSP=000000007ff023f8
R8 =000000007ff1ce60 R9 =000000007ff02331 R10=0000000000000080 R11=000000007e621988
R12=000000007ee5ca60 R13=0000000000000100 R14=000000007ff24960 R15=000000007ff24a60
RIP=000000007ee3ba01 RFL=00000206 [-----P-] CPL=0 II=0 A20=1 SMM=0 HLT=0
ES =0030 0000000000000000 ffffffff 00cf9300 DPL=0 DS   [-WA]
CS =0038 0000000000000000 ffffffff 00af9a00 DPL=0 CS64 [-R-]
SS =0030 0000000000000000 ffffffff 00cf9300 DPL=0 DS   [-WA]
DS =0030 0000000000000000 ffffffff 00cf9300 DPL=0 DS   [-WA]
FS =0030 0000000000000000 ffffffff 00cf9300 DPL=0 DS   [-WA]
GS =0030 0000000000000000 ffffffff 00cf9300 DPL=0 DS   [-WA]
LDT=0000 0000000000000000 0000ffff 00008200 DPL=0 LDT
TR =0000 0000000000000000 0000ffff 00008b00 DPL=0 TSS64-busy
GDT=     000000007f5dc000 00000047
IDT=     000000007f268018 00000fff
CR0=80010033 CR2=0000000000000000 CR3=000000007f801000 CR4=00000668
DR0=0000000000000000 DR1=0000000000000000 DR2=0000000000000000 DR3=0000000000000000 
DR6=00000000ffff0ff0 DR7=0000000000000400
CCS=0000000000000004 CCD=000000007ff023f0 CCO=EFLAGS
EFER=0000000000000d00
Servicing hardware INT=0x20
   206: v=20 e=0000 i=0 cpl=0 IP=0038:000000007ee3ba01 pc=000000007ee3ba01 SP=0030:000000007ff023f8 env->regs[R_EAX]=0000000000000000
RAX=0000000000000000 RBX=0000000000000004 RCX=000000007ee5ca18 RDX=0000000000000000
RSI=00000000ffffffff RDI=000000007ff1ce70 RBP=000000007ff02470 RSP=000000007ff023f8
R8 =000000007ff1ce60 R9 =000000007ff02331 R10=0000000000000080 R11=000000007e621988
R12=000000007ee5ca60 R13=0000000000000100 R14=000000007ff24960 R15=000000007ff24a60
RIP=000000007ee3ba01 RFL=00000206 [-----P-] CPL=0 II=0 A20=1 SMM=0 HLT=0
ES =0030 0000000000000000 ffffffff 00cf9300 DPL=0 DS   [-WA]
CS =0038 0000000000000000 ffffffff 00af9a00 DPL=0 CS64 [-R-]
SS =0030 0000000000000000 ffffffff 00cf9300 DPL=0 DS   [-WA]
DS =0030 0000000000000000 ffffffff 00cf9300 DPL=0 DS   [-WA]
FS =0030 0000000000000000 ffffffff 00cf9300 DPL=0 DS   [-WA]
GS =0030 0000000000000000 ffffffff 00cf9300 DPL=0 DS   [-WA]
LDT=0000 0000000000000000 0000ffff 00008200 DPL=0 LDT
TR =0000 0000000000000000 0000ffff 00008b00 DPL=0 TSS64-busy
GDT=     000000007f5dc000 00000047
IDT=     000000007f268018 00000fff
CR0=80010033 CR2=0000000000000000 CR3=000000007f801000 CR4=00000668
DR0=0000000000000000 DR1=0000000000000000 DR2=0000000000000000 DR3=0000000000000000 
DR6=00000000ffff0ff0 DR7=0000000000000400
CCS=0000000000000004 CCD=000000007ff023f0 CCO=EFLAGS
EFER=0000000000000d00
Servicing hardware INT=0x20
   207: v=20 e=0000 i=0 cpl=0 IP=0038:000000007ee3ba01 pc=000000007ee3ba01 SP=0030:000000007ff023f8 env->regs[R_EAX]=0000000000000000
RAX=0000000000000000 RBX=0000000000000004 RCX=000000007ee5ca18 RDX=0000000000000000
RSI=00000000ffffffff RDI=000000007ff1ce70 RBP=000000007ff02470 RSP=000000007ff023f8
R8 =000000007ff1ce60 R9 =000000007ff02331 R10=0000000000000080 R11=000000007e621988
R12=000000007ee5ca60 R13=0000000000000100 R14=000000007ff24960 R15=000000007ff24a60
RIP=000000007ee3ba01 RFL=00000206 [-----P-] CPL=0 II=0 A20=1 SMM=0 HLT=0
ES =0030 0000000000000000 ffffffff 00cf9300 DPL=0 DS   [-WA]
CS =0038 0000000000000000 ffffffff 00af9a00 DPL=0 CS64 [-R-]
SS =0030 0000000000000000 ffffffff 00cf9300 DPL=0 DS   [-WA]
DS =0030 0000000000000000 ffffffff 00cf9300 DPL=0 DS   [-WA]
FS =0030 0000000000000000 ffffffff 00cf9300 DPL=0 DS   [-WA]
GS =0030 0000000000000000 ffffffff 00cf9300 DPL=0 DS   [-WA]
LDT=0000 0000000000000000 0000ffff 00008200 DPL=0 LDT
TR =0000 0000000000000000 0000ffff 00008b00 DPL=0 TSS64-busy
GDT=     000000007f5dc000 00000047
IDT=     000000007f268018 00000fff
CR0=80010033 CR2=0000000000000000 CR3=000000007f801000 CR4=00000668
DR0=0000000000000000 DR1=0000000000000000 DR2=0000000000000000 DR3=0000000000000000 
DR6=00000000ffff0ff0 DR7=0000000000000400
CCS=0000000000000004 CCD=000000007ff023f0 CCO=EFLAGS
EFER=0000000000000d00
Servicing hardware INT=0x20
   208: v=20 e=0000 i=0 cpl=0 IP=0038:000000007ee3ba01 pc=000000007ee3ba01 SP=0030:000000007ff023f8 env->regs[R_EAX]=0000000000000000
RAX=0000000000000000 RBX=0000000000000004 RCX=000000007ee5ca18 RDX=0000000000000000
RSI=00000000ffffffff RDI=000000007ff1ce70 RBP=000000007ff02470 RSP=000000007ff023f8
R8 =000000007ff1ce60 R9 =000000007ff02331 R10=0000000000000080 R11=000000007e621988
R12=000000007ee5ca60 R13=0000000000000100 R14=000000007ff24960 R15=000000007ff24a60
RIP=000000007ee3ba01 RFL=00000206 [-----P-] CPL=0 II=0 A20=1 SMM=0 HLT=0
ES =0030 0000000000000000 ffffffff 00cf9300 DPL=0 DS   [-WA]
CS =0038 0000000000000000 ffffffff 00af9a00 DPL=0 CS64 [-R-]
SS =0030 0000000000000000 ffffffff 00cf9300 DPL=0 DS   [-WA]
DS =0030 0000000000000000 ffffffff 00cf9300 DPL=0 DS   [-WA]
FS =0030 0000000000000000 ffffffff 00cf9300 DPL=0 DS   [-WA]
GS =0030 0000000000000000 ffffffff 00cf9300 DPL=0 DS   [-WA]
LDT=0000 0000000000000000 0000ffff 00008200 DPL=0 LDT
TR =0000 0000000000000000 0000ffff 00008b00 DPL=0 TSS64-busy
GDT=     000000007f5dc000 00000047
IDT=     000000007f268018 00000fff
CR0=80010033 CR2=0000000000000000 CR3=000000007f801000 CR4=00000668
DR0=0000000000000000 DR1=0000000000000000 DR2=0000000000000000 DR3=0000000000000000 
DR6=00000000ffff0ff0 DR7=0000000000000400
CCS=0000000000000004 CCD=000000007ff023f0 CCO=EFLAGS
EFER=0000000000000d00
Servicing hardware INT=0x20
   209: v=20 e=0000 i=0 cpl=0 IP=0038:000000007ee3ba01 pc=000000007ee3ba01 SP=0030:000000007ff023f8 env->regs[R_EAX]=0000000000000000
RAX=0000000000000000 RBX=0000000000000004 RCX=000000007ee5ca18 RDX=0000000000000000
RSI=00000000ffffffff RDI=000000007ff1ce70 RBP=000000007ff02470 RSP=000000007ff023f8
R8 =000000007ff1ce60 R9 =000000007ff02331 R10=0000000000000080 R11=000000007e621988
R12=000000007ee5ca60 R13=0000000000000100 R14=000000007ff24960 R15=000000007ff24a60
RIP=000000007ee3ba01 RFL=00000206 [-----P-] CPL=0 II=0 A20=1 SMM=0 HLT=0
ES =0030 0000000000000000 ffffffff 00cf9300 DPL=0 DS   [-WA]
CS =0038 0000000000000000 ffffffff 00af9a00 DPL=0 CS64 [-R-]
SS =0030 0000000000000000 ffffffff 00cf9300 DPL=0 DS   [-WA]
DS =0030 0000000000000000 ffffffff 00cf9300 DPL=0 DS   [-WA]
FS =0030 0000000000000000 ffffffff 00cf9300 DPL=0 DS   [-WA]
GS =0030 0000000000000000 ffffffff 00cf9300 DPL=0 DS   [-WA]
LDT=0000 0000000000000000 0000ffff 00008200 DPL=0 LDT
TR =0000 0000000000000000 0000ffff 00008b00 DPL=0 TSS64-busy
GDT=     000000007f5dc000 00000047
IDT=     000000007f268018 00000fff
CR0=80010033 CR2=0000000000000000 CR3=000000007f801000 CR4=00000668
DR0=0000000000000000 DR1=0000000000000000 DR2=0000000000000000 DR3=0000000000000000 
DR6=00000000ffff0ff0 DR7=0000000000000400
CCS=0000000000000004 CCD=000000007ff023f0 CCO=EFLAGS
EFER=0000000000000d00
Servicing hardware INT=0x20
   210: v=20 e=0000 i=0 cpl=0 IP=0038:000000007ee3ba01 pc=000000007ee3ba01 SP=0030:000000007ff023f8 env->regs[R_EAX]=0000000000000000
RAX=0000000000000000 RBX=0000000000000004 RCX=000000007ee5ca18 RDX=0000000000000000
RSI=00000000ffffffff RDI=000000007ff1ce70 RBP=000000007ff02470 RSP=000000007ff023f8
R8 =000000007ff1ce60 R9 =000000007ff02331 R10=0000000000000080 R11=000000007e621988
R12=000000007ee5ca60 R13=0000000000000100 R14=000000007ff24960 R15=000000007ff24a60
RIP=000000007ee3ba01 RFL=00000206 [-----P-] CPL=0 II=0 A20=1 SMM=0 HLT=0
ES =0030 0000000000000000 ffffffff 00cf9300 DPL=0 DS   [-WA]
CS =0038 0000000000000000 ffffffff 00af9a00 DPL=0 CS64 [-R-]
SS =0030 0000000000000000 ffffffff 00cf9300 DPL=0 DS   [-WA]
DS =0030 0000000000000000 ffffffff 00cf9300 DPL=0 DS   [-WA]
FS =0030 0000000000000000 ffffffff 00cf9300 DPL=0 DS   [-WA]
GS =0030 0000000000000000 ffffffff 00cf9300 DPL=0 DS   [-WA]
LDT=0000 0000000000000000 0000ffff 00008200 DPL=0 LDT
TR =0000 0000000000000000 0000ffff 00008b00 DPL=0 TSS64-busy
GDT=     000000007f5dc000 00000047
IDT=     000000007f268018 00000fff
CR0=80010033 CR2=0000000000000000 CR3=000000007f801000 CR4=00000668
DR0=0000000000000000 DR1=0000000000000000 DR2=0000000000000000 DR3=0000000000000000 
DR6=00000000ffff0ff0 DR7=0000000000000400
CCS=0000000000000004 CCD=000000007ff023f0 CCO=EFLAGS
EFER=0000000000000d00
Servicing hardware INT=0x20
   211: v=20 e=0000 i=0 cpl=0 IP=0038:000000007ee3ba01 pc=000000007ee3ba01 SP=0030:000000007ff023f8 env->regs[R_EAX]=0000000000000000
RAX=0000000000000000 RBX=0000000000000004 RCX=000000007ee5ca18 RDX=0000000000000000
RSI=00000000ffffffff RDI=000000007ff1ce70 RBP=000000007ff02470 RSP=000000007ff023f8
R8 =000000007ff1ce60 R9 =000000007ff02331 R10=0000000000000080 R11=000000007e621988
R12=000000007ee5ca60 R13=0000000000000100 R14=000000007ff24960 R15=000000007ff24a60
RIP=000000007ee3ba01 RFL=00000206 [-----P-] CPL=0 II=0 A20=1 SMM=0 HLT=0
ES =0030 0000000000000000 ffffffff 00cf9300 DPL=0 DS   [-WA]
CS =0038 0000000000000000 ffffffff 00af9a00 DPL=0 CS64 [-R-]
SS =0030 0000000000000000 ffffffff 00cf9300 DPL=0 DS   [-WA]
DS =0030 0000000000000000 ffffffff 00cf9300 DPL=0 DS   [-WA]
FS =0030 0000000000000000 ffffffff 00cf9300 DPL=0 DS   [-WA]
GS =0030 0000000000000000 ffffffff 00cf9300 DPL=0 DS   [-WA]
LDT=0000 0000000000000000 0000ffff 00008200 DPL=0 LDT
TR =0000 0000000000000000 0000ffff 00008b00 DPL=0 TSS64-busy
GDT=     000000007f5dc000 00000047
IDT=     000000007f268018 00000fff
CR0=80010033 CR2=0000000000000000 CR3=000000007f801000 CR4=00000668
DR0=0000000000000000 DR1=0000000000000000 DR2=0000000000000000 DR3=0000000000000000 
DR6=00000000ffff0ff0 DR7=0000000000000400
CCS=0000000000000004 CCD=000000007ff023f0 CCO=EFLAGS
EFER=0000000000000d00
Servicing hardware INT=0x20
   212: v=20 e=0000 i=0 cpl=0 IP=0038:000000007ee3ba01 pc=000000007ee3ba01 SP=0030:000000007ff023f8 env->regs[R_EAX]=0000000000000000
RAX=0000000000000000 RBX=0000000000000004 RCX=000000007ee5ca18 RDX=0000000000000000
RSI=00000000ffffffff RDI=000000007ff1ce70 RBP=000000007ff02470 RSP=000000007ff023f8
R8 =000000007ff1ce60 R9 =000000007ff02331 R10=0000000000000080 R11=000000007e621988
R12=000000007ee5ca60 R13=0000000000000100 R14=000000007ff24960 R15=000000007ff24a60
RIP=000000007ee3ba01 RFL=00000206 [-----P-] CPL=0 II=0 A20=1 SMM=0 HLT=0
ES =0030 0000000000000000 ffffffff 00cf9300 DPL=0 DS   [-WA]
CS =0038 0000000000000000 ffffffff 00af9a00 DPL=0 CS64 [-R-]
SS =0030 0000000000000000 ffffffff 00cf9300 DPL=0 DS   [-WA]
DS =0030 0000000000000000 ffffffff 00cf9300 DPL=0 DS   [-WA]
FS =0030 0000000000000000 ffffffff 00cf9300 DPL=0 DS   [-WA]
GS =0030 0000000000000000 ffffffff 00cf9300 DPL=0 DS   [-WA]
LDT=0000 0000000000000000 0000ffff 00008200 DPL=0 LDT
TR =0000 0000000000000000 0000ffff 00008b00 DPL=0 TSS64-busy
GDT=     000000007f5dc000 00000047
IDT=     000000007f268018 00000fff
CR0=80010033 CR2=0000000000000000 CR3=000000007f801000 CR4=00000668
DR0=0000000000000000 DR1=0000000000000000 DR2=0000000000000000 DR3=0000000000000000 
DR6=00000000ffff0ff0 DR7=0000000000000400
CCS=0000000000000004 CCD=000000007ff023f0 CCO=EFLAGS
EFER=0000000000000d00
Servicing hardware INT=0x20
   213: v=20 e=0000 i=0 cpl=0 IP=0038:000000007ee3ba01 pc=000000007ee3ba01 SP=0030:000000007ff023f8 env->regs[R_EAX]=0000000000000000
RAX=0000000000000000 RBX=0000000000000004 RCX=000000007ee5ca18 RDX=0000000000000000
RSI=00000000ffffffff RDI=000000007ff1ce70 RBP=000000007ff02470 RSP=000000007ff023f8
R8 =000000007ff1ce60 R9 =000000007ff02331 R10=0000000000000080 R11=000000007e621988
R12=000000007ee5ca60 R13=0000000000000100 R14=000000007ff24960 R15=000000007ff24a60
RIP=000000007ee3ba01 RFL=00000206 [-----P-] CPL=0 II=0 A20=1 SMM=0 HLT=0
ES =0030 0000000000000000 ffffffff 00cf9300 DPL=0 DS   [-WA]
CS =0038 0000000000000000 ffffffff 00af9a00 DPL=0 CS64 [-R-]
SS =0030 0000000000000000 ffffffff 00cf9300 DPL=0 DS   [-WA]
DS =0030 0000000000000000 ffffffff 00cf9300 DPL=0 DS   [-WA]
FS =0030 0000000000000000 ffffffff 00cf9300 DPL=0 DS   [-WA]
GS =0030 0000000000000000 ffffffff 00cf9300 DPL=0 DS   [-WA]
LDT=0000 0000000000000000 0000ffff 00008200 DPL=0 LDT
TR =0000 0000000000000000 0000ffff 00008b00 DPL=0 TSS64-busy
GDT=     000000007f5dc000 00000047
IDT=     000000007f268018 00000fff
CR0=80010033 CR2=0000000000000000 CR3=000000007f801000 CR4=00000668
DR0=0000000000000000 DR1=0000000000000000 DR2=0000000000000000 DR3=0000000000000000 
DR6=00000000ffff0ff0 DR7=0000000000000400
CCS=0000000000000004 CCD=000000007ff023f0 CCO=EFLAGS
EFER=0000000000000d00
Servicing hardware INT=0x20
   214: v=20 e=0000 i=0 cpl=0 IP=0038:000000007ee3ba01 pc=000000007ee3ba01 SP=0030:000000007ff023f8 env->regs[R_EAX]=0000000000000000
RAX=0000000000000000 RBX=0000000000000004 RCX=000000007ee5ca18 RDX=0000000000000000
RSI=00000000ffffffff RDI=000000007ff1ce70 RBP=000000007ff02470 RSP=000000007ff023f8
R8 =000000007ff1ce60 R9 =000000007ff02331 R10=0000000000000180 R11=000000007ff1d478
R12=000000007ee5ca60 R13=0000000000000100 R14=000000007ff24960 R15=000000007ff24a60
RIP=000000007ee3ba01 RFL=00000206 [-----P-] CPL=0 II=0 A20=1 SMM=0 HLT=0
ES =0030 0000000000000000 ffffffff 00cf9300 DPL=0 DS   [-WA]
CS =0038 0000000000000000 ffffffff 00af9a00 DPL=0 CS64 [-R-]
SS =0030 0000000000000000 ffffffff 00cf9300 DPL=0 DS   [-WA]
DS =0030 0000000000000000 ffffffff 00cf9300 DPL=0 DS   [-WA]
FS =0030 0000000000000000 ffffffff 00cf9300 DPL=0 DS   [-WA]
GS =0030 0000000000000000 ffffffff 00cf9300 DPL=0 DS   [-WA]
LDT=0000 0000000000000000 0000ffff 00008200 DPL=0 LDT
TR =0000 0000000000000000 0000ffff 00008b00 DPL=0 TSS64-busy
GDT=     000000007f5dc000 00000047
IDT=     000000007f268018 00000fff
CR0=80010033 CR2=0000000000000000 CR3=000000007f801000 CR4=00000668
DR0=0000000000000000 DR1=0000000000000000 DR2=0000000000000000 DR3=0000000000000000 
DR6=00000000ffff0ff0 DR7=0000000000000400
CCS=0000000000000004 CCD=000000007ff023f0 CCO=EFLAGS
EFER=0000000000000d00
Servicing hardware INT=0x20
   215: v=20 e=0000 i=0 cpl=0 IP=0038:000000007ee3ba01 pc=000000007ee3ba01 SP=0030:000000007ff023f8 env->regs[R_EAX]=0000000000000000
RAX=0000000000000000 RBX=0000000000000004 RCX=000000007ee5ca18 RDX=0000000000000000
RSI=00000000ffffffff RDI=000000007ff1ce70 RBP=000000007ff02470 RSP=000000007ff023f8
R8 =000000007ff1ce60 R9 =000000007ff02331 R10=0000000000000180 R11=000000007ff1d478
R12=000000007ee5ca60 R13=0000000000000100 R14=000000007ff24960 R15=000000007ff24a60
RIP=000000007ee3ba01 RFL=00000206 [-----P-] CPL=0 II=0 A20=1 SMM=0 HLT=0
ES =0030 0000000000000000 ffffffff 00cf9300 DPL=0 DS   [-WA]
CS =0038 0000000000000000 ffffffff 00af9a00 DPL=0 CS64 [-R-]
SS =0030 0000000000000000 ffffffff 00cf9300 DPL=0 DS   [-WA]
DS =0030 0000000000000000 ffffffff 00cf9300 DPL=0 DS   [-WA]
FS =0030 0000000000000000 ffffffff 00cf9300 DPL=0 DS   [-WA]
GS =0030 0000000000000000 ffffffff 00cf9300 DPL=0 DS   [-WA]
LDT=0000 0000000000000000 0000ffff 00008200 DPL=0 LDT
TR =0000 0000000000000000 0000ffff 00008b00 DPL=0 TSS64-busy
GDT=     000000007f5dc000 00000047
IDT=     000000007f268018 00000fff
CR0=80010033 CR2=0000000000000000 CR3=000000007f801000 CR4=00000668
DR0=0000000000000000 DR1=0000000000000000 DR2=0000000000000000 DR3=0000000000000000 
DR6=00000000ffff0ff0 DR7=0000000000000400
CCS=0000000000000004 CCD=000000007ff023f0 CCO=EFLAGS
EFER=0000000000000d00
Servicing hardware INT=0x20
   216: v=20 e=0000 i=0 cpl=0 IP=0038:000000007ee3ba01 pc=000000007ee3ba01 SP=0030:000000007ff023f8 env->regs[R_EAX]=0000000000000000
RAX=0000000000000000 RBX=0000000000000004 RCX=000000007ee5ca18 RDX=0000000000000000
RSI=00000000ffffffff RDI=000000007ff1ce70 RBP=000000007ff02470 RSP=000000007ff023f8
R8 =000000007ff1ce60 R9 =000000007ff02331 R10=0000000000000180 R11=000000007ff1d478
R12=000000007ee5ca60 R13=0000000000000100 R14=000000007ff24960 R15=000000007ff24a60
RIP=000000007ee3ba01 RFL=00000206 [-----P-] CPL=0 II=0 A20=1 SMM=0 HLT=0
ES =0030 0000000000000000 ffffffff 00cf9300 DPL=0 DS   [-WA]
CS =0038 0000000000000000 ffffffff 00af9a00 DPL=0 CS64 [-R-]
SS =0030 0000000000000000 ffffffff 00cf9300 DPL=0 DS   [-WA]
DS =0030 0000000000000000 ffffffff 00cf9300 DPL=0 DS   [-WA]
FS =0030 0000000000000000 ffffffff 00cf9300 DPL=0 DS   [-WA]
GS =0030 0000000000000000 ffffffff 00cf9300 DPL=0 DS   [-WA]
LDT=0000 0000000000000000 0000ffff 00008200 DPL=0 LDT
TR =0000 0000000000000000 0000ffff 00008b00 DPL=0 TSS64-busy
GDT=     000000007f5dc000 00000047
IDT=     000000007f268018 00000fff
CR0=80010033 CR2=0000000000000000 CR3=000000007f801000 CR4=00000668
DR0=0000000000000000 DR1=0000000000000000 DR2=0000000000000000 DR3=0000000000000000 
DR6=00000000ffff0ff0 DR7=0000000000000400
CCS=0000000000000004 CCD=000000007ff023f0 CCO=EFLAGS
EFER=0000000000000d00
Servicing hardware INT=0x20
   217: v=20 e=0000 i=0 cpl=0 IP=0038:000000007ee3ba01 pc=000000007ee3ba01 SP=0030:000000007ff023f8 env->regs[R_EAX]=0000000000000000
RAX=0000000000000000 RBX=0000000000000004 RCX=000000007ee5ca18 RDX=0000000000000000
RSI=00000000ffffffff RDI=000000007ff1ce70 RBP=000000007ff02470 RSP=000000007ff023f8
R8 =000000007ff1ce60 R9 =000000007ff02331 R10=0000000000000180 R11=000000007ff1d478
R12=000000007ee5ca60 R13=0000000000000100 R14=000000007ff24960 R15=000000007ff24a60
RIP=000000007ee3ba01 RFL=00000206 [-----P-] CPL=0 II=0 A20=1 SMM=0 HLT=0
ES =0030 0000000000000000 ffffffff 00cf9300 DPL=0 DS   [-WA]
CS =0038 0000000000000000 ffffffff 00af9a00 DPL=0 CS64 [-R-]
SS =0030 0000000000000000 ffffffff 00cf9300 DPL=0 DS   [-WA]
DS =0030 0000000000000000 ffffffff 00cf9300 DPL=0 DS   [-WA]
FS =0030 0000000000000000 ffffffff 00cf9300 DPL=0 DS   [-WA]
GS =0030 0000000000000000 ffffffff 00cf9300 DPL=0 DS   [-WA]
LDT=0000 0000000000000000 0000ffff 00008200 DPL=0 LDT
TR =0000 0000000000000000 0000ffff 00008b00 DPL=0 TSS64-busy
GDT=     000000007f5dc000 00000047
IDT=     000000007f268018 00000fff
CR0=80010033 CR2=0000000000000000 CR3=000000007f801000 CR4=00000668
DR0=0000000000000000 DR1=0000000000000000 DR2=0000000000000000 DR3=0000000000000000 
DR6=00000000ffff0ff0 DR7=0000000000000400
CCS=0000000000000004 CCD=000000007ff023f0 CCO=EFLAGS
EFER=0000000000000d00
Servicing hardware INT=0x20
   218: v=20 e=0000 i=0 cpl=0 IP=0038:000000007ee3ba01 pc=000000007ee3ba01 SP=0030:000000007ff023f8 env->regs[R_EAX]=0000000000000000
RAX=0000000000000000 RBX=0000000000000004 RCX=000000007ee5ca18 RDX=0000000000000000
RSI=00000000ffffffff RDI=000000007ff1ce70 RBP=000000007ff02470 RSP=000000007ff023f8
R8 =000000007ff1ce60 R9 =000000007ff02331 R10=0000000000000180 R11=000000007ff1d478
R12=000000007ee5ca60 R13=0000000000000100 R14=000000007ff24960 R15=000000007ff24a60
RIP=000000007ee3ba01 RFL=00000206 [-----P-] CPL=0 II=0 A20=1 SMM=0 HLT=0
ES =0030 0000000000000000 ffffffff 00cf9300 DPL=0 DS   [-WA]
CS =0038 0000000000000000 ffffffff 00af9a00 DPL=0 CS64 [-R-]
SS =0030 0000000000000000 ffffffff 00cf9300 DPL=0 DS   [-WA]
DS =0030 0000000000000000 ffffffff 00cf9300 DPL=0 DS   [-WA]
FS =0030 0000000000000000 ffffffff 00cf9300 DPL=0 DS   [-WA]
GS =0030 0000000000000000 ffffffff 00cf9300 DPL=0 DS   [-WA]
LDT=0000 0000000000000000 0000ffff 00008200 DPL=0 LDT
TR =0000 0000000000000000 0000ffff 00008b00 DPL=0 TSS64-busy
GDT=     000000007f5dc000 00000047
IDT=     000000007f268018 00000fff
CR0=80010033 CR2=0000000000000000 CR3=000000007f801000 CR4=00000668
DR0=0000000000000000 DR1=0000000000000000 DR2=0000000000000000 DR3=0000000000000000 
DR6=00000000ffff0ff0 DR7=0000000000000400
CCS=0000000000000004 CCD=000000007ff023f0 CCO=EFLAGS
EFER=0000000000000d00
Servicing hardware INT=0x20
   219: v=20 e=0000 i=0 cpl=0 IP=0038:000000007ee3ba01 pc=000000007ee3ba01 SP=0030:000000007ff023f8 env->regs[R_EAX]=0000000000000000
RAX=0000000000000000 RBX=0000000000000004 RCX=000000007ee5ca18 RDX=0000000000000000
RSI=00000000ffffffff RDI=000000007ff1ce70 RBP=000000007ff02470 RSP=000000007ff023f8
R8 =000000007ff1ce60 R9 =000000007ff02331 R10=0000000000000180 R11=000000007ff1d478
R12=000000007ee5ca60 R13=0000000000000100 R14=000000007ff24960 R15=000000007ff24a60
RIP=000000007ee3ba01 RFL=00000206 [-----P-] CPL=0 II=0 A20=1 SMM=0 HLT=0
ES =0030 0000000000000000 ffffffff 00cf9300 DPL=0 DS   [-WA]
CS =0038 0000000000000000 ffffffff 00af9a00 DPL=0 CS64 [-R-]
SS =0030 0000000000000000 ffffffff 00cf9300 DPL=0 DS   [-WA]
DS =0030 0000000000000000 ffffffff 00cf9300 DPL=0 DS   [-WA]
FS =0030 0000000000000000 ffffffff 00cf9300 DPL=0 DS   [-WA]
GS =0030 0000000000000000 ffffffff 00cf9300 DPL=0 DS   [-WA]
LDT=0000 0000000000000000 0000ffff 00008200 DPL=0 LDT
TR =0000 0000000000000000 0000ffff 00008b00 DPL=0 TSS64-busy
GDT=     000000007f5dc000 00000047
IDT=     000000007f268018 00000fff
CR0=80010033 CR2=0000000000000000 CR3=000000007f801000 CR4=00000668
DR0=0000000000000000 DR1=0000000000000000 DR2=0000000000000000 DR3=0000000000000000 
DR6=00000000ffff0ff0 DR7=0000000000000400
CCS=0000000000000004 CCD=000000007ff023f0 CCO=EFLAGS
EFER=0000000000000d00
Servicing hardware INT=0x20
   220: v=20 e=0000 i=0 cpl=0 IP=0038:000000007ee3ba01 pc=000000007ee3ba01 SP=0030:000000007ff023f8 env->regs[R_EAX]=0000000000000000
RAX=0000000000000000 RBX=0000000000000004 RCX=000000007ee5ca18 RDX=0000000000000000
RSI=00000000ffffffff RDI=000000007ff1ce70 RBP=000000007ff02470 RSP=000000007ff023f8
R8 =000000007ff1ce60 R9 =000000007ff02331 R10=0000000000000180 R11=000000007ff1d478
R12=000000007ee5ca60 R13=0000000000000100 R14=000000007ff24960 R15=000000007ff24a60
RIP=000000007ee3ba01 RFL=00000206 [-----P-] CPL=0 II=0 A20=1 SMM=0 HLT=0
ES =0030 0000000000000000 ffffffff 00cf9300 DPL=0 DS   [-WA]
CS =0038 0000000000000000 ffffffff 00af9a00 DPL=0 CS64 [-R-]
SS =0030 0000000000000000 ffffffff 00cf9300 DPL=0 DS   [-WA]
DS =0030 0000000000000000 ffffffff 00cf9300 DPL=0 DS   [-WA]
FS =0030 0000000000000000 ffffffff 00cf9300 DPL=0 DS   [-WA]
GS =0030 0000000000000000 ffffffff 00cf9300 DPL=0 DS   [-WA]
LDT=0000 0000000000000000 0000ffff 00008200 DPL=0 LDT
TR =0000 0000000000000000 0000ffff 00008b00 DPL=0 TSS64-busy
GDT=     000000007f5dc000 00000047
IDT=     000000007f268018 00000fff
CR0=80010033 CR2=0000000000000000 CR3=000000007f801000 CR4=00000668
DR0=0000000000000000 DR1=0000000000000000 DR2=0000000000000000 DR3=0000000000000000 
DR6=00000000ffff0ff0 DR7=0000000000000400
CCS=0000000000000004 CCD=000000007ff023f0 CCO=EFLAGS
EFER=0000000000000d00
Servicing hardware INT=0x20
   221: v=20 e=0000 i=0 cpl=0 IP=0038:000000007ee3ba01 pc=000000007ee3ba01 SP=0030:000000007ff023f8 env->regs[R_EAX]=0000000000000000
RAX=0000000000000000 RBX=0000000000000004 RCX=000000007ee5ca18 RDX=0000000000000000
RSI=00000000ffffffff RDI=000000007ff1ce70 RBP=000000007ff02470 RSP=000000007ff023f8
R8 =000000007ff1ce60 R9 =000000007ff02331 R10=0000000000000180 R11=000000007ff1d478
R12=000000007ee5ca60 R13=0000000000000100 R14=000000007ff24960 R15=000000007ff24a60
RIP=000000007ee3ba01 RFL=00000206 [-----P-] CPL=0 II=0 A20=1 SMM=0 HLT=0
ES =0030 0000000000000000 ffffffff 00cf9300 DPL=0 DS   [-WA]
CS =0038 0000000000000000 ffffffff 00af9a00 DPL=0 CS64 [-R-]
SS =0030 0000000000000000 ffffffff 00cf9300 DPL=0 DS   [-WA]
DS =0030 0000000000000000 ffffffff 00cf9300 DPL=0 DS   [-WA]
FS =0030 0000000000000000 ffffffff 00cf9300 DPL=0 DS   [-WA]
GS =0030 0000000000000000 ffffffff 00cf9300 DPL=0 DS   [-WA]
LDT=0000 0000000000000000 0000ffff 00008200 DPL=0 LDT
TR =0000 0000000000000000 0000ffff 00008b00 DPL=0 TSS64-busy
GDT=     000000007f5dc000 00000047
IDT=     000000007f268018 00000fff
CR0=80010033 CR2=0000000000000000 CR3=000000007f801000 CR4=00000668
DR0=0000000000000000 DR1=0000000000000000 DR2=0000000000000000 DR3=0000000000000000 
DR6=00000000ffff0ff0 DR7=0000000000000400
CCS=0000000000000004 CCD=000000007ff023f0 CCO=EFLAGS
EFER=0000000000000d00
Servicing hardware INT=0x20
   222: v=20 e=0000 i=0 cpl=0 IP=0038:000000007ee3ba01 pc=000000007ee3ba01 SP=0030:000000007ff023f8 env->regs[R_EAX]=0000000000000000
RAX=0000000000000000 RBX=0000000000000004 RCX=000000007ee5ca18 RDX=0000000000000000
RSI=00000000ffffffff RDI=000000007ff1ce70 RBP=000000007ff02470 RSP=000000007ff023f8
R8 =000000007ff1ce60 R9 =000000007ff02331 R10=0000000000000180 R11=000000007ff1d478
R12=000000007ee5ca60 R13=0000000000000100 R14=000000007ff24960 R15=000000007ff24a60
RIP=000000007ee3ba01 RFL=00000206 [-----P-] CPL=0 II=0 A20=1 SMM=0 HLT=0
ES =0030 0000000000000000 ffffffff 00cf9300 DPL=0 DS   [-WA]
CS =0038 0000000000000000 ffffffff 00af9a00 DPL=0 CS64 [-R-]
SS =0030 0000000000000000 ffffffff 00cf9300 DPL=0 DS   [-WA]
DS =0030 0000000000000000 ffffffff 00cf9300 DPL=0 DS   [-WA]
FS =0030 0000000000000000 ffffffff 00cf9300 DPL=0 DS   [-WA]
GS =0030 0000000000000000 ffffffff 00cf9300 DPL=0 DS   [-WA]
LDT=0000 0000000000000000 0000ffff 00008200 DPL=0 LDT
TR =0000 0000000000000000 0000ffff 00008b00 DPL=0 TSS64-busy
GDT=     000000007f5dc000 00000047
IDT=     000000007f268018 00000fff
CR0=80010033 CR2=0000000000000000 CR3=000000007f801000 CR4=00000668
DR0=0000000000000000 DR1=0000000000000000 DR2=0000000000000000 DR3=0000000000000000 
DR6=00000000ffff0ff0 DR7=0000000000000400
CCS=0000000000000004 CCD=000000007ff023f0 CCO=EFLAGS
EFER=0000000000000d00
Servicing hardware INT=0x20
   223: v=20 e=0000 i=0 cpl=0 IP=0038:000000007ee3ba01 pc=000000007ee3ba01 SP=0030:000000007ff023f8 env->regs[R_EAX]=0000000000000000
RAX=0000000000000000 RBX=0000000000000004 RCX=000000007ee5ca18 RDX=0000000000000000
RSI=00000000ffffffff RDI=000000007ff1ce70 RBP=000000007ff02470 RSP=000000007ff023f8
R8 =000000007ff1ce60 R9 =000000007ff02331 R10=0000000000000180 R11=000000007ff1d478
R12=000000007ee5ca60 R13=0000000000000100 R14=000000007ff24960 R15=000000007ff24a60
RIP=000000007ee3ba01 RFL=00000206 [-----P-] CPL=0 II=0 A20=1 SMM=0 HLT=0
ES =0030 0000000000000000 ffffffff 00cf9300 DPL=0 DS   [-WA]
CS =0038 0000000000000000 ffffffff 00af9a00 DPL=0 CS64 [-R-]
SS =0030 0000000000000000 ffffffff 00cf9300 DPL=0 DS   [-WA]
DS =0030 0000000000000000 ffffffff 00cf9300 DPL=0 DS   [-WA]
FS =0030 0000000000000000 ffffffff 00cf9300 DPL=0 DS   [-WA]
GS =0030 0000000000000000 ffffffff 00cf9300 DPL=0 DS   [-WA]
LDT=0000 0000000000000000 0000ffff 00008200 DPL=0 LDT
TR =0000 0000000000000000 0000ffff 00008b00 DPL=0 TSS64-busy
GDT=     000000007f5dc000 00000047
IDT=     000000007f268018 00000fff
CR0=80010033 CR2=0000000000000000 CR3=000000007f801000 CR4=00000668
DR0=0000000000000000 DR1=0000000000000000 DR2=0000000000000000 DR3=0000000000000000 
DR6=00000000ffff0ff0 DR7=0000000000000400
CCS=0000000000000004 CCD=000000007ff023f0 CCO=EFLAGS
EFER=0000000000000d00
Servicing hardware INT=0x20
   224: v=20 e=0000 i=0 cpl=0 IP=0038:000000007ee3ba01 pc=000000007ee3ba01 SP=0030:000000007ff023f8 env->regs[R_EAX]=0000000000000000
RAX=0000000000000000 RBX=0000000000000004 RCX=000000007ee5ca18 RDX=0000000000000000
RSI=00000000ffffffff RDI=000000007ff1ce70 RBP=000000007ff02470 RSP=000000007ff023f8
R8 =000000007ff1ce60 R9 =000000007ff02331 R10=0000000000000180 R11=000000007ff1d478
R12=000000007ee5ca60 R13=0000000000000100 R14=000000007ff24960 R15=000000007ff24a60
RIP=000000007ee3ba01 RFL=00000206 [-----P-] CPL=0 II=0 A20=1 SMM=0 HLT=0
ES =0030 0000000000000000 ffffffff 00cf9300 DPL=0 DS   [-WA]
CS =0038 0000000000000000 ffffffff 00af9a00 DPL=0 CS64 [-R-]
SS =0030 0000000000000000 ffffffff 00cf9300 DPL=0 DS   [-WA]
DS =0030 0000000000000000 ffffffff 00cf9300 DPL=0 DS   [-WA]
FS =0030 0000000000000000 ffffffff 00cf9300 DPL=0 DS   [-WA]
GS =0030 0000000000000000 ffffffff 00cf9300 DPL=0 DS   [-WA]
LDT=0000 0000000000000000 0000ffff 00008200 DPL=0 LDT
TR =0000 0000000000000000 0000ffff 00008b00 DPL=0 TSS64-busy
GDT=     000000007f5dc000 00000047
IDT=     000000007f268018 00000fff
CR0=80010033 CR2=0000000000000000 CR3=000000007f801000 CR4=00000668
DR0=0000000000000000 DR1=0000000000000000 DR2=0000000000000000 DR3=0000000000000000 
DR6=00000000ffff0ff0 DR7=0000000000000400
CCS=0000000000000004 CCD=000000007ff023f0 CCO=EFLAGS
EFER=0000000000000d00
Servicing hardware INT=0x20
   225: v=20 e=0000 i=0 cpl=0 IP=0038:000000007ee3ba01 pc=000000007ee3ba01 SP=0030:000000007ff023f8 env->regs[R_EAX]=0000000000000000
RAX=0000000000000000 RBX=0000000000000004 RCX=000000007ee5ca18 RDX=0000000000000000
RSI=00000000ffffffff RDI=000000007ff1ce70 RBP=000000007ff02470 RSP=000000007ff023f8
R8 =000000007ff1ce60 R9 =000000007ff02331 R10=0000000000000180 R11=000000007ff1d478
R12=000000007ee5ca60 R13=0000000000000100 R14=000000007ff24960 R15=000000007ff24a60
RIP=000000007ee3ba01 RFL=00000206 [-----P-] CPL=0 II=0 A20=1 SMM=0 HLT=0
ES =0030 0000000000000000 ffffffff 00cf9300 DPL=0 DS   [-WA]
CS =0038 0000000000000000 ffffffff 00af9a00 DPL=0 CS64 [-R-]
SS =0030 0000000000000000 ffffffff 00cf9300 DPL=0 DS   [-WA]
DS =0030 0000000000000000 ffffffff 00cf9300 DPL=0 DS   [-WA]
FS =0030 0000000000000000 ffffffff 00cf9300 DPL=0 DS   [-WA]
GS =0030 0000000000000000 ffffffff 00cf9300 DPL=0 DS   [-WA]
LDT=0000 0000000000000000 0000ffff 00008200 DPL=0 LDT
TR =0000 0000000000000000 0000ffff 00008b00 DPL=0 TSS64-busy
GDT=     000000007f5dc000 00000047
IDT=     000000007f268018 00000fff
CR0=80010033 CR2=0000000000000000 CR3=000000007f801000 CR4=00000668
DR0=0000000000000000 DR1=0000000000000000 DR2=0000000000000000 DR3=0000000000000000 
DR6=00000000ffff0ff0 DR7=0000000000000400
CCS=0000000000000004 CCD=000000007ff023f0 CCO=EFLAGS
EFER=0000000000000d00
Servicing hardware INT=0x20
   226: v=20 e=0000 i=0 cpl=0 IP=0038:000000007ee3ba01 pc=000000007ee3ba01 SP=0030:000000007ff023f8 env->regs[R_EAX]=0000000000000000
RAX=0000000000000000 RBX=0000000000000004 RCX=000000007ee5ca18 RDX=0000000000000000
RSI=00000000ffffffff RDI=000000007ff1ce70 RBP=000000007ff02470 RSP=000000007ff023f8
R8 =000000007ff1ce60 R9 =000000007ff02331 R10=0000000000000180 R11=000000007ff1d478
R12=000000007ee5ca60 R13=0000000000000100 R14=000000007ff24960 R15=000000007ff24a60
RIP=000000007ee3ba01 RFL=00000206 [-----P-] CPL=0 II=0 A20=1 SMM=0 HLT=0
ES =0030 0000000000000000 ffffffff 00cf9300 DPL=0 DS   [-WA]
CS =0038 0000000000000000 ffffffff 00af9a00 DPL=0 CS64 [-R-]
SS =0030 0000000000000000 ffffffff 00cf9300 DPL=0 DS   [-WA]
DS =0030 0000000000000000 ffffffff 00cf9300 DPL=0 DS   [-WA]
FS =0030 0000000000000000 ffffffff 00cf9300 DPL=0 DS   [-WA]
GS =0030 0000000000000000 ffffffff 00cf9300 DPL=0 DS   [-WA]
LDT=0000 0000000000000000 0000ffff 00008200 DPL=0 LDT
TR =0000 0000000000000000 0000ffff 00008b00 DPL=0 TSS64-busy
GDT=     000000007f5dc000 00000047
IDT=     000000007f268018 00000fff
CR0=80010033 CR2=0000000000000000 CR3=000000007f801000 CR4=00000668
DR0=0000000000000000 DR1=0000000000000000 DR2=0000000000000000 DR3=0000000000000000 
DR6=00000000ffff0ff0 DR7=0000000000000400
CCS=0000000000000004 CCD=000000007ff023f0 CCO=EFLAGS
EFER=0000000000000d00
Servicing hardware INT=0x20
   227: v=20 e=0000 i=0 cpl=0 IP=0038:000000007ee3ba01 pc=000000007ee3ba01 SP=0030:000000007ff023f8 env->regs[R_EAX]=0000000000000000
RAX=0000000000000000 RBX=0000000000000004 RCX=000000007ee5ca18 RDX=0000000000000000
RSI=00000000ffffffff RDI=000000007ff1ce70 RBP=000000007ff02470 RSP=000000007ff023f8
R8 =000000007ff1ce60 R9 =000000007ff02331 R10=0000000000000180 R11=000000007ff1d478
R12=000000007ee5ca60 R13=0000000000000100 R14=000000007ff24960 R15=000000007ff24a60
RIP=000000007ee3ba01 RFL=00000206 [-----P-] CPL=0 II=0 A20=1 SMM=0 HLT=0
ES =0030 0000000000000000 ffffffff 00cf9300 DPL=0 DS   [-WA]
CS =0038 0000000000000000 ffffffff 00af9a00 DPL=0 CS64 [-R-]
SS =0030 0000000000000000 ffffffff 00cf9300 DPL=0 DS   [-WA]
DS =0030 0000000000000000 ffffffff 00cf9300 DPL=0 DS   [-WA]
FS =0030 0000000000000000 ffffffff 00cf9300 DPL=0 DS   [-WA]
GS =0030 0000000000000000 ffffffff 00cf9300 DPL=0 DS   [-WA]
LDT=0000 0000000000000000 0000ffff 00008200 DPL=0 LDT
TR =0000 0000000000000000 0000ffff 00008b00 DPL=0 TSS64-busy
GDT=     000000007f5dc000 00000047
IDT=     000000007f268018 00000fff
CR0=80010033 CR2=0000000000000000 CR3=000000007f801000 CR4=00000668
DR0=0000000000000000 DR1=0000000000000000 DR2=0000000000000000 DR3=0000000000000000 
DR6=00000000ffff0ff0 DR7=0000000000000400
CCS=0000000000000004 CCD=000000007ff023f0 CCO=EFLAGS
EFER=0000000000000d00
Servicing hardware INT=0x20
   228: v=20 e=0000 i=0 cpl=0 IP=0038:000000007ee3ba01 pc=000000007ee3ba01 SP=0030:000000007ff023f8 env->regs[R_EAX]=0000000000000000
RAX=0000000000000000 RBX=0000000000000004 RCX=000000007ee5ca18 RDX=0000000000000000
RSI=00000000ffffffff RDI=000000007ff1ce70 RBP=000000007ff02470 RSP=000000007ff023f8
R8 =000000007ff1ce60 R9 =000000007ff02331 R10=0000000000000180 R11=000000007ff1d478
R12=000000007ee5ca60 R13=0000000000000100 R14=000000007ff24960 R15=000000007ff24a60
RIP=000000007ee3ba01 RFL=00000206 [-----P-] CPL=0 II=0 A20=1 SMM=0 HLT=0
ES =0030 0000000000000000 ffffffff 00cf9300 DPL=0 DS   [-WA]
CS =0038 0000000000000000 ffffffff 00af9a00 DPL=0 CS64 [-R-]
SS =0030 0000000000000000 ffffffff 00cf9300 DPL=0 DS   [-WA]
DS =0030 0000000000000000 ffffffff 00cf9300 DPL=0 DS   [-WA]
FS =0030 0000000000000000 ffffffff 00cf9300 DPL=0 DS   [-WA]
GS =0030 0000000000000000 ffffffff 00cf9300 DPL=0 DS   [-WA]
LDT=0000 0000000000000000 0000ffff 00008200 DPL=0 LDT
TR =0000 0000000000000000 0000ffff 00008b00 DPL=0 TSS64-busy
GDT=     000000007f5dc000 00000047
IDT=     000000007f268018 00000fff
CR0=80010033 CR2=0000000000000000 CR3=000000007f801000 CR4=00000668
DR0=0000000000000000 DR1=0000000000000000 DR2=0000000000000000 DR3=0000000000000000 
DR6=00000000ffff0ff0 DR7=0000000000000400
CCS=0000000000000004 CCD=000000007ff023f0 CCO=EFLAGS
EFER=0000000000000d00
Servicing hardware INT=0x20
   229: v=20 e=0000 i=0 cpl=0 IP=0038:000000007ee3ba01 pc=000000007ee3ba01 SP=0030:000000007ff023f8 env->regs[R_EAX]=0000000000000000
RAX=0000000000000000 RBX=0000000000000004 RCX=000000007ee5ca18 RDX=0000000000000000
RSI=00000000ffffffff RDI=000000007ff1ce70 RBP=000000007ff02470 RSP=000000007ff023f8
R8 =000000007ff1ce60 R9 =000000007ff02331 R10=0000000000000180 R11=000000007ff1d478
R12=000000007ee5ca60 R13=0000000000000100 R14=000000007ff24960 R15=000000007ff24a60
RIP=000000007ee3ba01 RFL=00000206 [-----P-] CPL=0 II=0 A20=1 SMM=0 HLT=0
ES =0030 0000000000000000 ffffffff 00cf9300 DPL=0 DS   [-WA]
CS =0038 0000000000000000 ffffffff 00af9a00 DPL=0 CS64 [-R-]
SS =0030 0000000000000000 ffffffff 00cf9300 DPL=0 DS   [-WA]
DS =0030 0000000000000000 ffffffff 00cf9300 DPL=0 DS   [-WA]
FS =0030 0000000000000000 ffffffff 00cf9300 DPL=0 DS   [-WA]
GS =0030 0000000000000000 ffffffff 00cf9300 DPL=0 DS   [-WA]
LDT=0000 0000000000000000 0000ffff 00008200 DPL=0 LDT
TR =0000 0000000000000000 0000ffff 00008b00 DPL=0 TSS64-busy
GDT=     000000007f5dc000 00000047
IDT=     000000007f268018 00000fff
CR0=80010033 CR2=0000000000000000 CR3=000000007f801000 CR4=00000668
DR0=0000000000000000 DR1=0000000000000000 DR2=0000000000000000 DR3=0000000000000000 
DR6=00000000ffff0ff0 DR7=0000000000000400
CCS=0000000000000004 CCD=000000007ff023f0 CCO=EFLAGS
EFER=0000000000000d00
Servicing hardware INT=0x20
   230: v=20 e=0000 i=0 cpl=0 IP=0038:000000007ee3ba01 pc=000000007ee3ba01 SP=0030:000000007ff023f8 env->regs[R_EAX]=0000000000000000
RAX=0000000000000000 RBX=0000000000000004 RCX=000000007ee5ca18 RDX=0000000000000000
RSI=00000000ffffffff RDI=000000007ff1ce70 RBP=000000007ff02470 RSP=000000007ff023f8
R8 =000000007ff1ce60 R9 =000000007ff02331 R10=0000000000000180 R11=000000007ff1d478
R12=000000007ee5ca60 R13=0000000000000100 R14=000000007ff24960 R15=000000007ff24a60
RIP=000000007ee3ba01 RFL=00000206 [-----P-] CPL=0 II=0 A20=1 SMM=0 HLT=0
ES =0030 0000000000000000 ffffffff 00cf9300 DPL=0 DS   [-WA]
CS =0038 0000000000000000 ffffffff 00af9a00 DPL=0 CS64 [-R-]
SS =0030 0000000000000000 ffffffff 00cf9300 DPL=0 DS   [-WA]
DS =0030 0000000000000000 ffffffff 00cf9300 DPL=0 DS   [-WA]
FS =0030 0000000000000000 ffffffff 00cf9300 DPL=0 DS   [-WA]
GS =0030 0000000000000000 ffffffff 00cf9300 DPL=0 DS   [-WA]
LDT=0000 0000000000000000 0000ffff 00008200 DPL=0 LDT
TR =0000 0000000000000000 0000ffff 00008b00 DPL=0 TSS64-busy
GDT=     000000007f5dc000 00000047
IDT=     000000007f268018 00000fff
CR0=80010033 CR2=0000000000000000 CR3=000000007f801000 CR4=00000668
DR0=0000000000000000 DR1=0000000000000000 DR2=0000000000000000 DR3=0000000000000000 
DR6=00000000ffff0ff0 DR7=0000000000000400
CCS=0000000000000004 CCD=000000007ff023f0 CCO=EFLAGS
EFER=0000000000000d00
Servicing hardware INT=0x20
   231: v=20 e=0000 i=0 cpl=0 IP=0038:000000007ee3ba01 pc=000000007ee3ba01 SP=0030:000000007ff023f8 env->regs[R_EAX]=0000000000000000
RAX=0000000000000000 RBX=0000000000000004 RCX=000000007ee5ca18 RDX=0000000000000000
RSI=00000000ffffffff RDI=000000007ff1ce70 RBP=000000007ff02470 RSP=000000007ff023f8
R8 =000000007ff1ce60 R9 =000000007ff02331 R10=0000000000000180 R11=000000007ff1d478
R12=000000007ee5ca60 R13=0000000000000100 R14=000000007ff24960 R15=000000007ff24a60
RIP=000000007ee3ba01 RFL=00000206 [-----P-] CPL=0 II=0 A20=1 SMM=0 HLT=0
ES =0030 0000000000000000 ffffffff 00cf9300 DPL=0 DS   [-WA]
CS =0038 0000000000000000 ffffffff 00af9a00 DPL=0 CS64 [-R-]
SS =0030 0000000000000000 ffffffff 00cf9300 DPL=0 DS   [-WA]
DS =0030 0000000000000000 ffffffff 00cf9300 DPL=0 DS   [-WA]
FS =0030 0000000000000000 ffffffff 00cf9300 DPL=0 DS   [-WA]
GS =0030 0000000000000000 ffffffff 00cf9300 DPL=0 DS   [-WA]
LDT=0000 0000000000000000 0000ffff 00008200 DPL=0 LDT
TR =0000 0000000000000000 0000ffff 00008b00 DPL=0 TSS64-busy
GDT=     000000007f5dc000 00000047
IDT=     000000007f268018 00000fff
CR0=80010033 CR2=0000000000000000 CR3=000000007f801000 CR4=00000668
DR0=0000000000000000 DR1=0000000000000000 DR2=0000000000000000 DR3=0000000000000000 
DR6=00000000ffff0ff0 DR7=0000000000000400
CCS=0000000000000004 CCD=000000007ff023f0 CCO=EFLAGS
EFER=0000000000000d00
Servicing hardware INT=0x20
   232: v=20 e=0000 i=0 cpl=0 IP=0038:000000007ee3ba01 pc=000000007ee3ba01 SP=0030:000000007ff023f8 env->regs[R_EAX]=0000000000000000
RAX=0000000000000000 RBX=0000000000000004 RCX=000000007ee5ca18 RDX=0000000000000000
RSI=00000000ffffffff RDI=000000007ff1ce70 RBP=000000007ff02470 RSP=000000007ff023f8
R8 =000000007ff1ce60 R9 =000000007ff02331 R10=0000000000000180 R11=000000007ff1d478
R12=000000007ee5ca60 R13=0000000000000100 R14=000000007ff24960 R15=000000007ff24a60
RIP=000000007ee3ba01 RFL=00000206 [-----P-] CPL=0 II=0 A20=1 SMM=0 HLT=0
ES =0030 0000000000000000 ffffffff 00cf9300 DPL=0 DS   [-WA]
CS =0038 0000000000000000 ffffffff 00af9a00 DPL=0 CS64 [-R-]
SS =0030 0000000000000000 ffffffff 00cf9300 DPL=0 DS   [-WA]
DS =0030 0000000000000000 ffffffff 00cf9300 DPL=0 DS   [-WA]
FS =0030 0000000000000000 ffffffff 00cf9300 DPL=0 DS   [-WA]
GS =0030 0000000000000000 ffffffff 00cf9300 DPL=0 DS   [-WA]
LDT=0000 0000000000000000 0000ffff 00008200 DPL=0 LDT
TR =0000 0000000000000000 0000ffff 00008b00 DPL=0 TSS64-busy
GDT=     000000007f5dc000 00000047
IDT=     000000007f268018 00000fff
CR0=80010033 CR2=0000000000000000 CR3=000000007f801000 CR4=00000668
DR0=0000000000000000 DR1=0000000000000000 DR2=0000000000000000 DR3=0000000000000000 
DR6=00000000ffff0ff0 DR7=0000000000000400
CCS=0000000000000004 CCD=000000007ff023f0 CCO=EFLAGS
EFER=0000000000000d00
Servicing hardware INT=0x20
   233: v=20 e=0000 i=0 cpl=0 IP=0038:000000007ee3ba01 pc=000000007ee3ba01 SP=0030:000000007ff023f8 env->regs[R_EAX]=0000000000000000
RAX=0000000000000000 RBX=0000000000000004 RCX=000000007ee5ca18 RDX=0000000000000000
RSI=00000000ffffffff RDI=000000007ff1ce70 RBP=000000007ff02470 RSP=000000007ff023f8
R8 =000000007ff1ce60 R9 =000000007ff02331 R10=0000000000000180 R11=000000007ff1d478
R12=000000007ee5ca60 R13=0000000000000100 R14=000000007ff24960 R15=000000007ff24a60
RIP=000000007ee3ba01 RFL=00000206 [-----P-] CPL=0 II=0 A20=1 SMM=0 HLT=0
ES =0030 0000000000000000 ffffffff 00cf9300 DPL=0 DS   [-WA]
CS =0038 0000000000000000 ffffffff 00af9a00 DPL=0 CS64 [-R-]
SS =0030 0000000000000000 ffffffff 00cf9300 DPL=0 DS   [-WA]
DS =0030 0000000000000000 ffffffff 00cf9300 DPL=0 DS   [-WA]
FS =0030 0000000000000000 ffffffff 00cf9300 DPL=0 DS   [-WA]
GS =0030 0000000000000000 ffffffff 00cf9300 DPL=0 DS   [-WA]
LDT=0000 0000000000000000 0000ffff 00008200 DPL=0 LDT
TR =0000 0000000000000000 0000ffff 00008b00 DPL=0 TSS64-busy
GDT=     000000007f5dc000 00000047
IDT=     000000007f268018 00000fff
CR0=80010033 CR2=0000000000000000 CR3=000000007f801000 CR4=00000668
DR0=0000000000000000 DR1=0000000000000000 DR2=0000000000000000 DR3=0000000000000000 
DR6=00000000ffff0ff0 DR7=0000000000000400
CCS=0000000000000004 CCD=000000007ff023f0 CCO=EFLAGS
EFER=0000000000000d00
Servicing hardware INT=0x20
   234: v=20 e=0000 i=0 cpl=0 IP=0038:000000007ee3ba01 pc=000000007ee3ba01 SP=0030:000000007ff023f8 env->regs[R_EAX]=0000000000000000
RAX=0000000000000000 RBX=0000000000000004 RCX=000000007ee5ca18 RDX=0000000000000000
RSI=00000000ffffffff RDI=000000007ff1ce70 RBP=000000007ff02470 RSP=000000007ff023f8
R8 =000000007ff1ce60 R9 =000000007ff02331 R10=0000000000000180 R11=000000007ff1d478
R12=000000007ee5ca60 R13=0000000000000100 R14=000000007ff24960 R15=000000007ff24a60
RIP=000000007ee3ba01 RFL=00000206 [-----P-] CPL=0 II=0 A20=1 SMM=0 HLT=0
ES =0030 0000000000000000 ffffffff 00cf9300 DPL=0 DS   [-WA]
CS =0038 0000000000000000 ffffffff 00af9a00 DPL=0 CS64 [-R-]
SS =0030 0000000000000000 ffffffff 00cf9300 DPL=0 DS   [-WA]
DS =0030 0000000000000000 ffffffff 00cf9300 DPL=0 DS   [-WA]
FS =0030 0000000000000000 ffffffff 00cf9300 DPL=0 DS   [-WA]
GS =0030 0000000000000000 ffffffff 00cf9300 DPL=0 DS   [-WA]
LDT=0000 0000000000000000 0000ffff 00008200 DPL=0 LDT
TR =0000 0000000000000000 0000ffff 00008b00 DPL=0 TSS64-busy
GDT=     000000007f5dc000 00000047
IDT=     000000007f268018 00000fff
CR0=80010033 CR2=0000000000000000 CR3=000000007f801000 CR4=00000668
DR0=0000000000000000 DR1=0000000000000000 DR2=0000000000000000 DR3=0000000000000000 
DR6=00000000ffff0ff0 DR7=0000000000000400
CCS=0000000000000004 CCD=000000007ff023f0 CCO=EFLAGS
EFER=0000000000000d00
Servicing hardware INT=0x20
   235: v=20 e=0000 i=0 cpl=0 IP=0038:000000007ee3ba01 pc=000000007ee3ba01 SP=0030:000000007ff023f8 env->regs[R_EAX]=0000000000000000
RAX=0000000000000000 RBX=0000000000000004 RCX=000000007ee5ca18 RDX=0000000000000000
RSI=00000000ffffffff RDI=000000007ff1ce70 RBP=000000007ff02470 RSP=000000007ff023f8
R8 =000000007ff1ce60 R9 =000000007ff02331 R10=0000000000000180 R11=000000007ff1d478
R12=000000007ee5ca60 R13=0000000000000100 R14=000000007ff24960 R15=000000007ff24a60
RIP=000000007ee3ba01 RFL=00000206 [-----P-] CPL=0 II=0 A20=1 SMM=0 HLT=0
ES =0030 0000000000000000 ffffffff 00cf9300 DPL=0 DS   [-WA]
CS =0038 0000000000000000 ffffffff 00af9a00 DPL=0 CS64 [-R-]
SS =0030 0000000000000000 ffffffff 00cf9300 DPL=0 DS   [-WA]
DS =0030 0000000000000000 ffffffff 00cf9300 DPL=0 DS   [-WA]
FS =0030 0000000000000000 ffffffff 00cf9300 DPL=0 DS   [-WA]
GS =0030 0000000000000000 ffffffff 00cf9300 DPL=0 DS   [-WA]
LDT=0000 0000000000000000 0000ffff 00008200 DPL=0 LDT
TR =0000 0000000000000000 0000ffff 00008b00 DPL=0 TSS64-busy
GDT=     000000007f5dc000 00000047
IDT=     000000007f268018 00000fff
CR0=80010033 CR2=0000000000000000 CR3=000000007f801000 CR4=00000668
DR0=0000000000000000 DR1=0000000000000000 DR2=0000000000000000 DR3=0000000000000000 
DR6=00000000ffff0ff0 DR7=0000000000000400
CCS=0000000000000004 CCD=000000007ff023f0 CCO=EFLAGS
EFER=0000000000000d00
Servicing hardware INT=0x20
   236: v=20 e=0000 i=0 cpl=0 IP=0038:000000007ee3ba01 pc=000000007ee3ba01 SP=0030:000000007ff023f8 env->regs[R_EAX]=0000000000000000
RAX=0000000000000000 RBX=0000000000000004 RCX=000000007ee5ca18 RDX=0000000000000000
RSI=00000000ffffffff RDI=000000007ff1ce70 RBP=000000007ff02470 RSP=000000007ff023f8
R8 =000000007ff1ce60 R9 =000000007ff02331 R10=0000000000000180 R11=000000007ff1d478
R12=000000007ee5ca60 R13=0000000000000100 R14=000000007ff24960 R15=000000007ff24a60
RIP=000000007ee3ba01 RFL=00000206 [-----P-] CPL=0 II=0 A20=1 SMM=0 HLT=0
ES =0030 0000000000000000 ffffffff 00cf9300 DPL=0 DS   [-WA]
CS =0038 0000000000000000 ffffffff 00af9a00 DPL=0 CS64 [-R-]
SS =0030 0000000000000000 ffffffff 00cf9300 DPL=0 DS   [-WA]
DS =0030 0000000000000000 ffffffff 00cf9300 DPL=0 DS   [-WA]
FS =0030 0000000000000000 ffffffff 00cf9300 DPL=0 DS   [-WA]
GS =0030 0000000000000000 ffffffff 00cf9300 DPL=0 DS   [-WA]
LDT=0000 0000000000000000 0000ffff 00008200 DPL=0 LDT
TR =0000 0000000000000000 0000ffff 00008b00 DPL=0 TSS64-busy
GDT=     000000007f5dc000 00000047
IDT=     000000007f268018 00000fff
CR0=80010033 CR2=0000000000000000 CR3=000000007f801000 CR4=00000668
DR0=0000000000000000 DR1=0000000000000000 DR2=0000000000000000 DR3=0000000000000000 
DR6=00000000ffff0ff0 DR7=0000000000000400
CCS=0000000000000004 CCD=000000007ff023f0 CCO=EFLAGS
EFER=0000000000000d00
Servicing hardware INT=0x20
   237: v=20 e=0000 i=0 cpl=0 IP=0038:000000007ee3ba01 pc=000000007ee3ba01 SP=0030:000000007ff023f8 env->regs[R_EAX]=0000000000000000
RAX=0000000000000000 RBX=0000000000000004 RCX=000000007ee5ca18 RDX=0000000000000000
RSI=00000000ffffffff RDI=000000007ff1ce70 RBP=000000007ff02470 RSP=000000007ff023f8
R8 =000000007ff1ce60 R9 =000000007ff02331 R10=0000000000000180 R11=000000007ff1d478
R12=000000007ee5ca60 R13=0000000000000100 R14=000000007ff24960 R15=000000007ff24a60
RIP=000000007ee3ba01 RFL=00000206 [-----P-] CPL=0 II=0 A20=1 SMM=0 HLT=0
ES =0030 0000000000000000 ffffffff 00cf9300 DPL=0 DS   [-WA]
CS =0038 0000000000000000 ffffffff 00af9a00 DPL=0 CS64 [-R-]
SS =0030 0000000000000000 ffffffff 00cf9300 DPL=0 DS   [-WA]
DS =0030 0000000000000000 ffffffff 00cf9300 DPL=0 DS   [-WA]
FS =0030 0000000000000000 ffffffff 00cf9300 DPL=0 DS   [-WA]
GS =0030 0000000000000000 ffffffff 00cf9300 DPL=0 DS   [-WA]
LDT=0000 0000000000000000 0000ffff 00008200 DPL=0 LDT
TR =0000 0000000000000000 0000ffff 00008b00 DPL=0 TSS64-busy
GDT=     000000007f5dc000 00000047
IDT=     000000007f268018 00000fff
CR0=80010033 CR2=0000000000000000 CR3=000000007f801000 CR4=00000668
DR0=0000000000000000 DR1=0000000000000000 DR2=0000000000000000 DR3=0000000000000000 
DR6=00000000ffff0ff0 DR7=0000000000000400
CCS=0000000000000004 CCD=000000007ff023f0 CCO=EFLAGS
EFER=0000000000000d00
Servicing hardware INT=0x20
   238: v=20 e=0000 i=0 cpl=0 IP=0038:000000007ee3ba01 pc=000000007ee3ba01 SP=0030:000000007ff023f8 env->regs[R_EAX]=0000000000000000
RAX=0000000000000000 RBX=0000000000000004 RCX=000000007ee5ca18 RDX=0000000000000000
RSI=00000000ffffffff RDI=000000007ff1ce70 RBP=000000007ff02470 RSP=000000007ff023f8
R8 =000000007ff1ce60 R9 =000000007ff02331 R10=0000000000000180 R11=000000007ff1d478
R12=000000007ee5ca60 R13=0000000000000100 R14=000000007ff24960 R15=000000007ff24a60
RIP=000000007ee3ba01 RFL=00000206 [-----P-] CPL=0 II=0 A20=1 SMM=0 HLT=0
ES =0030 0000000000000000 ffffffff 00cf9300 DPL=0 DS   [-WA]
CS =0038 0000000000000000 ffffffff 00af9a00 DPL=0 CS64 [-R-]
SS =0030 0000000000000000 ffffffff 00cf9300 DPL=0 DS   [-WA]
DS =0030 0000000000000000 ffffffff 00cf9300 DPL=0 DS   [-WA]
FS =0030 0000000000000000 ffffffff 00cf9300 DPL=0 DS   [-WA]
GS =0030 0000000000000000 ffffffff 00cf9300 DPL=0 DS   [-WA]
LDT=0000 0000000000000000 0000ffff 00008200 DPL=0 LDT
TR =0000 0000000000000000 0000ffff 00008b00 DPL=0 TSS64-busy
GDT=     000000007f5dc000 00000047
IDT=     000000007f268018 00000fff
CR0=80010033 CR2=0000000000000000 CR3=000000007f801000 CR4=00000668
DR0=0000000000000000 DR1=0000000000000000 DR2=0000000000000000 DR3=0000000000000000 
DR6=00000000ffff0ff0 DR7=0000000000000400
CCS=0000000000000004 CCD=000000007ff023f0 CCO=EFLAGS
EFER=0000000000000d00
Servicing hardware INT=0x20
   239: v=20 e=0000 i=0 cpl=0 IP=0038:000000007ee3ba01 pc=000000007ee3ba01 SP=0030:000000007ff023f8 env->regs[R_EAX]=0000000000000000
RAX=0000000000000000 RBX=0000000000000004 RCX=000000007ee5ca18 RDX=0000000000000000
RSI=00000000ffffffff RDI=000000007ff1ce70 RBP=000000007ff02470 RSP=000000007ff023f8
R8 =000000007ff1ce60 R9 =000000007ff02331 R10=0000000000000180 R11=000000007ff1d478
R12=000000007ee5ca60 R13=0000000000000100 R14=000000007ff24960 R15=000000007ff24a60
RIP=000000007ee3ba01 RFL=00000206 [-----P-] CPL=0 II=0 A20=1 SMM=0 HLT=0
ES =0030 0000000000000000 ffffffff 00cf9300 DPL=0 DS   [-WA]
CS =0038 0000000000000000 ffffffff 00af9a00 DPL=0 CS64 [-R-]
SS =0030 0000000000000000 ffffffff 00cf9300 DPL=0 DS   [-WA]
DS =0030 0000000000000000 ffffffff 00cf9300 DPL=0 DS   [-WA]
FS =0030 0000000000000000 ffffffff 00cf9300 DPL=0 DS   [-WA]
GS =0030 0000000000000000 ffffffff 00cf9300 DPL=0 DS   [-WA]
LDT=0000 0000000000000000 0000ffff 00008200 DPL=0 LDT
TR =0000 0000000000000000 0000ffff 00008b00 DPL=0 TSS64-busy
GDT=     000000007f5dc000 00000047
IDT=     000000007f268018 00000fff
CR0=80010033 CR2=0000000000000000 CR3=000000007f801000 CR4=00000668
DR0=0000000000000000 DR1=0000000000000000 DR2=0000000000000000 DR3=0000000000000000 
DR6=00000000ffff0ff0 DR7=0000000000000400
CCS=0000000000000004 CCD=000000007ff023f0 CCO=EFLAGS
EFER=0000000000000d00
Servicing hardware INT=0x20
   240: v=20 e=0000 i=0 cpl=0 IP=0038:000000007ee3ba01 pc=000000007ee3ba01 SP=0030:000000007ff023f8 env->regs[R_EAX]=0000000000000000
RAX=0000000000000000 RBX=0000000000000004 RCX=000000007ee5ca18 RDX=0000000000000000
RSI=00000000ffffffff RDI=000000007ff1ce70 RBP=000000007ff02470 RSP=000000007ff023f8
R8 =000000007ff1ce60 R9 =000000007ff02331 R10=0000000000000180 R11=000000007ff1d478
R12=000000007ee5ca60 R13=0000000000000100 R14=000000007ff24960 R15=000000007ff24a60
RIP=000000007ee3ba01 RFL=00000206 [-----P-] CPL=0 II=0 A20=1 SMM=0 HLT=0
ES =0030 0000000000000000 ffffffff 00cf9300 DPL=0 DS   [-WA]
CS =0038 0000000000000000 ffffffff 00af9a00 DPL=0 CS64 [-R-]
SS =0030 0000000000000000 ffffffff 00cf9300 DPL=0 DS   [-WA]
DS =0030 0000000000000000 ffffffff 00cf9300 DPL=0 DS   [-WA]
FS =0030 0000000000000000 ffffffff 00cf9300 DPL=0 DS   [-WA]
GS =0030 0000000000000000 ffffffff 00cf9300 DPL=0 DS   [-WA]
LDT=0000 0000000000000000 0000ffff 00008200 DPL=0 LDT
TR =0000 0000000000000000 0000ffff 00008b00 DPL=0 TSS64-busy
GDT=     000000007f5dc000 00000047
IDT=     000000007f268018 00000fff
CR0=80010033 CR2=0000000000000000 CR3=000000007f801000 CR4=00000668
DR0=0000000000000000 DR1=0000000000000000 DR2=0000000000000000 DR3=0000000000000000 
DR6=00000000ffff0ff0 DR7=0000000000000400
CCS=0000000000000004 CCD=000000007ff023f0 CCO=EFLAGS
EFER=0000000000000d00
Servicing hardware INT=0x20
   241: v=20 e=0000 i=0 cpl=0 IP=0038:000000007ee3ba01 pc=000000007ee3ba01 SP=0030:000000007ff023f8 env->regs[R_EAX]=0000000000000000
RAX=0000000000000000 RBX=0000000000000004 RCX=000000007ee5ca18 RDX=0000000000000000
RSI=00000000ffffffff RDI=000000007ff1ce70 RBP=000000007ff02470 RSP=000000007ff023f8
R8 =000000007ff1ce60 R9 =000000007ff02331 R10=0000000000000180 R11=000000007ff1d478
R12=000000007ee5ca60 R13=0000000000000100 R14=000000007ff24960 R15=000000007ff24a60
RIP=000000007ee3ba01 RFL=00000206 [-----P-] CPL=0 II=0 A20=1 SMM=0 HLT=0
ES =0030 0000000000000000 ffffffff 00cf9300 DPL=0 DS   [-WA]
CS =0038 0000000000000000 ffffffff 00af9a00 DPL=0 CS64 [-R-]
SS =0030 0000000000000000 ffffffff 00cf9300 DPL=0 DS   [-WA]
DS =0030 0000000000000000 ffffffff 00cf9300 DPL=0 DS   [-WA]
FS =0030 0000000000000000 ffffffff 00cf9300 DPL=0 DS   [-WA]
GS =0030 0000000000000000 ffffffff 00cf9300 DPL=0 DS   [-WA]
LDT=0000 0000000000000000 0000ffff 00008200 DPL=0 LDT
TR =0000 0000000000000000 0000ffff 00008b00 DPL=0 TSS64-busy
GDT=     000000007f5dc000 00000047
IDT=     000000007f268018 00000fff
CR0=80010033 CR2=0000000000000000 CR3=000000007f801000 CR4=00000668
DR0=0000000000000000 DR1=0000000000000000 DR2=0000000000000000 DR3=0000000000000000 
DR6=00000000ffff0ff0 DR7=0000000000000400
CCS=0000000000000004 CCD=000000007ff023f0 CCO=EFLAGS
EFER=0000000000000d00
Servicing hardware INT=0x20
   242: v=20 e=0000 i=0 cpl=0 IP=0038:000000007ee3ba01 pc=000000007ee3ba01 SP=0030:000000007ff023f8 env->regs[R_EAX]=0000000000000000
RAX=0000000000000000 RBX=0000000000000004 RCX=000000007ee5ca18 RDX=0000000000000000
RSI=00000000ffffffff RDI=000000007ff1ce70 RBP=000000007ff02470 RSP=000000007ff023f8
R8 =000000007ff1ce60 R9 =000000007ff02331 R10=0000000000000180 R11=000000007ff1d478
R12=000000007ee5ca60 R13=0000000000000100 R14=000000007ff24960 R15=000000007ff24a60
RIP=000000007ee3ba01 RFL=00000206 [-----P-] CPL=0 II=0 A20=1 SMM=0 HLT=0
ES =0030 0000000000000000 ffffffff 00cf9300 DPL=0 DS   [-WA]
CS =0038 0000000000000000 ffffffff 00af9a00 DPL=0 CS64 [-R-]
SS =0030 0000000000000000 ffffffff 00cf9300 DPL=0 DS   [-WA]
DS =0030 0000000000000000 ffffffff 00cf9300 DPL=0 DS   [-WA]
FS =0030 0000000000000000 ffffffff 00cf9300 DPL=0 DS   [-WA]
GS =0030 0000000000000000 ffffffff 00cf9300 DPL=0 DS   [-WA]
LDT=0000 0000000000000000 0000ffff 00008200 DPL=0 LDT
TR =0000 0000000000000000 0000ffff 00008b00 DPL=0 TSS64-busy
GDT=     000000007f5dc000 00000047
IDT=     000000007f268018 00000fff
CR0=80010033 CR2=0000000000000000 CR3=000000007f801000 CR4=00000668
DR0=0000000000000000 DR1=0000000000000000 DR2=0000000000000000 DR3=0000000000000000 
DR6=00000000ffff0ff0 DR7=0000000000000400
CCS=0000000000000004 CCD=000000007ff023f0 CCO=EFLAGS
EFER=0000000000000d00
Servicing hardware INT=0x20
   243: v=20 e=0000 i=0 cpl=0 IP=0038:000000007ee3ba01 pc=000000007ee3ba01 SP=0030:000000007ff023f8 env->regs[R_EAX]=0000000000000000
RAX=0000000000000000 RBX=0000000000000004 RCX=000000007ee5ca18 RDX=0000000000000000
RSI=00000000ffffffff RDI=000000007ff1ce70 RBP=000000007ff02470 RSP=000000007ff023f8
R8 =000000007ff1ce60 R9 =000000007ff02331 R10=0000000000000180 R11=000000007ff1d478
R12=000000007ee5ca60 R13=0000000000000100 R14=000000007ff24960 R15=000000007ff24a60
RIP=000000007ee3ba01 RFL=00000206 [-----P-] CPL=0 II=0 A20=1 SMM=0 HLT=0
ES =0030 0000000000000000 ffffffff 00cf9300 DPL=0 DS   [-WA]
CS =0038 0000000000000000 ffffffff 00af9a00 DPL=0 CS64 [-R-]
SS =0030 0000000000000000 ffffffff 00cf9300 DPL=0 DS   [-WA]
DS =0030 0000000000000000 ffffffff 00cf9300 DPL=0 DS   [-WA]
FS =0030 0000000000000000 ffffffff 00cf9300 DPL=0 DS   [-WA]
GS =0030 0000000000000000 ffffffff 00cf9300 DPL=0 DS   [-WA]
LDT=0000 0000000000000000 0000ffff 00008200 DPL=0 LDT
TR =0000 0000000000000000 0000ffff 00008b00 DPL=0 TSS64-busy
GDT=     000000007f5dc000 00000047
IDT=     000000007f268018 00000fff
CR0=80010033 CR2=0000000000000000 CR3=000000007f801000 CR4=00000668
DR0=0000000000000000 DR1=0000000000000000 DR2=0000000000000000 DR3=0000000000000000 
DR6=00000000ffff0ff0 DR7=0000000000000400
CCS=0000000000000004 CCD=000000007ff023f0 CCO=EFLAGS
EFER=0000000000000d00
Servicing hardware INT=0x20
   244: v=20 e=0000 i=0 cpl=0 IP=0038:000000007ee3ba01 pc=000000007ee3ba01 SP=0030:000000007ff023f8 env->regs[R_EAX]=0000000000000000
RAX=0000000000000000 RBX=0000000000000004 RCX=000000007ee5ca18 RDX=0000000000000000
RSI=00000000ffffffff RDI=000000007ff1ce70 RBP=000000007ff02470 RSP=000000007ff023f8
R8 =000000007ff1ce60 R9 =000000007ff02331 R10=0000000000000180 R11=000000007ff1d478
R12=000000007ee5ca60 R13=0000000000000100 R14=000000007ff24960 R15=000000007ff24a60
RIP=000000007ee3ba01 RFL=00000206 [-----P-] CPL=0 II=0 A20=1 SMM=0 HLT=0
ES =0030 0000000000000000 ffffffff 00cf9300 DPL=0 DS   [-WA]
CS =0038 0000000000000000 ffffffff 00af9a00 DPL=0 CS64 [-R-]
SS =0030 0000000000000000 ffffffff 00cf9300 DPL=0 DS   [-WA]
DS =0030 0000000000000000 ffffffff 00cf9300 DPL=0 DS   [-WA]
FS =0030 0000000000000000 ffffffff 00cf9300 DPL=0 DS   [-WA]
GS =0030 0000000000000000 ffffffff 00cf9300 DPL=0 DS   [-WA]
LDT=0000 0000000000000000 0000ffff 00008200 DPL=0 LDT
TR =0000 0000000000000000 0000ffff 00008b00 DPL=0 TSS64-busy
GDT=     000000007f5dc000 00000047
IDT=     000000007f268018 00000fff
CR0=80010033 CR2=0000000000000000 CR3=000000007f801000 CR4=00000668
DR0=0000000000000000 DR1=0000000000000000 DR2=0000000000000000 DR3=0000000000000000 
DR6=00000000ffff0ff0 DR7=0000000000000400
CCS=0000000000000004 CCD=000000007ff023f0 CCO=EFLAGS
EFER=0000000000000d00
Servicing hardware INT=0x20
   245: v=20 e=0000 i=0 cpl=0 IP=0038:000000007ee3ba01 pc=000000007ee3ba01 SP=0030:000000007ff023f8 env->regs[R_EAX]=0000000000000000
RAX=0000000000000000 RBX=0000000000000004 RCX=000000007ee5ca18 RDX=0000000000000000
RSI=00000000ffffffff RDI=000000007ff1ce70 RBP=000000007ff02470 RSP=000000007ff023f8
R8 =000000007ff1ce60 R9 =000000007ff02331 R10=0000000000000180 R11=000000007ff1d478
R12=000000007ee5ca60 R13=0000000000000100 R14=000000007ff24960 R15=000000007ff24a60
RIP=000000007ee3ba01 RFL=00000206 [-----P-] CPL=0 II=0 A20=1 SMM=0 HLT=0
ES =0030 0000000000000000 ffffffff 00cf9300 DPL=0 DS   [-WA]
CS =0038 0000000000000000 ffffffff 00af9a00 DPL=0 CS64 [-R-]
SS =0030 0000000000000000 ffffffff 00cf9300 DPL=0 DS   [-WA]
DS =0030 0000000000000000 ffffffff 00cf9300 DPL=0 DS   [-WA]
FS =0030 0000000000000000 ffffffff 00cf9300 DPL=0 DS   [-WA]
GS =0030 0000000000000000 ffffffff 00cf9300 DPL=0 DS   [-WA]
LDT=0000 0000000000000000 0000ffff 00008200 DPL=0 LDT
TR =0000 0000000000000000 0000ffff 00008b00 DPL=0 TSS64-busy
GDT=     000000007f5dc000 00000047
IDT=     000000007f268018 00000fff
CR0=80010033 CR2=0000000000000000 CR3=000000007f801000 CR4=00000668
DR0=0000000000000000 DR1=0000000000000000 DR2=0000000000000000 DR3=0000000000000000 
DR6=00000000ffff0ff0 DR7=0000000000000400
CCS=0000000000000004 CCD=000000007ff023f0 CCO=EFLAGS
EFER=0000000000000d00
Servicing hardware INT=0x20
   246: v=20 e=0000 i=0 cpl=0 IP=0038:000000007ee3ba01 pc=000000007ee3ba01 SP=0030:000000007ff023f8 env->regs[R_EAX]=0000000000000000
RAX=0000000000000000 RBX=0000000000000004 RCX=000000007ee5ca18 RDX=0000000000000000
RSI=00000000ffffffff RDI=000000007ff1ce70 RBP=000000007ff02470 RSP=000000007ff023f8
R8 =000000007ff1ce60 R9 =000000007ff02331 R10=0000000000000180 R11=000000007ff1d478
R12=000000007ee5ca60 R13=0000000000000100 R14=000000007ff24960 R15=000000007ff24a60
RIP=000000007ee3ba01 RFL=00000206 [-----P-] CPL=0 II=0 A20=1 SMM=0 HLT=0
ES =0030 0000000000000000 ffffffff 00cf9300 DPL=0 DS   [-WA]
CS =0038 0000000000000000 ffffffff 00af9a00 DPL=0 CS64 [-R-]
SS =0030 0000000000000000 ffffffff 00cf9300 DPL=0 DS   [-WA]
DS =0030 0000000000000000 ffffffff 00cf9300 DPL=0 DS   [-WA]
FS =0030 0000000000000000 ffffffff 00cf9300 DPL=0 DS   [-WA]
GS =0030 0000000000000000 ffffffff 00cf9300 DPL=0 DS   [-WA]
LDT=0000 0000000000000000 0000ffff 00008200 DPL=0 LDT
TR =0000 0000000000000000 0000ffff 00008b00 DPL=0 TSS64-busy
GDT=     000000007f5dc000 00000047
IDT=     000000007f268018 00000fff
CR0=80010033 CR2=0000000000000000 CR3=000000007f801000 CR4=00000668
DR0=0000000000000000 DR1=0000000000000000 DR2=0000000000000000 DR3=0000000000000000 
DR6=00000000ffff0ff0 DR7=0000000000000400
CCS=0000000000000004 CCD=000000007ff023f0 CCO=EFLAGS
EFER=0000000000000d00
Servicing hardware INT=0x20
   247: v=20 e=0000 i=0 cpl=0 IP=0038:000000007ee3ba01 pc=000000007ee3ba01 SP=0030:000000007ff023f8 env->regs[R_EAX]=0000000000000000
RAX=0000000000000000 RBX=0000000000000004 RCX=000000007ee5ca18 RDX=0000000000000000
RSI=00000000ffffffff RDI=000000007ff1ce70 RBP=000000007ff02470 RSP=000000007ff023f8
R8 =000000007ff1ce60 R9 =000000007ff02331 R10=0000000000000180 R11=000000007ff1d478
R12=000000007ee5ca60 R13=0000000000000100 R14=000000007ff24960 R15=000000007ff24a60
RIP=000000007ee3ba01 RFL=00000206 [-----P-] CPL=0 II=0 A20=1 SMM=0 HLT=0
ES =0030 0000000000000000 ffffffff 00cf9300 DPL=0 DS   [-WA]
CS =0038 0000000000000000 ffffffff 00af9a00 DPL=0 CS64 [-R-]
SS =0030 0000000000000000 ffffffff 00cf9300 DPL=0 DS   [-WA]
DS =0030 0000000000000000 ffffffff 00cf9300 DPL=0 DS   [-WA]
FS =0030 0000000000000000 ffffffff 00cf9300 DPL=0 DS   [-WA]
GS =0030 0000000000000000 ffffffff 00cf9300 DPL=0 DS   [-WA]
LDT=0000 0000000000000000 0000ffff 00008200 DPL=0 LDT
TR =0000 0000000000000000 0000ffff 00008b00 DPL=0 TSS64-busy
GDT=     000000007f5dc000 00000047
IDT=     000000007f268018 00000fff
CR0=80010033 CR2=0000000000000000 CR3=000000007f801000 CR4=00000668
DR0=0000000000000000 DR1=0000000000000000 DR2=0000000000000000 DR3=0000000000000000 
DR6=00000000ffff0ff0 DR7=0000000000000400
CCS=0000000000000004 CCD=000000007ff023f0 CCO=EFLAGS
EFER=0000000000000d00
Servicing hardware INT=0x20
   248: v=20 e=0000 i=0 cpl=0 IP=0038:000000007ee3ba01 pc=000000007ee3ba01 SP=0030:000000007ff023f8 env->regs[R_EAX]=0000000000000000
RAX=0000000000000000 RBX=0000000000000004 RCX=000000007ee5ca18 RDX=0000000000000000
RSI=00000000ffffffff RDI=000000007ff1ce70 RBP=000000007ff02470 RSP=000000007ff023f8
R8 =000000007ff1ce60 R9 =000000007ff02331 R10=0000000000000180 R11=000000007ff1d478
R12=000000007ee5ca60 R13=0000000000000100 R14=000000007ff24960 R15=000000007ff24a60
RIP=000000007ee3ba01 RFL=00000206 [-----P-] CPL=0 II=0 A20=1 SMM=0 HLT=0
ES =0030 0000000000000000 ffffffff 00cf9300 DPL=0 DS   [-WA]
CS =0038 0000000000000000 ffffffff 00af9a00 DPL=0 CS64 [-R-]
SS =0030 0000000000000000 ffffffff 00cf9300 DPL=0 DS   [-WA]
DS =0030 0000000000000000 ffffffff 00cf9300 DPL=0 DS   [-WA]
FS =0030 0000000000000000 ffffffff 00cf9300 DPL=0 DS   [-WA]
GS =0030 0000000000000000 ffffffff 00cf9300 DPL=0 DS   [-WA]
LDT=0000 0000000000000000 0000ffff 00008200 DPL=0 LDT
TR =0000 0000000000000000 0000ffff 00008b00 DPL=0 TSS64-busy
GDT=     000000007f5dc000 00000047
IDT=     000000007f268018 00000fff
CR0=80010033 CR2=0000000000000000 CR3=000000007f801000 CR4=00000668
DR0=0000000000000000 DR1=0000000000000000 DR2=0000000000000000 DR3=0000000000000000 
DR6=00000000ffff0ff0 DR7=0000000000000400
CCS=0000000000000004 CCD=000000007ff023f0 CCO=EFLAGS
EFER=0000000000000d00
Servicing hardware INT=0x20
   249: v=20 e=0000 i=0 cpl=0 IP=0038:000000007ee3ba01 pc=000000007ee3ba01 SP=0030:000000007ff023f8 env->regs[R_EAX]=0000000000000000
RAX=0000000000000000 RBX=0000000000000004 RCX=000000007ee5ca18 RDX=0000000000000000
RSI=00000000ffffffff RDI=000000007ff1ce70 RBP=000000007ff02470 RSP=000000007ff023f8
R8 =000000007ff1ce60 R9 =000000007ff02331 R10=0000000000000180 R11=000000007ff1d478
R12=000000007ee5ca60 R13=0000000000000100 R14=000000007ff24960 R15=000000007ff24a60
RIP=000000007ee3ba01 RFL=00000206 [-----P-] CPL=0 II=0 A20=1 SMM=0 HLT=0
ES =0030 0000000000000000 ffffffff 00cf9300 DPL=0 DS   [-WA]
CS =0038 0000000000000000 ffffffff 00af9a00 DPL=0 CS64 [-R-]
SS =0030 0000000000000000 ffffffff 00cf9300 DPL=0 DS   [-WA]
DS =0030 0000000000000000 ffffffff 00cf9300 DPL=0 DS   [-WA]
FS =0030 0000000000000000 ffffffff 00cf9300 DPL=0 DS   [-WA]
GS =0030 0000000000000000 ffffffff 00cf9300 DPL=0 DS   [-WA]
LDT=0000 0000000000000000 0000ffff 00008200 DPL=0 LDT
TR =0000 0000000000000000 0000ffff 00008b00 DPL=0 TSS64-busy
GDT=     000000007f5dc000 00000047
IDT=     000000007f268018 00000fff
CR0=80010033 CR2=0000000000000000 CR3=000000007f801000 CR4=00000668
DR0=0000000000000000 DR1=0000000000000000 DR2=0000000000000000 DR3=0000000000000000 
DR6=00000000ffff0ff0 DR7=0000000000000400
CCS=0000000000000004 CCD=000000007ff023f0 CCO=EFLAGS
EFER=0000000000000d00
Servicing hardware INT=0x20
   250: v=20 e=0000 i=0 cpl=0 IP=0038:000000007ee3ba01 pc=000000007ee3ba01 SP=0030:000000007ff023f8 env->regs[R_EAX]=0000000000000000
RAX=0000000000000000 RBX=0000000000000004 RCX=000000007ee5ca18 RDX=0000000000000000
RSI=00000000ffffffff RDI=000000007ff1ce70 RBP=000000007ff02470 RSP=000000007ff023f8
R8 =000000007ff1ce60 R9 =000000007ff02331 R10=0000000000000180 R11=000000007ff1d478
R12=000000007ee5ca60 R13=0000000000000100 R14=000000007ff24960 R15=000000007ff24a60
RIP=000000007ee3ba01 RFL=00000206 [-----P-] CPL=0 II=0 A20=1 SMM=0 HLT=0
ES =0030 0000000000000000 ffffffff 00cf9300 DPL=0 DS   [-WA]
CS =0038 0000000000000000 ffffffff 00af9a00 DPL=0 CS64 [-R-]
SS =0030 0000000000000000 ffffffff 00cf9300 DPL=0 DS   [-WA]
DS =0030 0000000000000000 ffffffff 00cf9300 DPL=0 DS   [-WA]
FS =0030 0000000000000000 ffffffff 00cf9300 DPL=0 DS   [-WA]
GS =0030 0000000000000000 ffffffff 00cf9300 DPL=0 DS   [-WA]
LDT=0000 0000000000000000 0000ffff 00008200 DPL=0 LDT
TR =0000 0000000000000000 0000ffff 00008b00 DPL=0 TSS64-busy
GDT=     000000007f5dc000 00000047
IDT=     000000007f268018 00000fff
CR0=80010033 CR2=0000000000000000 CR3=000000007f801000 CR4=00000668
DR0=0000000000000000 DR1=0000000000000000 DR2=0000000000000000 DR3=0000000000000000 
DR6=00000000ffff0ff0 DR7=0000000000000400
CCS=0000000000000004 CCD=000000007ff023f0 CCO=EFLAGS
EFER=0000000000000d00
Servicing hardware INT=0x20
   251: v=20 e=0000 i=0 cpl=0 IP=0038:000000007ee3ba01 pc=000000007ee3ba01 SP=0030:000000007ff023f8 env->regs[R_EAX]=0000000000000000
RAX=0000000000000000 RBX=0000000000000004 RCX=000000007ee5ca18 RDX=0000000000000000
RSI=00000000ffffffff RDI=000000007ff1ce70 RBP=000000007ff02470 RSP=000000007ff023f8
R8 =000000007ff1ce60 R9 =000000007ff02331 R10=0000000000000180 R11=000000007ff1d478
R12=000000007ee5ca60 R13=0000000000000100 R14=000000007ff24960 R15=000000007ff24a60
RIP=000000007ee3ba01 RFL=00000206 [-----P-] CPL=0 II=0 A20=1 SMM=0 HLT=0
ES =0030 0000000000000000 ffffffff 00cf9300 DPL=0 DS   [-WA]
CS =0038 0000000000000000 ffffffff 00af9a00 DPL=0 CS64 [-R-]
SS =0030 0000000000000000 ffffffff 00cf9300 DPL=0 DS   [-WA]
DS =0030 0000000000000000 ffffffff 00cf9300 DPL=0 DS   [-WA]
FS =0030 0000000000000000 ffffffff 00cf9300 DPL=0 DS   [-WA]
GS =0030 0000000000000000 ffffffff 00cf9300 DPL=0 DS   [-WA]
LDT=0000 0000000000000000 0000ffff 00008200 DPL=0 LDT
TR =0000 0000000000000000 0000ffff 00008b00 DPL=0 TSS64-busy
GDT=     000000007f5dc000 00000047
IDT=     000000007f268018 00000fff
CR0=80010033 CR2=0000000000000000 CR3=000000007f801000 CR4=00000668
DR0=0000000000000000 DR1=0000000000000000 DR2=0000000000000000 DR3=0000000000000000 
DR6=00000000ffff0ff0 DR7=0000000000000400
CCS=0000000000000004 CCD=000000007ff023f0 CCO=EFLAGS
EFER=0000000000000d00
Servicing hardware INT=0x20
   252: v=20 e=0000 i=0 cpl=0 IP=0038:000000007ee3ba01 pc=000000007ee3ba01 SP=0030:000000007ff023f8 env->regs[R_EAX]=0000000000000000
RAX=0000000000000000 RBX=0000000000000004 RCX=000000007ee5ca18 RDX=0000000000000000
RSI=00000000ffffffff RDI=000000007ff1ce70 RBP=000000007ff02470 RSP=000000007ff023f8
R8 =000000007ff1ce60 R9 =000000007ff02331 R10=0000000000000180 R11=000000007ff1d478
R12=000000007ee5ca60 R13=0000000000000100 R14=000000007ff24960 R15=000000007ff24a60
RIP=000000007ee3ba01 RFL=00000206 [-----P-] CPL=0 II=0 A20=1 SMM=0 HLT=0
ES =0030 0000000000000000 ffffffff 00cf9300 DPL=0 DS   [-WA]
CS =0038 0000000000000000 ffffffff 00af9a00 DPL=0 CS64 [-R-]
SS =0030 0000000000000000 ffffffff 00cf9300 DPL=0 DS   [-WA]
DS =0030 0000000000000000 ffffffff 00cf9300 DPL=0 DS   [-WA]
FS =0030 0000000000000000 ffffffff 00cf9300 DPL=0 DS   [-WA]
GS =0030 0000000000000000 ffffffff 00cf9300 DPL=0 DS   [-WA]
LDT=0000 0000000000000000 0000ffff 00008200 DPL=0 LDT
TR =0000 0000000000000000 0000ffff 00008b00 DPL=0 TSS64-busy
GDT=     000000007f5dc000 00000047
IDT=     000000007f268018 00000fff
CR0=80010033 CR2=0000000000000000 CR3=000000007f801000 CR4=00000668
DR0=0000000000000000 DR1=0000000000000000 DR2=0000000000000000 DR3=0000000000000000 
DR6=00000000ffff0ff0 DR7=0000000000000400
CCS=0000000000000004 CCD=000000007ff023f0 CCO=EFLAGS
EFER=0000000000000d00
Servicing hardware INT=0x20
   253: v=20 e=0000 i=0 cpl=0 IP=0038:000000007ee3ba01 pc=000000007ee3ba01 SP=0030:000000007ff023f8 env->regs[R_EAX]=0000000000000000
RAX=0000000000000000 RBX=0000000000000004 RCX=000000007ee5ca18 RDX=0000000000000000
RSI=00000000ffffffff RDI=000000007ff1ce70 RBP=000000007ff02470 RSP=000000007ff023f8
R8 =000000007ff1ce60 R9 =000000007ff02331 R10=0000000000000180 R11=000000007ff1d478
R12=000000007ee5ca60 R13=0000000000000100 R14=000000007ff24960 R15=000000007ff24a60
RIP=000000007ee3ba01 RFL=00000206 [-----P-] CPL=0 II=0 A20=1 SMM=0 HLT=0
ES =0030 0000000000000000 ffffffff 00cf9300 DPL=0 DS   [-WA]
CS =0038 0000000000000000 ffffffff 00af9a00 DPL=0 CS64 [-R-]
SS =0030 0000000000000000 ffffffff 00cf9300 DPL=0 DS   [-WA]
DS =0030 0000000000000000 ffffffff 00cf9300 DPL=0 DS   [-WA]
FS =0030 0000000000000000 ffffffff 00cf9300 DPL=0 DS   [-WA]
GS =0030 0000000000000000 ffffffff 00cf9300 DPL=0 DS   [-WA]
LDT=0000 0000000000000000 0000ffff 00008200 DPL=0 LDT
TR =0000 0000000000000000 0000ffff 00008b00 DPL=0 TSS64-busy
GDT=     000000007f5dc000 00000047
IDT=     000000007f268018 00000fff
CR0=80010033 CR2=0000000000000000 CR3=000000007f801000 CR4=00000668
DR0=0000000000000000 DR1=0000000000000000 DR2=0000000000000000 DR3=0000000000000000 
DR6=00000000ffff0ff0 DR7=0000000000000400
CCS=0000000000000004 CCD=000000007ff023f0 CCO=EFLAGS
EFER=0000000000000d00
Servicing hardware INT=0x20
   254: v=20 e=0000 i=0 cpl=0 IP=0038:000000007ee3ba01 pc=000000007ee3ba01 SP=0030:000000007ff023f8 env->regs[R_EAX]=0000000000000000
RAX=0000000000000000 RBX=0000000000000004 RCX=000000007ee5ca18 RDX=0000000000000000
RSI=00000000ffffffff RDI=000000007ff1ce70 RBP=000000007ff02470 RSP=000000007ff023f8
R8 =000000007ff1ce60 R9 =000000007ff02331 R10=0000000000000180 R11=000000007ff1d478
R12=000000007ee5ca60 R13=0000000000000100 R14=000000007ff24960 R15=000000007ff24a60
RIP=000000007ee3ba01 RFL=00000206 [-----P-] CPL=0 II=0 A20=1 SMM=0 HLT=0
ES =0030 0000000000000000 ffffffff 00cf9300 DPL=0 DS   [-WA]
CS =0038 0000000000000000 ffffffff 00af9a00 DPL=0 CS64 [-R-]
SS =0030 0000000000000000 ffffffff 00cf9300 DPL=0 DS   [-WA]
DS =0030 0000000000000000 ffffffff 00cf9300 DPL=0 DS   [-WA]
FS =0030 0000000000000000 ffffffff 00cf9300 DPL=0 DS   [-WA]
GS =0030 0000000000000000 ffffffff 00cf9300 DPL=0 DS   [-WA]
LDT=0000 0000000000000000 0000ffff 00008200 DPL=0 LDT
TR =0000 0000000000000000 0000ffff 00008b00 DPL=0 TSS64-busy
GDT=     000000007f5dc000 00000047
IDT=     000000007f268018 00000fff
CR0=80010033 CR2=0000000000000000 CR3=000000007f801000 CR4=00000668
DR0=0000000000000000 DR1=0000000000000000 DR2=0000000000000000 DR3=0000000000000000 
DR6=00000000ffff0ff0 DR7=0000000000000400
CCS=0000000000000004 CCD=000000007ff023f0 CCO=EFLAGS
EFER=0000000000000d00
Servicing hardware INT=0x20
   255: v=20 e=0000 i=0 cpl=0 IP=0038:000000007ee3ba01 pc=000000007ee3ba01 SP=0030:000000007ff023f8 env->regs[R_EAX]=0000000000000000
RAX=0000000000000000 RBX=0000000000000004 RCX=000000007ee5ca18 RDX=0000000000000000
RSI=00000000ffffffff RDI=000000007ff1ce70 RBP=000000007ff02470 RSP=000000007ff023f8
R8 =000000007ff1ce60 R9 =000000007ff02331 R10=0000000000000180 R11=000000007ff1d478
R12=000000007ee5ca60 R13=0000000000000100 R14=000000007ff24960 R15=000000007ff24a60
RIP=000000007ee3ba01 RFL=00000206 [-----P-] CPL=0 II=0 A20=1 SMM=0 HLT=0
ES =0030 0000000000000000 ffffffff 00cf9300 DPL=0 DS   [-WA]
CS =0038 0000000000000000 ffffffff 00af9a00 DPL=0 CS64 [-R-]
SS =0030 0000000000000000 ffffffff 00cf9300 DPL=0 DS   [-WA]
DS =0030 0000000000000000 ffffffff 00cf9300 DPL=0 DS   [-WA]
FS =0030 0000000000000000 ffffffff 00cf9300 DPL=0 DS   [-WA]
GS =0030 0000000000000000 ffffffff 00cf9300 DPL=0 DS   [-WA]
LDT=0000 0000000000000000 0000ffff 00008200 DPL=0 LDT
TR =0000 0000000000000000 0000ffff 00008b00 DPL=0 TSS64-busy
GDT=     000000007f5dc000 00000047
IDT=     000000007f268018 00000fff
CR0=80010033 CR2=0000000000000000 CR3=000000007f801000 CR4=00000668
DR0=0000000000000000 DR1=0000000000000000 DR2=0000000000000000 DR3=0000000000000000 
DR6=00000000ffff0ff0 DR7=0000000000000400
CCS=0000000000000004 CCD=000000007ff023f0 CCO=EFLAGS
EFER=0000000000000d00
Servicing hardware INT=0x20
   256: v=20 e=0000 i=0 cpl=0 IP=0038:000000007ee3ba01 pc=000000007ee3ba01 SP=0030:000000007ff023f8 env->regs[R_EAX]=0000000000000000
RAX=0000000000000000 RBX=0000000000000004 RCX=000000007ee5ca18 RDX=0000000000000000
RSI=00000000ffffffff RDI=000000007ff1ce70 RBP=000000007ff02470 RSP=000000007ff023f8
R8 =000000007ff1ce60 R9 =000000007ff02331 R10=0000000000000180 R11=000000007ff1d478
R12=000000007ee5ca60 R13=0000000000000100 R14=000000007ff24960 R15=000000007ff24a60
RIP=000000007ee3ba01 RFL=00000206 [-----P-] CPL=0 II=0 A20=1 SMM=0 HLT=0
ES =0030 0000000000000000 ffffffff 00cf9300 DPL=0 DS   [-WA]
CS =0038 0000000000000000 ffffffff 00af9a00 DPL=0 CS64 [-R-]
SS =0030 0000000000000000 ffffffff 00cf9300 DPL=0 DS   [-WA]
DS =0030 0000000000000000 ffffffff 00cf9300 DPL=0 DS   [-WA]
FS =0030 0000000000000000 ffffffff 00cf9300 DPL=0 DS   [-WA]
GS =0030 0000000000000000 ffffffff 00cf9300 DPL=0 DS   [-WA]
LDT=0000 0000000000000000 0000ffff 00008200 DPL=0 LDT
TR =0000 0000000000000000 0000ffff 00008b00 DPL=0 TSS64-busy
GDT=     000000007f5dc000 00000047
IDT=     000000007f268018 00000fff
CR0=80010033 CR2=0000000000000000 CR3=000000007f801000 CR4=00000668
DR0=0000000000000000 DR1=0000000000000000 DR2=0000000000000000 DR3=0000000000000000 
DR6=00000000ffff0ff0 DR7=0000000000000400
CCS=0000000000000004 CCD=000000007ff023f0 CCO=EFLAGS
EFER=0000000000000d00
Servicing hardware INT=0x20
   257: v=20 e=0000 i=0 cpl=0 IP=0038:000000007ee3ba01 pc=000000007ee3ba01 SP=0030:000000007ff023f8 env->regs[R_EAX]=0000000000000000
RAX=0000000000000000 RBX=0000000000000004 RCX=000000007ee5ca18 RDX=0000000000000000
RSI=00000000ffffffff RDI=000000007ff1ce70 RBP=000000007ff02470 RSP=000000007ff023f8
R8 =000000007ff1ce60 R9 =000000007ff02331 R10=0000000000000180 R11=000000007ff1d478
R12=000000007ee5ca60 R13=0000000000000100 R14=000000007ff24960 R15=000000007ff24a60
RIP=000000007ee3ba01 RFL=00000206 [-----P-] CPL=0 II=0 A20=1 SMM=0 HLT=0
ES =0030 0000000000000000 ffffffff 00cf9300 DPL=0 DS   [-WA]
CS =0038 0000000000000000 ffffffff 00af9a00 DPL=0 CS64 [-R-]
SS =0030 0000000000000000 ffffffff 00cf9300 DPL=0 DS   [-WA]
DS =0030 0000000000000000 ffffffff 00cf9300 DPL=0 DS   [-WA]
FS =0030 0000000000000000 ffffffff 00cf9300 DPL=0 DS   [-WA]
GS =0030 0000000000000000 ffffffff 00cf9300 DPL=0 DS   [-WA]
LDT=0000 0000000000000000 0000ffff 00008200 DPL=0 LDT
TR =0000 0000000000000000 0000ffff 00008b00 DPL=0 TSS64-busy
GDT=     000000007f5dc000 00000047
IDT=     000000007f268018 00000fff
CR0=80010033 CR2=0000000000000000 CR3=000000007f801000 CR4=00000668
DR0=0000000000000000 DR1=0000000000000000 DR2=0000000000000000 DR3=0000000000000000 
DR6=00000000ffff0ff0 DR7=0000000000000400
CCS=0000000000000004 CCD=000000007ff023f0 CCO=EFLAGS
EFER=0000000000000d00
Servicing hardware INT=0x20
   258: v=20 e=0000 i=0 cpl=0 IP=0038:000000007ee3ba01 pc=000000007ee3ba01 SP=0030:000000007ff023f8 env->regs[R_EAX]=0000000000000000
RAX=0000000000000000 RBX=0000000000000004 RCX=000000007ee5ca18 RDX=0000000000000000
RSI=00000000ffffffff RDI=000000007ff1ce70 RBP=000000007ff02470 RSP=000000007ff023f8
R8 =000000007ff1ce60 R9 =000000007ff02331 R10=0000000000000180 R11=000000007ff1d478
R12=000000007ee5ca60 R13=0000000000000100 R14=000000007ff24960 R15=000000007ff24a60
RIP=000000007ee3ba01 RFL=00000206 [-----P-] CPL=0 II=0 A20=1 SMM=0 HLT=0
ES =0030 0000000000000000 ffffffff 00cf9300 DPL=0 DS   [-WA]
CS =0038 0000000000000000 ffffffff 00af9a00 DPL=0 CS64 [-R-]
SS =0030 0000000000000000 ffffffff 00cf9300 DPL=0 DS   [-WA]
DS =0030 0000000000000000 ffffffff 00cf9300 DPL=0 DS   [-WA]
FS =0030 0000000000000000 ffffffff 00cf9300 DPL=0 DS   [-WA]
GS =0030 0000000000000000 ffffffff 00cf9300 DPL=0 DS   [-WA]
LDT=0000 0000000000000000 0000ffff 00008200 DPL=0 LDT
TR =0000 0000000000000000 0000ffff 00008b00 DPL=0 TSS64-busy
GDT=     000000007f5dc000 00000047
IDT=     000000007f268018 00000fff
CR0=80010033 CR2=0000000000000000 CR3=000000007f801000 CR4=00000668
DR0=0000000000000000 DR1=0000000000000000 DR2=0000000000000000 DR3=0000000000000000 
DR6=00000000ffff0ff0 DR7=0000000000000400
CCS=0000000000000004 CCD=000000007ff023f0 CCO=EFLAGS
EFER=0000000000000d00
Servicing hardware INT=0x20
   259: v=20 e=0000 i=0 cpl=0 IP=0038:000000007ee3ba01 pc=000000007ee3ba01 SP=0030:000000007ff023f8 env->regs[R_EAX]=0000000000000000
RAX=0000000000000000 RBX=0000000000000004 RCX=000000007ee5ca18 RDX=0000000000000000
RSI=00000000ffffffff RDI=000000007ff1ce70 RBP=000000007ff02470 RSP=000000007ff023f8
R8 =000000007ff1ce60 R9 =000000007ff02331 R10=0000000000000180 R11=000000007ff1d478
R12=000000007ee5ca60 R13=0000000000000100 R14=000000007ff24960 R15=000000007ff24a60
RIP=000000007ee3ba01 RFL=00000206 [-----P-] CPL=0 II=0 A20=1 SMM=0 HLT=0
ES =0030 0000000000000000 ffffffff 00cf9300 DPL=0 DS   [-WA]
CS =0038 0000000000000000 ffffffff 00af9a00 DPL=0 CS64 [-R-]
SS =0030 0000000000000000 ffffffff 00cf9300 DPL=0 DS   [-WA]
DS =0030 0000000000000000 ffffffff 00cf9300 DPL=0 DS   [-WA]
FS =0030 0000000000000000 ffffffff 00cf9300 DPL=0 DS   [-WA]
GS =0030 0000000000000000 ffffffff 00cf9300 DPL=0 DS   [-WA]
LDT=0000 0000000000000000 0000ffff 00008200 DPL=0 LDT
TR =0000 0000000000000000 0000ffff 00008b00 DPL=0 TSS64-busy
GDT=     000000007f5dc000 00000047
IDT=     000000007f268018 00000fff
CR0=80010033 CR2=0000000000000000 CR3=000000007f801000 CR4=00000668
DR0=0000000000000000 DR1=0000000000000000 DR2=0000000000000000 DR3=0000000000000000 
DR6=00000000ffff0ff0 DR7=0000000000000400
CCS=0000000000000004 CCD=000000007ff023f0 CCO=EFLAGS
EFER=0000000000000d00
Servicing hardware INT=0x20
   260: v=20 e=0000 i=0 cpl=0 IP=0038:000000007ee3ba01 pc=000000007ee3ba01 SP=0030:000000007ff023f8 env->regs[R_EAX]=0000000000000000
RAX=0000000000000000 RBX=0000000000000004 RCX=000000007ee5ca18 RDX=0000000000000000
RSI=00000000ffffffff RDI=000000007ff1ce70 RBP=000000007ff02470 RSP=000000007ff023f8
R8 =000000007ff1ce60 R9 =000000007ff02331 R10=0000000000000180 R11=000000007ff1d478
R12=000000007ee5ca60 R13=0000000000000100 R14=000000007ff24960 R15=000000007ff24a60
RIP=000000007ee3ba01 RFL=00000206 [-----P-] CPL=0 II=0 A20=1 SMM=0 HLT=0
ES =0030 0000000000000000 ffffffff 00cf9300 DPL=0 DS   [-WA]
CS =0038 0000000000000000 ffffffff 00af9a00 DPL=0 CS64 [-R-]
SS =0030 0000000000000000 ffffffff 00cf9300 DPL=0 DS   [-WA]
DS =0030 0000000000000000 ffffffff 00cf9300 DPL=0 DS   [-WA]
FS =0030 0000000000000000 ffffffff 00cf9300 DPL=0 DS   [-WA]
GS =0030 0000000000000000 ffffffff 00cf9300 DPL=0 DS   [-WA]
LDT=0000 0000000000000000 0000ffff 00008200 DPL=0 LDT
TR =0000 0000000000000000 0000ffff 00008b00 DPL=0 TSS64-busy
GDT=     000000007f5dc000 00000047
IDT=     000000007f268018 00000fff
CR0=80010033 CR2=0000000000000000 CR3=000000007f801000 CR4=00000668
DR0=0000000000000000 DR1=0000000000000000 DR2=0000000000000000 DR3=0000000000000000 
DR6=00000000ffff0ff0 DR7=0000000000000400
CCS=0000000000000004 CCD=000000007ff023f0 CCO=EFLAGS
EFER=0000000000000d00
Servicing hardware INT=0x20
   261: v=20 e=0000 i=0 cpl=0 IP=0038:000000007ee3ba01 pc=000000007ee3ba01 SP=0030:000000007ff023f8 env->regs[R_EAX]=0000000000000000
RAX=0000000000000000 RBX=0000000000000004 RCX=000000007ee5ca18 RDX=0000000000000000
RSI=00000000ffffffff RDI=000000007ff1ce70 RBP=000000007ff02470 RSP=000000007ff023f8
R8 =000000007ff1ce60 R9 =000000007ff02331 R10=0000000000000180 R11=000000007ff1d478
R12=000000007ee5ca60 R13=0000000000000100 R14=000000007ff24960 R15=000000007ff24a60
RIP=000000007ee3ba01 RFL=00000206 [-----P-] CPL=0 II=0 A20=1 SMM=0 HLT=0
ES =0030 0000000000000000 ffffffff 00cf9300 DPL=0 DS   [-WA]
CS =0038 0000000000000000 ffffffff 00af9a00 DPL=0 CS64 [-R-]
SS =0030 0000000000000000 ffffffff 00cf9300 DPL=0 DS   [-WA]
DS =0030 0000000000000000 ffffffff 00cf9300 DPL=0 DS   [-WA]
FS =0030 0000000000000000 ffffffff 00cf9300 DPL=0 DS   [-WA]
GS =0030 0000000000000000 ffffffff 00cf9300 DPL=0 DS   [-WA]
LDT=0000 0000000000000000 0000ffff 00008200 DPL=0 LDT
TR =0000 0000000000000000 0000ffff 00008b00 DPL=0 TSS64-busy
GDT=     000000007f5dc000 00000047
IDT=     000000007f268018 00000fff
CR0=80010033 CR2=0000000000000000 CR3=000000007f801000 CR4=00000668
DR0=0000000000000000 DR1=0000000000000000 DR2=0000000000000000 DR3=0000000000000000 
DR6=00000000ffff0ff0 DR7=0000000000000400
CCS=0000000000000004 CCD=000000007ff023f0 CCO=EFLAGS
EFER=0000000000000d00
Servicing hardware INT=0x20
   262: v=20 e=0000 i=0 cpl=0 IP=0038:000000007ee3ba01 pc=000000007ee3ba01 SP=0030:000000007ff023f8 env->regs[R_EAX]=0000000000000000
RAX=0000000000000000 RBX=0000000000000004 RCX=000000007ee5ca18 RDX=0000000000000000
RSI=00000000ffffffff RDI=000000007ff1ce70 RBP=000000007ff02470 RSP=000000007ff023f8
R8 =000000007ff1ce60 R9 =000000007ff02331 R10=0000000000000180 R11=000000007ff1d478
R12=000000007ee5ca60 R13=0000000000000100 R14=000000007ff24960 R15=000000007ff24a60
RIP=000000007ee3ba01 RFL=00000206 [-----P-] CPL=0 II=0 A20=1 SMM=0 HLT=0
ES =0030 0000000000000000 ffffffff 00cf9300 DPL=0 DS   [-WA]
CS =0038 0000000000000000 ffffffff 00af9a00 DPL=0 CS64 [-R-]
SS =0030 0000000000000000 ffffffff 00cf9300 DPL=0 DS   [-WA]
DS =0030 0000000000000000 ffffffff 00cf9300 DPL=0 DS   [-WA]
FS =0030 0000000000000000 ffffffff 00cf9300 DPL=0 DS   [-WA]
GS =0030 0000000000000000 ffffffff 00cf9300 DPL=0 DS   [-WA]
LDT=0000 0000000000000000 0000ffff 00008200 DPL=0 LDT
TR =0000 0000000000000000 0000ffff 00008b00 DPL=0 TSS64-busy
GDT=     000000007f5dc000 00000047
IDT=     000000007f268018 00000fff
CR0=80010033 CR2=0000000000000000 CR3=000000007f801000 CR4=00000668
DR0=0000000000000000 DR1=0000000000000000 DR2=0000000000000000 DR3=0000000000000000 
DR6=00000000ffff0ff0 DR7=0000000000000400
CCS=0000000000000004 CCD=000000007ff023f0 CCO=EFLAGS
EFER=0000000000000d00
Servicing hardware INT=0x20
   263: v=20 e=0000 i=0 cpl=0 IP=0038:000000007ee3ba01 pc=000000007ee3ba01 SP=0030:000000007ff023f8 env->regs[R_EAX]=0000000000000000
RAX=0000000000000000 RBX=0000000000000004 RCX=000000007ee5ca18 RDX=0000000000000000
RSI=00000000ffffffff RDI=000000007ff1ce70 RBP=000000007ff02470 RSP=000000007ff023f8
R8 =000000007ff1ce60 R9 =000000007ff02331 R10=0000000000000180 R11=000000007ff1d478
R12=000000007ee5ca60 R13=0000000000000100 R14=000000007ff24960 R15=000000007ff24a60
RIP=000000007ee3ba01 RFL=00000206 [-----P-] CPL=0 II=0 A20=1 SMM=0 HLT=0
ES =0030 0000000000000000 ffffffff 00cf9300 DPL=0 DS   [-WA]
CS =0038 0000000000000000 ffffffff 00af9a00 DPL=0 CS64 [-R-]
SS =0030 0000000000000000 ffffffff 00cf9300 DPL=0 DS   [-WA]
DS =0030 0000000000000000 ffffffff 00cf9300 DPL=0 DS   [-WA]
FS =0030 0000000000000000 ffffffff 00cf9300 DPL=0 DS   [-WA]
GS =0030 0000000000000000 ffffffff 00cf9300 DPL=0 DS   [-WA]
LDT=0000 0000000000000000 0000ffff 00008200 DPL=0 LDT
TR =0000 0000000000000000 0000ffff 00008b00 DPL=0 TSS64-busy
GDT=     000000007f5dc000 00000047
IDT=     000000007f268018 00000fff
CR0=80010033 CR2=0000000000000000 CR3=000000007f801000 CR4=00000668
DR0=0000000000000000 DR1=0000000000000000 DR2=0000000000000000 DR3=0000000000000000 
DR6=00000000ffff0ff0 DR7=0000000000000400
CCS=0000000000000004 CCD=000000007ff023f0 CCO=EFLAGS
EFER=0000000000000d00
Servicing hardware INT=0x20
   264: v=20 e=0000 i=0 cpl=0 IP=0038:000000007ee3ba01 pc=000000007ee3ba01 SP=0030:000000007ff023f8 env->regs[R_EAX]=0000000000000000
RAX=0000000000000000 RBX=0000000000000004 RCX=000000007ee5ca18 RDX=0000000000000000
RSI=00000000ffffffff RDI=000000007ff1ce70 RBP=000000007ff02470 RSP=000000007ff023f8
R8 =000000007ff1ce60 R9 =000000007ff02331 R10=0000000000000180 R11=000000007ff1d478
R12=000000007ee5ca60 R13=0000000000000100 R14=000000007ff24960 R15=000000007ff24a60
RIP=000000007ee3ba01 RFL=00000206 [-----P-] CPL=0 II=0 A20=1 SMM=0 HLT=0
ES =0030 0000000000000000 ffffffff 00cf9300 DPL=0 DS   [-WA]
CS =0038 0000000000000000 ffffffff 00af9a00 DPL=0 CS64 [-R-]
SS =0030 0000000000000000 ffffffff 00cf9300 DPL=0 DS   [-WA]
DS =0030 0000000000000000 ffffffff 00cf9300 DPL=0 DS   [-WA]
FS =0030 0000000000000000 ffffffff 00cf9300 DPL=0 DS   [-WA]
GS =0030 0000000000000000 ffffffff 00cf9300 DPL=0 DS   [-WA]
LDT=0000 0000000000000000 0000ffff 00008200 DPL=0 LDT
TR =0000 0000000000000000 0000ffff 00008b00 DPL=0 TSS64-busy
GDT=     000000007f5dc000 00000047
IDT=     000000007f268018 00000fff
CR0=80010033 CR2=0000000000000000 CR3=000000007f801000 CR4=00000668
DR0=0000000000000000 DR1=0000000000000000 DR2=0000000000000000 DR3=0000000000000000 
DR6=00000000ffff0ff0 DR7=0000000000000400
CCS=0000000000000004 CCD=000000007ff023f0 CCO=EFLAGS
EFER=0000000000000d00
Servicing hardware INT=0x20
   265: v=20 e=0000 i=0 cpl=0 IP=0038:000000007ee3ba01 pc=000000007ee3ba01 SP=0030:000000007ff023f8 env->regs[R_EAX]=0000000000000000
RAX=0000000000000000 RBX=0000000000000004 RCX=000000007ee5ca18 RDX=0000000000000000
RSI=00000000ffffffff RDI=000000007ff1ce70 RBP=000000007ff02470 RSP=000000007ff023f8
R8 =000000007ff1ce60 R9 =000000007ff02331 R10=0000000000000180 R11=000000007ff1d478
R12=000000007ee5ca60 R13=0000000000000100 R14=000000007ff24960 R15=000000007ff24a60
RIP=000000007ee3ba01 RFL=00000206 [-----P-] CPL=0 II=0 A20=1 SMM=0 HLT=0
ES =0030 0000000000000000 ffffffff 00cf9300 DPL=0 DS   [-WA]
CS =0038 0000000000000000 ffffffff 00af9a00 DPL=0 CS64 [-R-]
SS =0030 0000000000000000 ffffffff 00cf9300 DPL=0 DS   [-WA]
DS =0030 0000000000000000 ffffffff 00cf9300 DPL=0 DS   [-WA]
FS =0030 0000000000000000 ffffffff 00cf9300 DPL=0 DS   [-WA]
GS =0030 0000000000000000 ffffffff 00cf9300 DPL=0 DS   [-WA]
LDT=0000 0000000000000000 0000ffff 00008200 DPL=0 LDT
TR =0000 0000000000000000 0000ffff 00008b00 DPL=0 TSS64-busy
GDT=     000000007f5dc000 00000047
IDT=     000000007f268018 00000fff
CR0=80010033 CR2=0000000000000000 CR3=000000007f801000 CR4=00000668
DR0=0000000000000000 DR1=0000000000000000 DR2=0000000000000000 DR3=0000000000000000 
DR6=00000000ffff0ff0 DR7=0000000000000400
CCS=0000000000000004 CCD=000000007ff023f0 CCO=EFLAGS
EFER=0000000000000d00
Servicing hardware INT=0x20
   266: v=20 e=0000 i=0 cpl=0 IP=0038:000000007ee3ba01 pc=000000007ee3ba01 SP=0030:000000007ff023f8 env->regs[R_EAX]=0000000000000000
RAX=0000000000000000 RBX=0000000000000004 RCX=000000007ee5ca18 RDX=0000000000000000
RSI=00000000ffffffff RDI=000000007ff1ce70 RBP=000000007ff02470 RSP=000000007ff023f8
R8 =000000007ff1ce60 R9 =000000007ff02331 R10=0000000000000180 R11=000000007ff1d478
R12=000000007ee5ca60 R13=0000000000000100 R14=000000007ff24960 R15=000000007ff24a60
RIP=000000007ee3ba01 RFL=00000206 [-----P-] CPL=0 II=0 A20=1 SMM=0 HLT=0
ES =0030 0000000000000000 ffffffff 00cf9300 DPL=0 DS   [-WA]
CS =0038 0000000000000000 ffffffff 00af9a00 DPL=0 CS64 [-R-]
SS =0030 0000000000000000 ffffffff 00cf9300 DPL=0 DS   [-WA]
DS =0030 0000000000000000 ffffffff 00cf9300 DPL=0 DS   [-WA]
FS =0030 0000000000000000 ffffffff 00cf9300 DPL=0 DS   [-WA]
GS =0030 0000000000000000 ffffffff 00cf9300 DPL=0 DS   [-WA]
LDT=0000 0000000000000000 0000ffff 00008200 DPL=0 LDT
TR =0000 0000000000000000 0000ffff 00008b00 DPL=0 TSS64-busy
GDT=     000000007f5dc000 00000047
IDT=     000000007f268018 00000fff
CR0=80010033 CR2=0000000000000000 CR3=000000007f801000 CR4=00000668
DR0=0000000000000000 DR1=0000000000000000 DR2=0000000000000000 DR3=0000000000000000 
DR6=00000000ffff0ff0 DR7=0000000000000400
CCS=0000000000000004 CCD=000000007ff023f0 CCO=EFLAGS
EFER=0000000000000d00
Servicing hardware INT=0x20
   267: v=20 e=0000 i=0 cpl=0 IP=0038:000000007ee3ba01 pc=000000007ee3ba01 SP=0030:000000007ff023f8 env->regs[R_EAX]=0000000000000000
RAX=0000000000000000 RBX=0000000000000004 RCX=000000007ee5ca18 RDX=0000000000000000
RSI=00000000ffffffff RDI=000000007ff1ce70 RBP=000000007ff02470 RSP=000000007ff023f8
R8 =000000007ff1ce60 R9 =000000007ff02331 R10=0000000000000180 R11=000000007ff1d478
R12=000000007ee5ca60 R13=0000000000000100 R14=000000007ff24960 R15=000000007ff24a60
RIP=000000007ee3ba01 RFL=00000206 [-----P-] CPL=0 II=0 A20=1 SMM=0 HLT=0
ES =0030 0000000000000000 ffffffff 00cf9300 DPL=0 DS   [-WA]
CS =0038 0000000000000000 ffffffff 00af9a00 DPL=0 CS64 [-R-]
SS =0030 0000000000000000 ffffffff 00cf9300 DPL=0 DS   [-WA]
DS =0030 0000000000000000 ffffffff 00cf9300 DPL=0 DS   [-WA]
FS =0030 0000000000000000 ffffffff 00cf9300 DPL=0 DS   [-WA]
GS =0030 0000000000000000 ffffffff 00cf9300 DPL=0 DS   [-WA]
LDT=0000 0000000000000000 0000ffff 00008200 DPL=0 LDT
TR =0000 0000000000000000 0000ffff 00008b00 DPL=0 TSS64-busy
GDT=     000000007f5dc000 00000047
IDT=     000000007f268018 00000fff
CR0=80010033 CR2=0000000000000000 CR3=000000007f801000 CR4=00000668
DR0=0000000000000000 DR1=0000000000000000 DR2=0000000000000000 DR3=0000000000000000 
DR6=00000000ffff0ff0 DR7=0000000000000400
CCS=0000000000000004 CCD=000000007ff023f0 CCO=EFLAGS
EFER=0000000000000d00
Servicing hardware INT=0x20
   268: v=20 e=0000 i=0 cpl=0 IP=0038:000000007ee3ba01 pc=000000007ee3ba01 SP=0030:000000007ff023f8 env->regs[R_EAX]=0000000000000000
RAX=0000000000000000 RBX=0000000000000004 RCX=000000007ee5ca18 RDX=0000000000000000
RSI=00000000ffffffff RDI=000000007ff1ce70 RBP=000000007ff02470 RSP=000000007ff023f8
R8 =000000007ff1ce60 R9 =000000007ff02331 R10=0000000000000180 R11=000000007ff1d478
R12=000000007ee5ca60 R13=0000000000000100 R14=000000007ff24960 R15=000000007ff24a60
RIP=000000007ee3ba01 RFL=00000206 [-----P-] CPL=0 II=0 A20=1 SMM=0 HLT=0
ES =0030 0000000000000000 ffffffff 00cf9300 DPL=0 DS   [-WA]
CS =0038 0000000000000000 ffffffff 00af9a00 DPL=0 CS64 [-R-]
SS =0030 0000000000000000 ffffffff 00cf9300 DPL=0 DS   [-WA]
DS =0030 0000000000000000 ffffffff 00cf9300 DPL=0 DS   [-WA]
FS =0030 0000000000000000 ffffffff 00cf9300 DPL=0 DS   [-WA]
GS =0030 0000000000000000 ffffffff 00cf9300 DPL=0 DS   [-WA]
LDT=0000 0000000000000000 0000ffff 00008200 DPL=0 LDT
TR =0000 0000000000000000 0000ffff 00008b00 DPL=0 TSS64-busy
GDT=     000000007f5dc000 00000047
IDT=     000000007f268018 00000fff
CR0=80010033 CR2=0000000000000000 CR3=000000007f801000 CR4=00000668
DR0=0000000000000000 DR1=0000000000000000 DR2=0000000000000000 DR3=0000000000000000 
DR6=00000000ffff0ff0 DR7=0000000000000400
CCS=0000000000000004 CCD=000000007ff023f0 CCO=EFLAGS
EFER=0000000000000d00
Servicing hardware INT=0x20
   269: v=20 e=0000 i=0 cpl=0 IP=0038:000000007ee3ba01 pc=000000007ee3ba01 SP=0030:000000007ff023f8 env->regs[R_EAX]=0000000000000000
RAX=0000000000000000 RBX=0000000000000004 RCX=000000007ee5ca18 RDX=0000000000000000
RSI=00000000ffffffff RDI=000000007ff1ce70 RBP=000000007ff02470 RSP=000000007ff023f8
R8 =000000007ff1ce60 R9 =000000007ff02331 R10=0000000000000180 R11=000000007ff1d478
R12=000000007ee5ca60 R13=0000000000000100 R14=000000007ff24960 R15=000000007ff24a60
RIP=000000007ee3ba01 RFL=00000206 [-----P-] CPL=0 II=0 A20=1 SMM=0 HLT=0
ES =0030 0000000000000000 ffffffff 00cf9300 DPL=0 DS   [-WA]
CS =0038 0000000000000000 ffffffff 00af9a00 DPL=0 CS64 [-R-]
SS =0030 0000000000000000 ffffffff 00cf9300 DPL=0 DS   [-WA]
DS =0030 0000000000000000 ffffffff 00cf9300 DPL=0 DS   [-WA]
FS =0030 0000000000000000 ffffffff 00cf9300 DPL=0 DS   [-WA]
GS =0030 0000000000000000 ffffffff 00cf9300 DPL=0 DS   [-WA]
LDT=0000 0000000000000000 0000ffff 00008200 DPL=0 LDT
TR =0000 0000000000000000 0000ffff 00008b00 DPL=0 TSS64-busy
GDT=     000000007f5dc000 00000047
IDT=     000000007f268018 00000fff
CR0=80010033 CR2=0000000000000000 CR3=000000007f801000 CR4=00000668
DR0=0000000000000000 DR1=0000000000000000 DR2=0000000000000000 DR3=0000000000000000 
DR6=00000000ffff0ff0 DR7=0000000000000400
CCS=0000000000000004 CCD=000000007ff023f0 CCO=EFLAGS
EFER=0000000000000d00
Servicing hardware INT=0x20
   270: v=20 e=0000 i=0 cpl=0 IP=0038:000000007ee3ba01 pc=000000007ee3ba01 SP=0030:000000007ff023f8 env->regs[R_EAX]=0000000000000000
RAX=0000000000000000 RBX=0000000000000004 RCX=000000007ee5ca18 RDX=0000000000000000
RSI=00000000ffffffff RDI=000000007ff1ce70 RBP=000000007ff02470 RSP=000000007ff023f8
R8 =000000007ff1ce60 R9 =000000007ff02331 R10=0000000000000180 R11=000000007ff1d478
R12=000000007ee5ca60 R13=0000000000000100 R14=000000007ff24960 R15=000000007ff24a60
RIP=000000007ee3ba01 RFL=00000206 [-----P-] CPL=0 II=0 A20=1 SMM=0 HLT=0
ES =0030 0000000000000000 ffffffff 00cf9300 DPL=0 DS   [-WA]
CS =0038 0000000000000000 ffffffff 00af9a00 DPL=0 CS64 [-R-]
SS =0030 0000000000000000 ffffffff 00cf9300 DPL=0 DS   [-WA]
DS =0030 0000000000000000 ffffffff 00cf9300 DPL=0 DS   [-WA]
FS =0030 0000000000000000 ffffffff 00cf9300 DPL=0 DS   [-WA]
GS =0030 0000000000000000 ffffffff 00cf9300 DPL=0 DS   [-WA]
LDT=0000 0000000000000000 0000ffff 00008200 DPL=0 LDT
TR =0000 0000000000000000 0000ffff 00008b00 DPL=0 TSS64-busy
GDT=     000000007f5dc000 00000047
IDT=     000000007f268018 00000fff
CR0=80010033 CR2=0000000000000000 CR3=000000007f801000 CR4=00000668
DR0=0000000000000000 DR1=0000000000000000 DR2=0000000000000000 DR3=0000000000000000 
DR6=00000000ffff0ff0 DR7=0000000000000400
CCS=0000000000000004 CCD=000000007ff023f0 CCO=EFLAGS
EFER=0000000000000d00
Servicing hardware INT=0x20
   271: v=20 e=0000 i=0 cpl=0 IP=0038:000000007ee3ba01 pc=000000007ee3ba01 SP=0030:000000007ff023f8 env->regs[R_EAX]=0000000000000000
RAX=0000000000000000 RBX=0000000000000004 RCX=000000007ee5ca18 RDX=0000000000000000
RSI=00000000ffffffff RDI=000000007ff1ce70 RBP=000000007ff02470 RSP=000000007ff023f8
R8 =000000007ff1ce60 R9 =000000007ff02331 R10=0000000000000180 R11=000000007ff1d478
R12=000000007ee5ca60 R13=0000000000000100 R14=000000007ff24960 R15=000000007ff24a60
RIP=000000007ee3ba01 RFL=00000206 [-----P-] CPL=0 II=0 A20=1 SMM=0 HLT=0
ES =0030 0000000000000000 ffffffff 00cf9300 DPL=0 DS   [-WA]
CS =0038 0000000000000000 ffffffff 00af9a00 DPL=0 CS64 [-R-]
SS =0030 0000000000000000 ffffffff 00cf9300 DPL=0 DS   [-WA]
DS =0030 0000000000000000 ffffffff 00cf9300 DPL=0 DS   [-WA]
FS =0030 0000000000000000 ffffffff 00cf9300 DPL=0 DS   [-WA]
GS =0030 0000000000000000 ffffffff 00cf9300 DPL=0 DS   [-WA]
LDT=0000 0000000000000000 0000ffff 00008200 DPL=0 LDT
TR =0000 0000000000000000 0000ffff 00008b00 DPL=0 TSS64-busy
GDT=     000000007f5dc000 00000047
IDT=     000000007f268018 00000fff
CR0=80010033 CR2=0000000000000000 CR3=000000007f801000 CR4=00000668
DR0=0000000000000000 DR1=0000000000000000 DR2=0000000000000000 DR3=0000000000000000 
DR6=00000000ffff0ff0 DR7=0000000000000400
CCS=0000000000000004 CCD=000000007ff023f0 CCO=EFLAGS
EFER=0000000000000d00
Servicing hardware INT=0x20
   272: v=20 e=0000 i=0 cpl=0 IP=0038:000000007ee3ba01 pc=000000007ee3ba01 SP=0030:000000007ff023f8 env->regs[R_EAX]=0000000000000000
RAX=0000000000000000 RBX=0000000000000004 RCX=000000007ee5ca18 RDX=0000000000000000
RSI=00000000ffffffff RDI=000000007ff1ce70 RBP=000000007ff02470 RSP=000000007ff023f8
R8 =000000007ff1ce60 R9 =000000007ff02331 R10=0000000000000180 R11=000000007ff1d478
R12=000000007ee5ca60 R13=0000000000000100 R14=000000007ff24960 R15=000000007ff24a60
RIP=000000007ee3ba01 RFL=00000206 [-----P-] CPL=0 II=0 A20=1 SMM=0 HLT=0
ES =0030 0000000000000000 ffffffff 00cf9300 DPL=0 DS   [-WA]
CS =0038 0000000000000000 ffffffff 00af9a00 DPL=0 CS64 [-R-]
SS =0030 0000000000000000 ffffffff 00cf9300 DPL=0 DS   [-WA]
DS =0030 0000000000000000 ffffffff 00cf9300 DPL=0 DS   [-WA]
FS =0030 0000000000000000 ffffffff 00cf9300 DPL=0 DS   [-WA]
GS =0030 0000000000000000 ffffffff 00cf9300 DPL=0 DS   [-WA]
LDT=0000 0000000000000000 0000ffff 00008200 DPL=0 LDT
TR =0000 0000000000000000 0000ffff 00008b00 DPL=0 TSS64-busy
GDT=     000000007f5dc000 00000047
IDT=     000000007f268018 00000fff
CR0=80010033 CR2=0000000000000000 CR3=000000007f801000 CR4=00000668
DR0=0000000000000000 DR1=0000000000000000 DR2=0000000000000000 DR3=0000000000000000 
DR6=00000000ffff0ff0 DR7=0000000000000400
CCS=0000000000000004 CCD=000000007ff023f0 CCO=EFLAGS
EFER=0000000000000d00
Servicing hardware INT=0x20
   273: v=20 e=0000 i=0 cpl=0 IP=0038:000000007ee3ba01 pc=000000007ee3ba01 SP=0030:000000007ff023f8 env->regs[R_EAX]=0000000000000000
RAX=0000000000000000 RBX=0000000000000004 RCX=000000007ee5ca18 RDX=0000000000000000
RSI=00000000ffffffff RDI=000000007ff1ce70 RBP=000000007ff02470 RSP=000000007ff023f8
R8 =000000007ff1ce60 R9 =000000007ff02331 R10=0000000000000180 R11=000000007ff1d478
R12=000000007ee5ca60 R13=0000000000000100 R14=000000007ff24960 R15=000000007ff24a60
RIP=000000007ee3ba01 RFL=00000206 [-----P-] CPL=0 II=0 A20=1 SMM=0 HLT=0
ES =0030 0000000000000000 ffffffff 00cf9300 DPL=0 DS   [-WA]
CS =0038 0000000000000000 ffffffff 00af9a00 DPL=0 CS64 [-R-]
SS =0030 0000000000000000 ffffffff 00cf9300 DPL=0 DS   [-WA]
DS =0030 0000000000000000 ffffffff 00cf9300 DPL=0 DS   [-WA]
FS =0030 0000000000000000 ffffffff 00cf9300 DPL=0 DS   [-WA]
GS =0030 0000000000000000 ffffffff 00cf9300 DPL=0 DS   [-WA]
LDT=0000 0000000000000000 0000ffff 00008200 DPL=0 LDT
TR =0000 0000000000000000 0000ffff 00008b00 DPL=0 TSS64-busy
GDT=     000000007f5dc000 00000047
IDT=     000000007f268018 00000fff
CR0=80010033 CR2=0000000000000000 CR3=000000007f801000 CR4=00000668
DR0=0000000000000000 DR1=0000000000000000 DR2=0000000000000000 DR3=0000000000000000 
DR6=00000000ffff0ff0 DR7=0000000000000400
CCS=0000000000000004 CCD=000000007ff023f0 CCO=EFLAGS
EFER=0000000000000d00
Servicing hardware INT=0x20
   274: v=20 e=0000 i=0 cpl=0 IP=0038:000000007ee3ba01 pc=000000007ee3ba01 SP=0030:000000007ff023f8 env->regs[R_EAX]=0000000000000000
RAX=0000000000000000 RBX=0000000000000004 RCX=000000007ee5ca18 RDX=0000000000000000
RSI=00000000ffffffff RDI=000000007ff1ce70 RBP=000000007ff02470 RSP=000000007ff023f8
R8 =000000007ff1ce60 R9 =000000007ff02331 R10=0000000000000180 R11=000000007ff1d478
R12=000000007ee5ca60 R13=0000000000000100 R14=000000007ff24960 R15=000000007ff24a60
RIP=000000007ee3ba01 RFL=00000206 [-----P-] CPL=0 II=0 A20=1 SMM=0 HLT=0
ES =0030 0000000000000000 ffffffff 00cf9300 DPL=0 DS   [-WA]
CS =0038 0000000000000000 ffffffff 00af9a00 DPL=0 CS64 [-R-]
SS =0030 0000000000000000 ffffffff 00cf9300 DPL=0 DS   [-WA]
DS =0030 0000000000000000 ffffffff 00cf9300 DPL=0 DS   [-WA]
FS =0030 0000000000000000 ffffffff 00cf9300 DPL=0 DS   [-WA]
GS =0030 0000000000000000 ffffffff 00cf9300 DPL=0 DS   [-WA]
LDT=0000 0000000000000000 0000ffff 00008200 DPL=0 LDT
TR =0000 0000000000000000 0000ffff 00008b00 DPL=0 TSS64-busy
GDT=     000000007f5dc000 00000047
IDT=     000000007f268018 00000fff
CR0=80010033 CR2=0000000000000000 CR3=000000007f801000 CR4=00000668
DR0=0000000000000000 DR1=0000000000000000 DR2=0000000000000000 DR3=0000000000000000 
DR6=00000000ffff0ff0 DR7=0000000000000400
CCS=0000000000000004 CCD=000000007ff023f0 CCO=EFLAGS
EFER=0000000000000d00
Servicing hardware INT=0x20
   275: v=20 e=0000 i=0 cpl=0 IP=0038:000000007ee3ba01 pc=000000007ee3ba01 SP=0030:000000007ff023f8 env->regs[R_EAX]=0000000000000000
RAX=0000000000000000 RBX=0000000000000004 RCX=000000007ee5ca18 RDX=0000000000000000
RSI=00000000ffffffff RDI=000000007ff1ce70 RBP=000000007ff02470 RSP=000000007ff023f8
R8 =000000007ff1ce60 R9 =000000007ff02331 R10=0000000000000180 R11=000000007ff1d478
R12=000000007ee5ca60 R13=0000000000000100 R14=000000007ff24960 R15=000000007ff24a60
RIP=000000007ee3ba01 RFL=00000206 [-----P-] CPL=0 II=0 A20=1 SMM=0 HLT=0
ES =0030 0000000000000000 ffffffff 00cf9300 DPL=0 DS   [-WA]
CS =0038 0000000000000000 ffffffff 00af9a00 DPL=0 CS64 [-R-]
SS =0030 0000000000000000 ffffffff 00cf9300 DPL=0 DS   [-WA]
DS =0030 0000000000000000 ffffffff 00cf9300 DPL=0 DS   [-WA]
FS =0030 0000000000000000 ffffffff 00cf9300 DPL=0 DS   [-WA]
GS =0030 0000000000000000 ffffffff 00cf9300 DPL=0 DS   [-WA]
LDT=0000 0000000000000000 0000ffff 00008200 DPL=0 LDT
TR =0000 0000000000000000 0000ffff 00008b00 DPL=0 TSS64-busy
GDT=     000000007f5dc000 00000047
IDT=     000000007f268018 00000fff
CR0=80010033 CR2=0000000000000000 CR3=000000007f801000 CR4=00000668
DR0=0000000000000000 DR1=0000000000000000 DR2=0000000000000000 DR3=0000000000000000 
DR6=00000000ffff0ff0 DR7=0000000000000400
CCS=0000000000000004 CCD=000000007ff023f0 CCO=EFLAGS
EFER=0000000000000d00
Servicing hardware INT=0x20
   276: v=20 e=0000 i=0 cpl=0 IP=0038:000000007ee3ba01 pc=000000007ee3ba01 SP=0030:000000007ff023f8 env->regs[R_EAX]=0000000000000000
RAX=0000000000000000 RBX=0000000000000004 RCX=000000007ee5ca18 RDX=0000000000000000
RSI=00000000ffffffff RDI=000000007ff1ce70 RBP=000000007ff02470 RSP=000000007ff023f8
R8 =000000007ff1ce60 R9 =000000007ff02331 R10=0000000000000180 R11=000000007ff1d478
R12=000000007ee5ca60 R13=0000000000000100 R14=000000007ff24960 R15=000000007ff24a60
RIP=000000007ee3ba01 RFL=00000206 [-----P-] CPL=0 II=0 A20=1 SMM=0 HLT=0
ES =0030 0000000000000000 ffffffff 00cf9300 DPL=0 DS   [-WA]
CS =0038 0000000000000000 ffffffff 00af9a00 DPL=0 CS64 [-R-]
SS =0030 0000000000000000 ffffffff 00cf9300 DPL=0 DS   [-WA]
DS =0030 0000000000000000 ffffffff 00cf9300 DPL=0 DS   [-WA]
FS =0030 0000000000000000 ffffffff 00cf9300 DPL=0 DS   [-WA]
GS =0030 0000000000000000 ffffffff 00cf9300 DPL=0 DS   [-WA]
LDT=0000 0000000000000000 0000ffff 00008200 DPL=0 LDT
TR =0000 0000000000000000 0000ffff 00008b00 DPL=0 TSS64-busy
GDT=     000000007f5dc000 00000047
IDT=     000000007f268018 00000fff
CR0=80010033 CR2=0000000000000000 CR3=000000007f801000 CR4=00000668
DR0=0000000000000000 DR1=0000000000000000 DR2=0000000000000000 DR3=0000000000000000 
DR6=00000000ffff0ff0 DR7=0000000000000400
CCS=0000000000000004 CCD=000000007ff023f0 CCO=EFLAGS
EFER=0000000000000d00
Servicing hardware INT=0x20
   277: v=20 e=0000 i=0 cpl=0 IP=0038:000000007ee3ba01 pc=000000007ee3ba01 SP=0030:000000007ff023f8 env->regs[R_EAX]=0000000000000000
RAX=0000000000000000 RBX=0000000000000004 RCX=000000007ee5ca18 RDX=0000000000000000
RSI=00000000ffffffff RDI=000000007ff1ce70 RBP=000000007ff02470 RSP=000000007ff023f8
R8 =000000007ff1ce60 R9 =000000007ff02331 R10=0000000000000180 R11=000000007ff1d478
R12=000000007ee5ca60 R13=0000000000000100 R14=000000007ff24960 R15=000000007ff24a60
RIP=000000007ee3ba01 RFL=00000206 [-----P-] CPL=0 II=0 A20=1 SMM=0 HLT=0
ES =0030 0000000000000000 ffffffff 00cf9300 DPL=0 DS   [-WA]
CS =0038 0000000000000000 ffffffff 00af9a00 DPL=0 CS64 [-R-]
SS =0030 0000000000000000 ffffffff 00cf9300 DPL=0 DS   [-WA]
DS =0030 0000000000000000 ffffffff 00cf9300 DPL=0 DS   [-WA]
FS =0030 0000000000000000 ffffffff 00cf9300 DPL=0 DS   [-WA]
GS =0030 0000000000000000 ffffffff 00cf9300 DPL=0 DS   [-WA]
LDT=0000 0000000000000000 0000ffff 00008200 DPL=0 LDT
TR =0000 0000000000000000 0000ffff 00008b00 DPL=0 TSS64-busy
GDT=     000000007f5dc000 00000047
IDT=     000000007f268018 00000fff
CR0=80010033 CR2=0000000000000000 CR3=000000007f801000 CR4=00000668
DR0=0000000000000000 DR1=0000000000000000 DR2=0000000000000000 DR3=0000000000000000 
DR6=00000000ffff0ff0 DR7=0000000000000400
CCS=0000000000000004 CCD=000000007ff023f0 CCO=EFLAGS
EFER=0000000000000d00
Servicing hardware INT=0x20
   278: v=20 e=0000 i=0 cpl=0 IP=0038:000000007ee3ba01 pc=000000007ee3ba01 SP=0030:000000007ff023f8 env->regs[R_EAX]=0000000000000000
RAX=0000000000000000 RBX=0000000000000004 RCX=000000007ee5ca18 RDX=0000000000000000
RSI=00000000ffffffff RDI=000000007ff1ce70 RBP=000000007ff02470 RSP=000000007ff023f8
R8 =000000007ff1ce60 R9 =000000007ff02331 R10=0000000000000180 R11=000000007ff1d478
R12=000000007ee5ca60 R13=0000000000000100 R14=000000007ff24960 R15=000000007ff24a60
RIP=000000007ee3ba01 RFL=00000206 [-----P-] CPL=0 II=0 A20=1 SMM=0 HLT=0
ES =0030 0000000000000000 ffffffff 00cf9300 DPL=0 DS   [-WA]
CS =0038 0000000000000000 ffffffff 00af9a00 DPL=0 CS64 [-R-]
SS =0030 0000000000000000 ffffffff 00cf9300 DPL=0 DS   [-WA]
DS =0030 0000000000000000 ffffffff 00cf9300 DPL=0 DS   [-WA]
FS =0030 0000000000000000 ffffffff 00cf9300 DPL=0 DS   [-WA]
GS =0030 0000000000000000 ffffffff 00cf9300 DPL=0 DS   [-WA]
LDT=0000 0000000000000000 0000ffff 00008200 DPL=0 LDT
TR =0000 0000000000000000 0000ffff 00008b00 DPL=0 TSS64-busy
GDT=     000000007f5dc000 00000047
IDT=     000000007f268018 00000fff
CR0=80010033 CR2=0000000000000000 CR3=000000007f801000 CR4=00000668
DR0=0000000000000000 DR1=0000000000000000 DR2=0000000000000000 DR3=0000000000000000 
DR6=00000000ffff0ff0 DR7=0000000000000400
CCS=0000000000000004 CCD=000000007ff023f0 CCO=EFLAGS
EFER=0000000000000d00
Servicing hardware INT=0x20
   279: v=20 e=0000 i=0 cpl=0 IP=0038:000000007ee3ba01 pc=000000007ee3ba01 SP=0030:000000007ff023f8 env->regs[R_EAX]=0000000000000000
RAX=0000000000000000 RBX=0000000000000004 RCX=000000007ee5ca18 RDX=0000000000000000
RSI=00000000ffffffff RDI=000000007ff1ce70 RBP=000000007ff02470 RSP=000000007ff023f8
R8 =000000007ff1ce60 R9 =000000007ff02331 R10=0000000000000180 R11=000000007ff1d478
R12=000000007ee5ca60 R13=0000000000000100 R14=000000007ff24960 R15=000000007ff24a60
RIP=000000007ee3ba01 RFL=00000206 [-----P-] CPL=0 II=0 A20=1 SMM=0 HLT=0
ES =0030 0000000000000000 ffffffff 00cf9300 DPL=0 DS   [-WA]
CS =0038 0000000000000000 ffffffff 00af9a00 DPL=0 CS64 [-R-]
SS =0030 0000000000000000 ffffffff 00cf9300 DPL=0 DS   [-WA]
DS =0030 0000000000000000 ffffffff 00cf9300 DPL=0 DS   [-WA]
FS =0030 0000000000000000 ffffffff 00cf9300 DPL=0 DS   [-WA]
GS =0030 0000000000000000 ffffffff 00cf9300 DPL=0 DS   [-WA]
LDT=0000 0000000000000000 0000ffff 00008200 DPL=0 LDT
TR =0000 0000000000000000 0000ffff 00008b00 DPL=0 TSS64-busy
GDT=     000000007f5dc000 00000047
IDT=     000000007f268018 00000fff
CR0=80010033 CR2=0000000000000000 CR3=000000007f801000 CR4=00000668
DR0=0000000000000000 DR1=0000000000000000 DR2=0000000000000000 DR3=0000000000000000 
DR6=00000000ffff0ff0 DR7=0000000000000400
CCS=0000000000000004 CCD=000000007ff023f0 CCO=EFLAGS
EFER=0000000000000d00
Servicing hardware INT=0x20
   280: v=20 e=0000 i=0 cpl=0 IP=0038:000000007ee3ba01 pc=000000007ee3ba01 SP=0030:000000007ff023f8 env->regs[R_EAX]=0000000000000000
RAX=0000000000000000 RBX=0000000000000004 RCX=000000007ee5ca18 RDX=0000000000000000
RSI=00000000ffffffff RDI=000000007ff1ce70 RBP=000000007ff02470 RSP=000000007ff023f8
R8 =000000007ff1ce60 R9 =000000007ff02331 R10=0000000000000180 R11=000000007ff1d478
R12=000000007ee5ca60 R13=0000000000000100 R14=000000007ff24960 R15=000000007ff24a60
RIP=000000007ee3ba01 RFL=00000206 [-----P-] CPL=0 II=0 A20=1 SMM=0 HLT=0
ES =0030 0000000000000000 ffffffff 00cf9300 DPL=0 DS   [-WA]
CS =0038 0000000000000000 ffffffff 00af9a00 DPL=0 CS64 [-R-]
SS =0030 0000000000000000 ffffffff 00cf9300 DPL=0 DS   [-WA]
DS =0030 0000000000000000 ffffffff 00cf9300 DPL=0 DS   [-WA]
FS =0030 0000000000000000 ffffffff 00cf9300 DPL=0 DS   [-WA]
GS =0030 0000000000000000 ffffffff 00cf9300 DPL=0 DS   [-WA]
LDT=0000 0000000000000000 0000ffff 00008200 DPL=0 LDT
TR =0000 0000000000000000 0000ffff 00008b00 DPL=0 TSS64-busy
GDT=     000000007f5dc000 00000047
IDT=     000000007f268018 00000fff
CR0=80010033 CR2=0000000000000000 CR3=000000007f801000 CR4=00000668
DR0=0000000000000000 DR1=0000000000000000 DR2=0000000000000000 DR3=0000000000000000 
DR6=00000000ffff0ff0 DR7=0000000000000400
CCS=0000000000000004 CCD=000000007ff023f0 CCO=EFLAGS
EFER=0000000000000d00
Servicing hardware INT=0x20
   281: v=20 e=0000 i=0 cpl=0 IP=0038:000000007ee3ba01 pc=000000007ee3ba01 SP=0030:000000007ff023f8 env->regs[R_EAX]=0000000000000000
RAX=0000000000000000 RBX=0000000000000004 RCX=000000007ee5ca18 RDX=0000000000000000
RSI=00000000ffffffff RDI=000000007ff1ce70 RBP=000000007ff02470 RSP=000000007ff023f8
R8 =000000007ff1ce60 R9 =000000007ff02331 R10=0000000000000180 R11=000000007ff1d478
R12=000000007ee5ca60 R13=0000000000000100 R14=000000007ff24960 R15=000000007ff24a60
RIP=000000007ee3ba01 RFL=00000206 [-----P-] CPL=0 II=0 A20=1 SMM=0 HLT=0
ES =0030 0000000000000000 ffffffff 00cf9300 DPL=0 DS   [-WA]
CS =0038 0000000000000000 ffffffff 00af9a00 DPL=0 CS64 [-R-]
SS =0030 0000000000000000 ffffffff 00cf9300 DPL=0 DS   [-WA]
DS =0030 0000000000000000 ffffffff 00cf9300 DPL=0 DS   [-WA]
FS =0030 0000000000000000 ffffffff 00cf9300 DPL=0 DS   [-WA]
GS =0030 0000000000000000 ffffffff 00cf9300 DPL=0 DS   [-WA]
LDT=0000 0000000000000000 0000ffff 00008200 DPL=0 LDT
TR =0000 0000000000000000 0000ffff 00008b00 DPL=0 TSS64-busy
GDT=     000000007f5dc000 00000047
IDT=     000000007f268018 00000fff
CR0=80010033 CR2=0000000000000000 CR3=000000007f801000 CR4=00000668
DR0=0000000000000000 DR1=0000000000000000 DR2=0000000000000000 DR3=0000000000000000 
DR6=00000000ffff0ff0 DR7=0000000000000400
CCS=0000000000000004 CCD=000000007ff023f0 CCO=EFLAGS
EFER=0000000000000d00
Servicing hardware INT=0x20
   282: v=20 e=0000 i=0 cpl=0 IP=0038:000000007ee3ba01 pc=000000007ee3ba01 SP=0030:000000007ff023f8 env->regs[R_EAX]=0000000000000000
RAX=0000000000000000 RBX=0000000000000004 RCX=000000007ee5ca18 RDX=0000000000000000
RSI=00000000ffffffff RDI=000000007ff1ce70 RBP=000000007ff02470 RSP=000000007ff023f8
R8 =000000007ff1ce60 R9 =000000007ff02331 R10=0000000000000180 R11=000000007ff1d478
R12=000000007ee5ca60 R13=0000000000000100 R14=000000007ff24960 R15=000000007ff24a60
RIP=000000007ee3ba01 RFL=00000206 [-----P-] CPL=0 II=0 A20=1 SMM=0 HLT=0
ES =0030 0000000000000000 ffffffff 00cf9300 DPL=0 DS   [-WA]
CS =0038 0000000000000000 ffffffff 00af9a00 DPL=0 CS64 [-R-]
SS =0030 0000000000000000 ffffffff 00cf9300 DPL=0 DS   [-WA]
DS =0030 0000000000000000 ffffffff 00cf9300 DPL=0 DS   [-WA]
FS =0030 0000000000000000 ffffffff 00cf9300 DPL=0 DS   [-WA]
GS =0030 0000000000000000 ffffffff 00cf9300 DPL=0 DS   [-WA]
LDT=0000 0000000000000000 0000ffff 00008200 DPL=0 LDT
TR =0000 0000000000000000 0000ffff 00008b00 DPL=0 TSS64-busy
GDT=     000000007f5dc000 00000047
IDT=     000000007f268018 00000fff
CR0=80010033 CR2=0000000000000000 CR3=000000007f801000 CR4=00000668
DR0=0000000000000000 DR1=0000000000000000 DR2=0000000000000000 DR3=0000000000000000 
DR6=00000000ffff0ff0 DR7=0000000000000400
CCS=0000000000000004 CCD=000000007ff023f0 CCO=EFLAGS
EFER=0000000000000d00
Servicing hardware INT=0x20
   283: v=20 e=0000 i=0 cpl=0 IP=0038:000000007ee3ba01 pc=000000007ee3ba01 SP=0030:000000007ff023f8 env->regs[R_EAX]=0000000000000000
RAX=0000000000000000 RBX=0000000000000004 RCX=000000007ee5ca18 RDX=0000000000000000
RSI=00000000ffffffff RDI=000000007ff1ce70 RBP=000000007ff02470 RSP=000000007ff023f8
R8 =000000007ff1ce60 R9 =000000007ff02331 R10=0000000000000180 R11=000000007ff1d478
R12=000000007ee5ca60 R13=0000000000000100 R14=000000007ff24960 R15=000000007ff24a60
RIP=000000007ee3ba01 RFL=00000206 [-----P-] CPL=0 II=0 A20=1 SMM=0 HLT=0
ES =0030 0000000000000000 ffffffff 00cf9300 DPL=0 DS   [-WA]
CS =0038 0000000000000000 ffffffff 00af9a00 DPL=0 CS64 [-R-]
SS =0030 0000000000000000 ffffffff 00cf9300 DPL=0 DS   [-WA]
DS =0030 0000000000000000 ffffffff 00cf9300 DPL=0 DS   [-WA]
FS =0030 0000000000000000 ffffffff 00cf9300 DPL=0 DS   [-WA]
GS =0030 0000000000000000 ffffffff 00cf9300 DPL=0 DS   [-WA]
LDT=0000 0000000000000000 0000ffff 00008200 DPL=0 LDT
TR =0000 0000000000000000 0000ffff 00008b00 DPL=0 TSS64-busy
GDT=     000000007f5dc000 00000047
IDT=     000000007f268018 00000fff
CR0=80010033 CR2=0000000000000000 CR3=000000007f801000 CR4=00000668
DR0=0000000000000000 DR1=0000000000000000 DR2=0000000000000000 DR3=0000000000000000 
DR6=00000000ffff0ff0 DR7=0000000000000400
CCS=0000000000000004 CCD=000000007ff023f0 CCO=EFLAGS
EFER=0000000000000d00
Servicing hardware INT=0x20
   284: v=20 e=0000 i=0 cpl=0 IP=0038:000000007ee3ba01 pc=000000007ee3ba01 SP=0030:000000007ff023f8 env->regs[R_EAX]=0000000000000000
RAX=0000000000000000 RBX=0000000000000004 RCX=000000007ee5ca18 RDX=0000000000000000
RSI=00000000ffffffff RDI=000000007ff1ce70 RBP=000000007ff02470 RSP=000000007ff023f8
R8 =000000007ff1ce60 R9 =000000007ff02331 R10=0000000000000180 R11=000000007ff1d478
R12=000000007ee5ca60 R13=0000000000000100 R14=000000007ff24960 R15=000000007ff24a60
RIP=000000007ee3ba01 RFL=00000206 [-----P-] CPL=0 II=0 A20=1 SMM=0 HLT=0
ES =0030 0000000000000000 ffffffff 00cf9300 DPL=0 DS   [-WA]
CS =0038 0000000000000000 ffffffff 00af9a00 DPL=0 CS64 [-R-]
SS =0030 0000000000000000 ffffffff 00cf9300 DPL=0 DS   [-WA]
DS =0030 0000000000000000 ffffffff 00cf9300 DPL=0 DS   [-WA]
FS =0030 0000000000000000 ffffffff 00cf9300 DPL=0 DS   [-WA]
GS =0030 0000000000000000 ffffffff 00cf9300 DPL=0 DS   [-WA]
LDT=0000 0000000000000000 0000ffff 00008200 DPL=0 LDT
TR =0000 0000000000000000 0000ffff 00008b00 DPL=0 TSS64-busy
GDT=     000000007f5dc000 00000047
IDT=     000000007f268018 00000fff
CR0=80010033 CR2=0000000000000000 CR3=000000007f801000 CR4=00000668
DR0=0000000000000000 DR1=0000000000000000 DR2=0000000000000000 DR3=0000000000000000 
DR6=00000000ffff0ff0 DR7=0000000000000400
CCS=0000000000000004 CCD=000000007ff023f0 CCO=EFLAGS
EFER=0000000000000d00
Servicing hardware INT=0x20
   285: v=20 e=0000 i=0 cpl=0 IP=0038:000000007ee3ba01 pc=000000007ee3ba01 SP=0030:000000007ff023f8 env->regs[R_EAX]=0000000000000000
RAX=0000000000000000 RBX=0000000000000004 RCX=000000007ee5ca18 RDX=0000000000000000
RSI=00000000ffffffff RDI=000000007ff1ce70 RBP=000000007ff02470 RSP=000000007ff023f8
R8 =000000007ff1ce60 R9 =000000007ff02331 R10=0000000000000180 R11=000000007ff1d478
R12=000000007ee5ca60 R13=0000000000000100 R14=000000007ff24960 R15=000000007ff24a60
RIP=000000007ee3ba01 RFL=00000206 [-----P-] CPL=0 II=0 A20=1 SMM=0 HLT=0
ES =0030 0000000000000000 ffffffff 00cf9300 DPL=0 DS   [-WA]
CS =0038 0000000000000000 ffffffff 00af9a00 DPL=0 CS64 [-R-]
SS =0030 0000000000000000 ffffffff 00cf9300 DPL=0 DS   [-WA]
DS =0030 0000000000000000 ffffffff 00cf9300 DPL=0 DS   [-WA]
FS =0030 0000000000000000 ffffffff 00cf9300 DPL=0 DS   [-WA]
GS =0030 0000000000000000 ffffffff 00cf9300 DPL=0 DS   [-WA]
LDT=0000 0000000000000000 0000ffff 00008200 DPL=0 LDT
TR =0000 0000000000000000 0000ffff 00008b00 DPL=0 TSS64-busy
GDT=     000000007f5dc000 00000047
IDT=     000000007f268018 00000fff
CR0=80010033 CR2=0000000000000000 CR3=000000007f801000 CR4=00000668
DR0=0000000000000000 DR1=0000000000000000 DR2=0000000000000000 DR3=0000000000000000 
DR6=00000000ffff0ff0 DR7=0000000000000400
CCS=0000000000000004 CCD=000000007ff023f0 CCO=EFLAGS
EFER=0000000000000d00
Servicing hardware INT=0x20
   286: v=20 e=0000 i=0 cpl=0 IP=0038:000000007ee3ba01 pc=000000007ee3ba01 SP=0030:000000007ff023f8 env->regs[R_EAX]=0000000000000000
RAX=0000000000000000 RBX=0000000000000004 RCX=000000007ee5ca18 RDX=0000000000000000
RSI=00000000ffffffff RDI=000000007ff1ce70 RBP=000000007ff02470 RSP=000000007ff023f8
R8 =000000007ff1ce60 R9 =000000007ff02331 R10=0000000000000180 R11=000000007ff1d478
R12=000000007ee5ca60 R13=0000000000000100 R14=000000007ff24960 R15=000000007ff24a60
RIP=000000007ee3ba01 RFL=00000206 [-----P-] CPL=0 II=0 A20=1 SMM=0 HLT=0
ES =0030 0000000000000000 ffffffff 00cf9300 DPL=0 DS   [-WA]
CS =0038 0000000000000000 ffffffff 00af9a00 DPL=0 CS64 [-R-]
SS =0030 0000000000000000 ffffffff 00cf9300 DPL=0 DS   [-WA]
DS =0030 0000000000000000 ffffffff 00cf9300 DPL=0 DS   [-WA]
FS =0030 0000000000000000 ffffffff 00cf9300 DPL=0 DS   [-WA]
GS =0030 0000000000000000 ffffffff 00cf9300 DPL=0 DS   [-WA]
LDT=0000 0000000000000000 0000ffff 00008200 DPL=0 LDT
TR =0000 0000000000000000 0000ffff 00008b00 DPL=0 TSS64-busy
GDT=     000000007f5dc000 00000047
IDT=     000000007f268018 00000fff
CR0=80010033 CR2=0000000000000000 CR3=000000007f801000 CR4=00000668
DR0=0000000000000000 DR1=0000000000000000 DR2=0000000000000000 DR3=0000000000000000 
DR6=00000000ffff0ff0 DR7=0000000000000400
CCS=0000000000000004 CCD=000000007ff023f0 CCO=EFLAGS
EFER=0000000000000d00
Servicing hardware INT=0x20
   287: v=20 e=0000 i=0 cpl=0 IP=0038:000000007ee3ba01 pc=000000007ee3ba01 SP=0030:000000007ff023f8 env->regs[R_EAX]=0000000000000000
RAX=0000000000000000 RBX=0000000000000004 RCX=000000007ee5ca18 RDX=0000000000000000
RSI=00000000ffffffff RDI=000000007ff1ce70 RBP=000000007ff02470 RSP=000000007ff023f8
R8 =000000007ff1ce60 R9 =000000007ff02331 R10=0000000000000180 R11=000000007ff1d478
R12=000000007ee5ca60 R13=0000000000000100 R14=000000007ff24960 R15=000000007ff24a60
RIP=000000007ee3ba01 RFL=00000206 [-----P-] CPL=0 II=0 A20=1 SMM=0 HLT=0
ES =0030 0000000000000000 ffffffff 00cf9300 DPL=0 DS   [-WA]
CS =0038 0000000000000000 ffffffff 00af9a00 DPL=0 CS64 [-R-]
SS =0030 0000000000000000 ffffffff 00cf9300 DPL=0 DS   [-WA]
DS =0030 0000000000000000 ffffffff 00cf9300 DPL=0 DS   [-WA]
FS =0030 0000000000000000 ffffffff 00cf9300 DPL=0 DS   [-WA]
GS =0030 0000000000000000 ffffffff 00cf9300 DPL=0 DS   [-WA]
LDT=0000 0000000000000000 0000ffff 00008200 DPL=0 LDT
TR =0000 0000000000000000 0000ffff 00008b00 DPL=0 TSS64-busy
GDT=     000000007f5dc000 00000047
IDT=     000000007f268018 00000fff
CR0=80010033 CR2=0000000000000000 CR3=000000007f801000 CR4=00000668
DR0=0000000000000000 DR1=0000000000000000 DR2=0000000000000000 DR3=0000000000000000 
DR6=00000000ffff0ff0 DR7=0000000000000400
CCS=0000000000000004 CCD=000000007ff023f0 CCO=EFLAGS
EFER=0000000000000d00
Servicing hardware INT=0x20
   288: v=20 e=0000 i=0 cpl=0 IP=0038:000000007ee3ba01 pc=000000007ee3ba01 SP=0030:000000007ff023f8 env->regs[R_EAX]=0000000000000000
RAX=0000000000000000 RBX=0000000000000004 RCX=000000007ee5ca18 RDX=0000000000000000
RSI=00000000ffffffff RDI=000000007ff1ce70 RBP=000000007ff02470 RSP=000000007ff023f8
R8 =000000007ff1ce60 R9 =000000007ff02331 R10=0000000000000180 R11=000000007ff1d478
R12=000000007ee5ca60 R13=0000000000000100 R14=000000007ff24960 R15=000000007ff24a60
RIP=000000007ee3ba01 RFL=00000206 [-----P-] CPL=0 II=0 A20=1 SMM=0 HLT=0
ES =0030 0000000000000000 ffffffff 00cf9300 DPL=0 DS   [-WA]
CS =0038 0000000000000000 ffffffff 00af9a00 DPL=0 CS64 [-R-]
SS =0030 0000000000000000 ffffffff 00cf9300 DPL=0 DS   [-WA]
DS =0030 0000000000000000 ffffffff 00cf9300 DPL=0 DS   [-WA]
FS =0030 0000000000000000 ffffffff 00cf9300 DPL=0 DS   [-WA]
GS =0030 0000000000000000 ffffffff 00cf9300 DPL=0 DS   [-WA]
LDT=0000 0000000000000000 0000ffff 00008200 DPL=0 LDT
TR =0000 0000000000000000 0000ffff 00008b00 DPL=0 TSS64-busy
GDT=     000000007f5dc000 00000047
IDT=     000000007f268018 00000fff
CR0=80010033 CR2=0000000000000000 CR3=000000007f801000 CR4=00000668
DR0=0000000000000000 DR1=0000000000000000 DR2=0000000000000000 DR3=0000000000000000 
DR6=00000000ffff0ff0 DR7=0000000000000400
CCS=0000000000000004 CCD=000000007ff023f0 CCO=EFLAGS
EFER=0000000000000d00
Servicing hardware INT=0x20
   289: v=20 e=0000 i=0 cpl=0 IP=0038:000000007ee3ba01 pc=000000007ee3ba01 SP=0030:000000007ff023f8 env->regs[R_EAX]=0000000000000000
RAX=0000000000000000 RBX=0000000000000004 RCX=000000007ee5ca18 RDX=0000000000000000
RSI=00000000ffffffff RDI=000000007ff1ce70 RBP=000000007ff02470 RSP=000000007ff023f8
R8 =000000007ff1ce60 R9 =000000007ff02331 R10=0000000000000180 R11=000000007ff1d478
R12=000000007ee5ca60 R13=0000000000000100 R14=000000007ff24960 R15=000000007ff24a60
RIP=000000007ee3ba01 RFL=00000206 [-----P-] CPL=0 II=0 A20=1 SMM=0 HLT=0
ES =0030 0000000000000000 ffffffff 00cf9300 DPL=0 DS   [-WA]
CS =0038 0000000000000000 ffffffff 00af9a00 DPL=0 CS64 [-R-]
SS =0030 0000000000000000 ffffffff 00cf9300 DPL=0 DS   [-WA]
DS =0030 0000000000000000 ffffffff 00cf9300 DPL=0 DS   [-WA]
FS =0030 0000000000000000 ffffffff 00cf9300 DPL=0 DS   [-WA]
GS =0030 0000000000000000 ffffffff 00cf9300 DPL=0 DS   [-WA]
LDT=0000 0000000000000000 0000ffff 00008200 DPL=0 LDT
TR =0000 0000000000000000 0000ffff 00008b00 DPL=0 TSS64-busy
GDT=     000000007f5dc000 00000047
IDT=     000000007f268018 00000fff
CR0=80010033 CR2=0000000000000000 CR3=000000007f801000 CR4=00000668
DR0=0000000000000000 DR1=0000000000000000 DR2=0000000000000000 DR3=0000000000000000 
DR6=00000000ffff0ff0 DR7=0000000000000400
CCS=0000000000000004 CCD=000000007ff023f0 CCO=EFLAGS
EFER=0000000000000d00
Servicing hardware INT=0x20
   290: v=20 e=0000 i=0 cpl=0 IP=0038:000000007ee3ba01 pc=000000007ee3ba01 SP=0030:000000007ff023f8 env->regs[R_EAX]=0000000000000000
RAX=0000000000000000 RBX=0000000000000004 RCX=000000007ee5ca18 RDX=0000000000000000
RSI=00000000ffffffff RDI=000000007ff1ce70 RBP=000000007ff02470 RSP=000000007ff023f8
R8 =000000007ff1ce60 R9 =000000007ff02331 R10=0000000000000180 R11=000000007ff1d478
R12=000000007ee5ca60 R13=0000000000000100 R14=000000007ff24960 R15=000000007ff24a60
RIP=000000007ee3ba01 RFL=00000206 [-----P-] CPL=0 II=0 A20=1 SMM=0 HLT=0
ES =0030 0000000000000000 ffffffff 00cf9300 DPL=0 DS   [-WA]
CS =0038 0000000000000000 ffffffff 00af9a00 DPL=0 CS64 [-R-]
SS =0030 0000000000000000 ffffffff 00cf9300 DPL=0 DS   [-WA]
DS =0030 0000000000000000 ffffffff 00cf9300 DPL=0 DS   [-WA]
FS =0030 0000000000000000 ffffffff 00cf9300 DPL=0 DS   [-WA]
GS =0030 0000000000000000 ffffffff 00cf9300 DPL=0 DS   [-WA]
LDT=0000 0000000000000000 0000ffff 00008200 DPL=0 LDT
TR =0000 0000000000000000 0000ffff 00008b00 DPL=0 TSS64-busy
GDT=     000000007f5dc000 00000047
IDT=     000000007f268018 00000fff
CR0=80010033 CR2=0000000000000000 CR3=000000007f801000 CR4=00000668
DR0=0000000000000000 DR1=0000000000000000 DR2=0000000000000000 DR3=0000000000000000 
DR6=00000000ffff0ff0 DR7=0000000000000400
CCS=0000000000000004 CCD=000000007ff023f0 CCO=EFLAGS
EFER=0000000000000d00
Servicing hardware INT=0x20
   291: v=20 e=0000 i=0 cpl=0 IP=0038:000000007ee3ba01 pc=000000007ee3ba01 SP=0030:000000007ff023f8 env->regs[R_EAX]=0000000000000000
RAX=0000000000000000 RBX=0000000000000004 RCX=000000007ee5ca18 RDX=0000000000000000
RSI=00000000ffffffff RDI=000000007ff1ce70 RBP=000000007ff02470 RSP=000000007ff023f8
R8 =000000007ff1ce60 R9 =000000007ff02331 R10=0000000000000180 R11=000000007ff1d478
R12=000000007ee5ca60 R13=0000000000000100 R14=000000007ff24960 R15=000000007ff24a60
RIP=000000007ee3ba01 RFL=00000206 [-----P-] CPL=0 II=0 A20=1 SMM=0 HLT=0
ES =0030 0000000000000000 ffffffff 00cf9300 DPL=0 DS   [-WA]
CS =0038 0000000000000000 ffffffff 00af9a00 DPL=0 CS64 [-R-]
SS =0030 0000000000000000 ffffffff 00cf9300 DPL=0 DS   [-WA]
DS =0030 0000000000000000 ffffffff 00cf9300 DPL=0 DS   [-WA]
FS =0030 0000000000000000 ffffffff 00cf9300 DPL=0 DS   [-WA]
GS =0030 0000000000000000 ffffffff 00cf9300 DPL=0 DS   [-WA]
LDT=0000 0000000000000000 0000ffff 00008200 DPL=0 LDT
TR =0000 0000000000000000 0000ffff 00008b00 DPL=0 TSS64-busy
GDT=     000000007f5dc000 00000047
IDT=     000000007f268018 00000fff
CR0=80010033 CR2=0000000000000000 CR3=000000007f801000 CR4=00000668
DR0=0000000000000000 DR1=0000000000000000 DR2=0000000000000000 DR3=0000000000000000 
DR6=00000000ffff0ff0 DR7=0000000000000400
CCS=0000000000000004 CCD=000000007ff023f0 CCO=EFLAGS
EFER=0000000000000d00
Servicing hardware INT=0x20
   292: v=20 e=0000 i=0 cpl=0 IP=0038:000000007ee3ba01 pc=000000007ee3ba01 SP=0030:000000007ff023f8 env->regs[R_EAX]=0000000000000000
RAX=0000000000000000 RBX=0000000000000004 RCX=000000007ee5ca18 RDX=0000000000000000
RSI=00000000ffffffff RDI=000000007ff1ce70 RBP=000000007ff02470 RSP=000000007ff023f8
R8 =000000007ff1ce60 R9 =000000007ff02331 R10=0000000000000180 R11=000000007ff1d478
R12=000000007ee5ca60 R13=0000000000000100 R14=000000007ff24960 R15=000000007ff24a60
RIP=000000007ee3ba01 RFL=00000206 [-----P-] CPL=0 II=0 A20=1 SMM=0 HLT=0
ES =0030 0000000000000000 ffffffff 00cf9300 DPL=0 DS   [-WA]
CS =0038 0000000000000000 ffffffff 00af9a00 DPL=0 CS64 [-R-]
SS =0030 0000000000000000 ffffffff 00cf9300 DPL=0 DS   [-WA]
DS =0030 0000000000000000 ffffffff 00cf9300 DPL=0 DS   [-WA]
FS =0030 0000000000000000 ffffffff 00cf9300 DPL=0 DS   [-WA]
GS =0030 0000000000000000 ffffffff 00cf9300 DPL=0 DS   [-WA]
LDT=0000 0000000000000000 0000ffff 00008200 DPL=0 LDT
TR =0000 0000000000000000 0000ffff 00008b00 DPL=0 TSS64-busy
GDT=     000000007f5dc000 00000047
IDT=     000000007f268018 00000fff
CR0=80010033 CR2=0000000000000000 CR3=000000007f801000 CR4=00000668
DR0=0000000000000000 DR1=0000000000000000 DR2=0000000000000000 DR3=0000000000000000 
DR6=00000000ffff0ff0 DR7=0000000000000400
CCS=0000000000000004 CCD=000000007ff023f0 CCO=EFLAGS
EFER=0000000000000d00
Servicing hardware INT=0x20
   293: v=20 e=0000 i=0 cpl=0 IP=0038:000000007ee3ba01 pc=000000007ee3ba01 SP=0030:000000007ff023f8 env->regs[R_EAX]=0000000000000000
RAX=0000000000000000 RBX=0000000000000004 RCX=000000007ee5ca18 RDX=0000000000000000
RSI=00000000ffffffff RDI=000000007ff1ce70 RBP=000000007ff02470 RSP=000000007ff023f8
R8 =000000007ff1ce60 R9 =000000007ff02331 R10=0000000000000180 R11=000000007ff1d478
R12=000000007ee5ca60 R13=0000000000000100 R14=000000007ff24960 R15=000000007ff24a60
RIP=000000007ee3ba01 RFL=00000206 [-----P-] CPL=0 II=0 A20=1 SMM=0 HLT=0
ES =0030 0000000000000000 ffffffff 00cf9300 DPL=0 DS   [-WA]
CS =0038 0000000000000000 ffffffff 00af9a00 DPL=0 CS64 [-R-]
SS =0030 0000000000000000 ffffffff 00cf9300 DPL=0 DS   [-WA]
DS =0030 0000000000000000 ffffffff 00cf9300 DPL=0 DS   [-WA]
FS =0030 0000000000000000 ffffffff 00cf9300 DPL=0 DS   [-WA]
GS =0030 0000000000000000 ffffffff 00cf9300 DPL=0 DS   [-WA]
LDT=0000 0000000000000000 0000ffff 00008200 DPL=0 LDT
TR =0000 0000000000000000 0000ffff 00008b00 DPL=0 TSS64-busy
GDT=     000000007f5dc000 00000047
IDT=     000000007f268018 00000fff
CR0=80010033 CR2=0000000000000000 CR3=000000007f801000 CR4=00000668
DR0=0000000000000000 DR1=0000000000000000 DR2=0000000000000000 DR3=0000000000000000 
DR6=00000000ffff0ff0 DR7=0000000000000400
CCS=0000000000000004 CCD=000000007ff023f0 CCO=EFLAGS
EFER=0000000000000d00
Servicing hardware INT=0x20
   294: v=20 e=0000 i=0 cpl=0 IP=0038:000000007ee3ba01 pc=000000007ee3ba01 SP=0030:000000007ff023f8 env->regs[R_EAX]=0000000000000000
RAX=0000000000000000 RBX=0000000000000004 RCX=000000007ee5ca18 RDX=0000000000000000
RSI=00000000ffffffff RDI=000000007ff1ce70 RBP=000000007ff02470 RSP=000000007ff023f8
R8 =000000007ff1ce60 R9 =000000007ff02331 R10=0000000000000180 R11=000000007ff1d478
R12=000000007ee5ca60 R13=0000000000000100 R14=000000007ff24960 R15=000000007ff24a60
RIP=000000007ee3ba01 RFL=00000206 [-----P-] CPL=0 II=0 A20=1 SMM=0 HLT=0
ES =0030 0000000000000000 ffffffff 00cf9300 DPL=0 DS   [-WA]
CS =0038 0000000000000000 ffffffff 00af9a00 DPL=0 CS64 [-R-]
SS =0030 0000000000000000 ffffffff 00cf9300 DPL=0 DS   [-WA]
DS =0030 0000000000000000 ffffffff 00cf9300 DPL=0 DS   [-WA]
FS =0030 0000000000000000 ffffffff 00cf9300 DPL=0 DS   [-WA]
GS =0030 0000000000000000 ffffffff 00cf9300 DPL=0 DS   [-WA]
LDT=0000 0000000000000000 0000ffff 00008200 DPL=0 LDT
TR =0000 0000000000000000 0000ffff 00008b00 DPL=0 TSS64-busy
GDT=     000000007f5dc000 00000047
IDT=     000000007f268018 00000fff
CR0=80010033 CR2=0000000000000000 CR3=000000007f801000 CR4=00000668
DR0=0000000000000000 DR1=0000000000000000 DR2=0000000000000000 DR3=0000000000000000 
DR6=00000000ffff0ff0 DR7=0000000000000400
CCS=0000000000000004 CCD=000000007ff023f0 CCO=EFLAGS
EFER=0000000000000d00
Servicing hardware INT=0x20
   295: v=20 e=0000 i=0 cpl=0 IP=0038:000000007ee3ba01 pc=000000007ee3ba01 SP=0030:000000007ff023f8 env->regs[R_EAX]=0000000000000000
RAX=0000000000000000 RBX=0000000000000004 RCX=000000007ee5ca18 RDX=0000000000000000
RSI=00000000ffffffff RDI=000000007ff1ce70 RBP=000000007ff02470 RSP=000000007ff023f8
R8 =000000007ff1ce60 R9 =000000007ff02331 R10=0000000000000180 R11=000000007ff1d478
R12=000000007ee5ca60 R13=0000000000000100 R14=000000007ff24960 R15=000000007ff24a60
RIP=000000007ee3ba01 RFL=00000206 [-----P-] CPL=0 II=0 A20=1 SMM=0 HLT=0
ES =0030 0000000000000000 ffffffff 00cf9300 DPL=0 DS   [-WA]
CS =0038 0000000000000000 ffffffff 00af9a00 DPL=0 CS64 [-R-]
SS =0030 0000000000000000 ffffffff 00cf9300 DPL=0 DS   [-WA]
DS =0030 0000000000000000 ffffffff 00cf9300 DPL=0 DS   [-WA]
FS =0030 0000000000000000 ffffffff 00cf9300 DPL=0 DS   [-WA]
GS =0030 0000000000000000 ffffffff 00cf9300 DPL=0 DS   [-WA]
LDT=0000 0000000000000000 0000ffff 00008200 DPL=0 LDT
TR =0000 0000000000000000 0000ffff 00008b00 DPL=0 TSS64-busy
GDT=     000000007f5dc000 00000047
IDT=     000000007f268018 00000fff
CR0=80010033 CR2=0000000000000000 CR3=000000007f801000 CR4=00000668
DR0=0000000000000000 DR1=0000000000000000 DR2=0000000000000000 DR3=0000000000000000 
DR6=00000000ffff0ff0 DR7=0000000000000400
CCS=0000000000000004 CCD=000000007ff023f0 CCO=EFLAGS
EFER=0000000000000d00
Servicing hardware INT=0x20
   296: v=20 e=0000 i=0 cpl=0 IP=0038:000000007ee3ba01 pc=000000007ee3ba01 SP=0030:000000007ff023f8 env->regs[R_EAX]=0000000000000000
RAX=0000000000000000 RBX=0000000000000004 RCX=000000007ee5ca18 RDX=0000000000000000
RSI=00000000ffffffff RDI=000000007ff1ce70 RBP=000000007ff02470 RSP=000000007ff023f8
R8 =000000007ff1ce60 R9 =000000007ff02331 R10=0000000000000180 R11=000000007ff1d478
R12=000000007ee5ca60 R13=0000000000000100 R14=000000007ff24960 R15=000000007ff24a60
RIP=000000007ee3ba01 RFL=00000206 [-----P-] CPL=0 II=0 A20=1 SMM=0 HLT=0
ES =0030 0000000000000000 ffffffff 00cf9300 DPL=0 DS   [-WA]
CS =0038 0000000000000000 ffffffff 00af9a00 DPL=0 CS64 [-R-]
SS =0030 0000000000000000 ffffffff 00cf9300 DPL=0 DS   [-WA]
DS =0030 0000000000000000 ffffffff 00cf9300 DPL=0 DS   [-WA]
FS =0030 0000000000000000 ffffffff 00cf9300 DPL=0 DS   [-WA]
GS =0030 0000000000000000 ffffffff 00cf9300 DPL=0 DS   [-WA]
LDT=0000 0000000000000000 0000ffff 00008200 DPL=0 LDT
TR =0000 0000000000000000 0000ffff 00008b00 DPL=0 TSS64-busy
GDT=     000000007f5dc000 00000047
IDT=     000000007f268018 00000fff
CR0=80010033 CR2=0000000000000000 CR3=000000007f801000 CR4=00000668
DR0=0000000000000000 DR1=0000000000000000 DR2=0000000000000000 DR3=0000000000000000 
DR6=00000000ffff0ff0 DR7=0000000000000400
CCS=0000000000000004 CCD=000000007ff023f0 CCO=EFLAGS
EFER=0000000000000d00
Servicing hardware INT=0x20
   297: v=20 e=0000 i=0 cpl=0 IP=0038:000000007ee3ba01 pc=000000007ee3ba01 SP=0030:000000007ff023f8 env->regs[R_EAX]=0000000000000000
RAX=0000000000000000 RBX=0000000000000004 RCX=000000007ee5ca18 RDX=0000000000000000
RSI=00000000ffffffff RDI=000000007ff1ce70 RBP=000000007ff02470 RSP=000000007ff023f8
R8 =000000007ff1ce60 R9 =000000007ff02331 R10=0000000000000180 R11=000000007ff1d478
R12=000000007ee5ca60 R13=0000000000000100 R14=000000007ff24960 R15=000000007ff24a60
RIP=000000007ee3ba01 RFL=00000206 [-----P-] CPL=0 II=0 A20=1 SMM=0 HLT=0
ES =0030 0000000000000000 ffffffff 00cf9300 DPL=0 DS   [-WA]
CS =0038 0000000000000000 ffffffff 00af9a00 DPL=0 CS64 [-R-]
SS =0030 0000000000000000 ffffffff 00cf9300 DPL=0 DS   [-WA]
DS =0030 0000000000000000 ffffffff 00cf9300 DPL=0 DS   [-WA]
FS =0030 0000000000000000 ffffffff 00cf9300 DPL=0 DS   [-WA]
GS =0030 0000000000000000 ffffffff 00cf9300 DPL=0 DS   [-WA]
LDT=0000 0000000000000000 0000ffff 00008200 DPL=0 LDT
TR =0000 0000000000000000 0000ffff 00008b00 DPL=0 TSS64-busy
GDT=     000000007f5dc000 00000047
IDT=     000000007f268018 00000fff
CR0=80010033 CR2=0000000000000000 CR3=000000007f801000 CR4=00000668
DR0=0000000000000000 DR1=0000000000000000 DR2=0000000000000000 DR3=0000000000000000 
DR6=00000000ffff0ff0 DR7=0000000000000400
CCS=0000000000000004 CCD=000000007ff023f0 CCO=EFLAGS
EFER=0000000000000d00
Servicing hardware INT=0x20
   298: v=20 e=0000 i=0 cpl=0 IP=0038:000000007ee3ba01 pc=000000007ee3ba01 SP=0030:000000007ff023f8 env->regs[R_EAX]=0000000000000000
RAX=0000000000000000 RBX=0000000000000004 RCX=000000007ee5ca18 RDX=0000000000000000
RSI=00000000ffffffff RDI=000000007ff1ce70 RBP=000000007ff02470 RSP=000000007ff023f8
R8 =000000007ff1ce60 R9 =000000007ff02331 R10=0000000000000180 R11=000000007ff1d478
R12=000000007ee5ca60 R13=0000000000000100 R14=000000007ff24960 R15=000000007ff24a60
RIP=000000007ee3ba01 RFL=00000206 [-----P-] CPL=0 II=0 A20=1 SMM=0 HLT=0
ES =0030 0000000000000000 ffffffff 00cf9300 DPL=0 DS   [-WA]
CS =0038 0000000000000000 ffffffff 00af9a00 DPL=0 CS64 [-R-]
SS =0030 0000000000000000 ffffffff 00cf9300 DPL=0 DS   [-WA]
DS =0030 0000000000000000 ffffffff 00cf9300 DPL=0 DS   [-WA]
FS =0030 0000000000000000 ffffffff 00cf9300 DPL=0 DS   [-WA]
GS =0030 0000000000000000 ffffffff 00cf9300 DPL=0 DS   [-WA]
LDT=0000 0000000000000000 0000ffff 00008200 DPL=0 LDT
TR =0000 0000000000000000 0000ffff 00008b00 DPL=0 TSS64-busy
GDT=     000000007f5dc000 00000047
IDT=     000000007f268018 00000fff
CR0=80010033 CR2=0000000000000000 CR3=000000007f801000 CR4=00000668
DR0=0000000000000000 DR1=0000000000000000 DR2=0000000000000000 DR3=0000000000000000 
DR6=00000000ffff0ff0 DR7=0000000000000400
CCS=0000000000000004 CCD=000000007ff023f0 CCO=EFLAGS
EFER=0000000000000d00
Servicing hardware INT=0x20
   299: v=20 e=0000 i=0 cpl=0 IP=0038:000000007ee3ba01 pc=000000007ee3ba01 SP=0030:000000007ff023f8 env->regs[R_EAX]=0000000000000000
RAX=0000000000000000 RBX=0000000000000004 RCX=000000007ee5ca18 RDX=0000000000000000
RSI=00000000ffffffff RDI=000000007ff1ce70 RBP=000000007ff02470 RSP=000000007ff023f8
R8 =000000007ff1ce60 R9 =000000007ff02331 R10=0000000000000180 R11=000000007ff1d478
R12=000000007ee5ca60 R13=0000000000000100 R14=000000007ff24960 R15=000000007ff24a60
RIP=000000007ee3ba01 RFL=00000206 [-----P-] CPL=0 II=0 A20=1 SMM=0 HLT=0
ES =0030 0000000000000000 ffffffff 00cf9300 DPL=0 DS   [-WA]
CS =0038 0000000000000000 ffffffff 00af9a00 DPL=0 CS64 [-R-]
SS =0030 0000000000000000 ffffffff 00cf9300 DPL=0 DS   [-WA]
DS =0030 0000000000000000 ffffffff 00cf9300 DPL=0 DS   [-WA]
FS =0030 0000000000000000 ffffffff 00cf9300 DPL=0 DS   [-WA]
GS =0030 0000000000000000 ffffffff 00cf9300 DPL=0 DS   [-WA]
LDT=0000 0000000000000000 0000ffff 00008200 DPL=0 LDT
TR =0000 0000000000000000 0000ffff 00008b00 DPL=0 TSS64-busy
GDT=     000000007f5dc000 00000047
IDT=     000000007f268018 00000fff
CR0=80010033 CR2=0000000000000000 CR3=000000007f801000 CR4=00000668
DR0=0000000000000000 DR1=0000000000000000 DR2=0000000000000000 DR3=0000000000000000 
DR6=00000000ffff0ff0 DR7=0000000000000400
CCS=0000000000000004 CCD=000000007ff023f0 CCO=EFLAGS
EFER=0000000000000d00
Servicing hardware INT=0x20
   300: v=20 e=0000 i=0 cpl=0 IP=0038:000000007ee3ba01 pc=000000007ee3ba01 SP=0030:000000007ff023f8 env->regs[R_EAX]=0000000000000000
RAX=0000000000000000 RBX=0000000000000004 RCX=000000007ee5ca18 RDX=0000000000000000
RSI=00000000ffffffff RDI=000000007ff1ce70 RBP=000000007ff02470 RSP=000000007ff023f8
R8 =000000007ff1ce60 R9 =000000007ff02331 R10=0000000000000180 R11=000000007ff1d478
R12=000000007ee5ca60 R13=0000000000000100 R14=000000007ff24960 R15=000000007ff24a60
RIP=000000007ee3ba01 RFL=00000206 [-----P-] CPL=0 II=0 A20=1 SMM=0 HLT=0
ES =0030 0000000000000000 ffffffff 00cf9300 DPL=0 DS   [-WA]
CS =0038 0000000000000000 ffffffff 00af9a00 DPL=0 CS64 [-R-]
SS =0030 0000000000000000 ffffffff 00cf9300 DPL=0 DS   [-WA]
DS =0030 0000000000000000 ffffffff 00cf9300 DPL=0 DS   [-WA]
FS =0030 0000000000000000 ffffffff 00cf9300 DPL=0 DS   [-WA]
GS =0030 0000000000000000 ffffffff 00cf9300 DPL=0 DS   [-WA]
LDT=0000 0000000000000000 0000ffff 00008200 DPL=0 LDT
TR =0000 0000000000000000 0000ffff 00008b00 DPL=0 TSS64-busy
GDT=     000000007f5dc000 00000047
IDT=     000000007f268018 00000fff
CR0=80010033 CR2=0000000000000000 CR3=000000007f801000 CR4=00000668
DR0=0000000000000000 DR1=0000000000000000 DR2=0000000000000000 DR3=0000000000000000 
DR6=00000000ffff0ff0 DR7=0000000000000400
CCS=0000000000000004 CCD=000000007ff023f0 CCO=EFLAGS
EFER=0000000000000d00
Servicing hardware INT=0x20
   301: v=20 e=0000 i=0 cpl=0 IP=0038:000000007ee3ba01 pc=000000007ee3ba01 SP=0030:000000007ff023f8 env->regs[R_EAX]=0000000000000000
RAX=0000000000000000 RBX=0000000000000004 RCX=000000007ee5ca18 RDX=0000000000000000
RSI=00000000ffffffff RDI=000000007ff1ce70 RBP=000000007ff02470 RSP=000000007ff023f8
R8 =000000007ff1ce60 R9 =000000007ff02331 R10=0000000000000180 R11=000000007ff1d478
R12=000000007ee5ca60 R13=0000000000000100 R14=000000007ff24960 R15=000000007ff24a60
RIP=000000007ee3ba01 RFL=00000206 [-----P-] CPL=0 II=0 A20=1 SMM=0 HLT=0
ES =0030 0000000000000000 ffffffff 00cf9300 DPL=0 DS   [-WA]
CS =0038 0000000000000000 ffffffff 00af9a00 DPL=0 CS64 [-R-]
SS =0030 0000000000000000 ffffffff 00cf9300 DPL=0 DS   [-WA]
DS =0030 0000000000000000 ffffffff 00cf9300 DPL=0 DS   [-WA]
FS =0030 0000000000000000 ffffffff 00cf9300 DPL=0 DS   [-WA]
GS =0030 0000000000000000 ffffffff 00cf9300 DPL=0 DS   [-WA]
LDT=0000 0000000000000000 0000ffff 00008200 DPL=0 LDT
TR =0000 0000000000000000 0000ffff 00008b00 DPL=0 TSS64-busy
GDT=     000000007f5dc000 00000047
IDT=     000000007f268018 00000fff
CR0=80010033 CR2=0000000000000000 CR3=000000007f801000 CR4=00000668
DR0=0000000000000000 DR1=0000000000000000 DR2=0000000000000000 DR3=0000000000000000 
DR6=00000000ffff0ff0 DR7=0000000000000400
CCS=0000000000000004 CCD=000000007ff023f0 CCO=EFLAGS
EFER=0000000000000d00
Servicing hardware INT=0x20
   302: v=20 e=0000 i=0 cpl=0 IP=0038:000000007ee3ba01 pc=000000007ee3ba01 SP=0030:000000007ff023f8 env->regs[R_EAX]=0000000000000000
RAX=0000000000000000 RBX=0000000000000004 RCX=000000007ee5ca18 RDX=0000000000000000
RSI=00000000ffffffff RDI=000000007ff1ce70 RBP=000000007ff02470 RSP=000000007ff023f8
R8 =000000007ff1ce60 R9 =000000007ff02331 R10=0000000000000180 R11=000000007ff1d478
R12=000000007ee5ca60 R13=0000000000000100 R14=000000007ff24960 R15=000000007ff24a60
RIP=000000007ee3ba01 RFL=00000206 [-----P-] CPL=0 II=0 A20=1 SMM=0 HLT=0
ES =0030 0000000000000000 ffffffff 00cf9300 DPL=0 DS   [-WA]
CS =0038 0000000000000000 ffffffff 00af9a00 DPL=0 CS64 [-R-]
SS =0030 0000000000000000 ffffffff 00cf9300 DPL=0 DS   [-WA]
DS =0030 0000000000000000 ffffffff 00cf9300 DPL=0 DS   [-WA]
FS =0030 0000000000000000 ffffffff 00cf9300 DPL=0 DS   [-WA]
GS =0030 0000000000000000 ffffffff 00cf9300 DPL=0 DS   [-WA]
LDT=0000 0000000000000000 0000ffff 00008200 DPL=0 LDT
TR =0000 0000000000000000 0000ffff 00008b00 DPL=0 TSS64-busy
GDT=     000000007f5dc000 00000047
IDT=     000000007f268018 00000fff
CR0=80010033 CR2=0000000000000000 CR3=000000007f801000 CR4=00000668
DR0=0000000000000000 DR1=0000000000000000 DR2=0000000000000000 DR3=0000000000000000 
DR6=00000000ffff0ff0 DR7=0000000000000400
CCS=0000000000000004 CCD=000000007ff023f0 CCO=EFLAGS
EFER=0000000000000d00
Servicing hardware INT=0x20
   303: v=20 e=0000 i=0 cpl=0 IP=0038:000000007ee3ba01 pc=000000007ee3ba01 SP=0030:000000007ff023f8 env->regs[R_EAX]=0000000000000000
RAX=0000000000000000 RBX=0000000000000004 RCX=000000007ee5ca18 RDX=0000000000000000
RSI=00000000ffffffff RDI=000000007ff1ce70 RBP=000000007ff02470 RSP=000000007ff023f8
R8 =000000007ff1ce60 R9 =000000007ff02331 R10=0000000000000180 R11=000000007ff1d478
R12=000000007ee5ca60 R13=0000000000000100 R14=000000007ff24960 R15=000000007ff24a60
RIP=000000007ee3ba01 RFL=00000206 [-----P-] CPL=0 II=0 A20=1 SMM=0 HLT=0
ES =0030 0000000000000000 ffffffff 00cf9300 DPL=0 DS   [-WA]
CS =0038 0000000000000000 ffffffff 00af9a00 DPL=0 CS64 [-R-]
SS =0030 0000000000000000 ffffffff 00cf9300 DPL=0 DS   [-WA]
DS =0030 0000000000000000 ffffffff 00cf9300 DPL=0 DS   [-WA]
FS =0030 0000000000000000 ffffffff 00cf9300 DPL=0 DS   [-WA]
GS =0030 0000000000000000 ffffffff 00cf9300 DPL=0 DS   [-WA]
LDT=0000 0000000000000000 0000ffff 00008200 DPL=0 LDT
TR =0000 0000000000000000 0000ffff 00008b00 DPL=0 TSS64-busy
GDT=     000000007f5dc000 00000047
IDT=     000000007f268018 00000fff
CR0=80010033 CR2=0000000000000000 CR3=000000007f801000 CR4=00000668
DR0=0000000000000000 DR1=0000000000000000 DR2=0000000000000000 DR3=0000000000000000 
DR6=00000000ffff0ff0 DR7=0000000000000400
CCS=0000000000000004 CCD=000000007ff023f0 CCO=EFLAGS
EFER=0000000000000d00
Servicing hardware INT=0x20
   304: v=20 e=0000 i=0 cpl=0 IP=0038:000000007ee3ba01 pc=000000007ee3ba01 SP=0030:000000007ff023f8 env->regs[R_EAX]=0000000000000000
RAX=0000000000000000 RBX=0000000000000004 RCX=000000007ee5ca18 RDX=0000000000000000
RSI=00000000ffffffff RDI=000000007ff1ce70 RBP=000000007ff02470 RSP=000000007ff023f8
R8 =000000007ff1ce60 R9 =000000007ff02331 R10=0000000000000180 R11=000000007ff1d478
R12=000000007ee5ca60 R13=0000000000000100 R14=000000007ff24960 R15=000000007ff24a60
RIP=000000007ee3ba01 RFL=00000206 [-----P-] CPL=0 II=0 A20=1 SMM=0 HLT=0
ES =0030 0000000000000000 ffffffff 00cf9300 DPL=0 DS   [-WA]
CS =0038 0000000000000000 ffffffff 00af9a00 DPL=0 CS64 [-R-]
SS =0030 0000000000000000 ffffffff 00cf9300 DPL=0 DS   [-WA]
DS =0030 0000000000000000 ffffffff 00cf9300 DPL=0 DS   [-WA]
FS =0030 0000000000000000 ffffffff 00cf9300 DPL=0 DS   [-WA]
GS =0030 0000000000000000 ffffffff 00cf9300 DPL=0 DS   [-WA]
LDT=0000 0000000000000000 0000ffff 00008200 DPL=0 LDT
TR =0000 0000000000000000 0000ffff 00008b00 DPL=0 TSS64-busy
GDT=     000000007f5dc000 00000047
IDT=     000000007f268018 00000fff
CR0=80010033 CR2=0000000000000000 CR3=000000007f801000 CR4=00000668
DR0=0000000000000000 DR1=0000000000000000 DR2=0000000000000000 DR3=0000000000000000 
DR6=00000000ffff0ff0 DR7=0000000000000400
CCS=0000000000000004 CCD=000000007ff023f0 CCO=EFLAGS
EFER=0000000000000d00
Servicing hardware INT=0x20
   305: v=20 e=0000 i=0 cpl=0 IP=0038:000000007ee3ba01 pc=000000007ee3ba01 SP=0030:000000007ff023f8 env->regs[R_EAX]=0000000000000000
RAX=0000000000000000 RBX=0000000000000004 RCX=000000007ee5ca18 RDX=0000000000000000
RSI=00000000ffffffff RDI=000000007ff1ce70 RBP=000000007ff02470 RSP=000000007ff023f8
R8 =000000007ff1ce60 R9 =000000007ff02331 R10=0000000000000180 R11=000000007ff1d478
R12=000000007ee5ca60 R13=0000000000000100 R14=000000007ff24960 R15=000000007ff24a60
RIP=000000007ee3ba01 RFL=00000206 [-----P-] CPL=0 II=0 A20=1 SMM=0 HLT=0
ES =0030 0000000000000000 ffffffff 00cf9300 DPL=0 DS   [-WA]
CS =0038 0000000000000000 ffffffff 00af9a00 DPL=0 CS64 [-R-]
SS =0030 0000000000000000 ffffffff 00cf9300 DPL=0 DS   [-WA]
DS =0030 0000000000000000 ffffffff 00cf9300 DPL=0 DS   [-WA]
FS =0030 0000000000000000 ffffffff 00cf9300 DPL=0 DS   [-WA]
GS =0030 0000000000000000 ffffffff 00cf9300 DPL=0 DS   [-WA]
LDT=0000 0000000000000000 0000ffff 00008200 DPL=0 LDT
TR =0000 0000000000000000 0000ffff 00008b00 DPL=0 TSS64-busy
GDT=     000000007f5dc000 00000047
IDT=     000000007f268018 00000fff
CR0=80010033 CR2=0000000000000000 CR3=000000007f801000 CR4=00000668
DR0=0000000000000000 DR1=0000000000000000 DR2=0000000000000000 DR3=0000000000000000 
DR6=00000000ffff0ff0 DR7=0000000000000400
CCS=0000000000000004 CCD=000000007ff023f0 CCO=EFLAGS
EFER=0000000000000d00
Servicing hardware INT=0x20
   306: v=20 e=0000 i=0 cpl=0 IP=0038:000000007ee3ba01 pc=000000007ee3ba01 SP=0030:000000007ff023f8 env->regs[R_EAX]=0000000000000000
RAX=0000000000000000 RBX=0000000000000004 RCX=000000007ee5ca18 RDX=0000000000000000
RSI=00000000ffffffff RDI=000000007ff1ce70 RBP=000000007ff02470 RSP=000000007ff023f8
R8 =000000007ff1ce60 R9 =000000007ff02331 R10=0000000000000180 R11=000000007ff1d478
R12=000000007ee5ca60 R13=0000000000000100 R14=000000007ff24960 R15=000000007ff24a60
RIP=000000007ee3ba01 RFL=00000206 [-----P-] CPL=0 II=0 A20=1 SMM=0 HLT=0
ES =0030 0000000000000000 ffffffff 00cf9300 DPL=0 DS   [-WA]
CS =0038 0000000000000000 ffffffff 00af9a00 DPL=0 CS64 [-R-]
SS =0030 0000000000000000 ffffffff 00cf9300 DPL=0 DS   [-WA]
DS =0030 0000000000000000 ffffffff 00cf9300 DPL=0 DS   [-WA]
FS =0030 0000000000000000 ffffffff 00cf9300 DPL=0 DS   [-WA]
GS =0030 0000000000000000 ffffffff 00cf9300 DPL=0 DS   [-WA]
LDT=0000 0000000000000000 0000ffff 00008200 DPL=0 LDT
TR =0000 0000000000000000 0000ffff 00008b00 DPL=0 TSS64-busy
GDT=     000000007f5dc000 00000047
IDT=     000000007f268018 00000fff
CR0=80010033 CR2=0000000000000000 CR3=000000007f801000 CR4=00000668
DR0=0000000000000000 DR1=0000000000000000 DR2=0000000000000000 DR3=0000000000000000 
DR6=00000000ffff0ff0 DR7=0000000000000400
CCS=0000000000000004 CCD=000000007ff023f0 CCO=EFLAGS
EFER=0000000000000d00
Servicing hardware INT=0x20
   307: v=20 e=0000 i=0 cpl=0 IP=0038:000000007ee3ba01 pc=000000007ee3ba01 SP=0030:000000007ff023f8 env->regs[R_EAX]=0000000000000000
RAX=0000000000000000 RBX=0000000000000004 RCX=000000007ee5ca18 RDX=0000000000000000
RSI=00000000ffffffff RDI=000000007ff1ce70 RBP=000000007ff02470 RSP=000000007ff023f8
R8 =000000007ff1ce60 R9 =000000007ff02331 R10=0000000000000180 R11=000000007ff1d478
R12=000000007ee5ca60 R13=0000000000000100 R14=000000007ff24960 R15=000000007ff24a60
RIP=000000007ee3ba01 RFL=00000206 [-----P-] CPL=0 II=0 A20=1 SMM=0 HLT=0
ES =0030 0000000000000000 ffffffff 00cf9300 DPL=0 DS   [-WA]
CS =0038 0000000000000000 ffffffff 00af9a00 DPL=0 CS64 [-R-]
SS =0030 0000000000000000 ffffffff 00cf9300 DPL=0 DS   [-WA]
DS =0030 0000000000000000 ffffffff 00cf9300 DPL=0 DS   [-WA]
FS =0030 0000000000000000 ffffffff 00cf9300 DPL=0 DS   [-WA]
GS =0030 0000000000000000 ffffffff 00cf9300 DPL=0 DS   [-WA]
LDT=0000 0000000000000000 0000ffff 00008200 DPL=0 LDT
TR =0000 0000000000000000 0000ffff 00008b00 DPL=0 TSS64-busy
GDT=     000000007f5dc000 00000047
IDT=     000000007f268018 00000fff
CR0=80010033 CR2=0000000000000000 CR3=000000007f801000 CR4=00000668
DR0=0000000000000000 DR1=0000000000000000 DR2=0000000000000000 DR3=0000000000000000 
DR6=00000000ffff0ff0 DR7=0000000000000400
CCS=0000000000000004 CCD=000000007ff023f0 CCO=EFLAGS
EFER=0000000000000d00
Servicing hardware INT=0x20
   308: v=20 e=0000 i=0 cpl=0 IP=0038:000000007ee3ba01 pc=000000007ee3ba01 SP=0030:000000007ff023f8 env->regs[R_EAX]=0000000000000000
RAX=0000000000000000 RBX=0000000000000004 RCX=000000007ee5ca18 RDX=0000000000000000
RSI=00000000ffffffff RDI=000000007ff1ce70 RBP=000000007ff02470 RSP=000000007ff023f8
R8 =000000007ff1ce60 R9 =000000007ff02331 R10=0000000000000180 R11=000000007ff1d478
R12=000000007ee5ca60 R13=0000000000000100 R14=000000007ff24960 R15=000000007ff24a60
RIP=000000007ee3ba01 RFL=00000206 [-----P-] CPL=0 II=0 A20=1 SMM=0 HLT=0
ES =0030 0000000000000000 ffffffff 00cf9300 DPL=0 DS   [-WA]
CS =0038 0000000000000000 ffffffff 00af9a00 DPL=0 CS64 [-R-]
SS =0030 0000000000000000 ffffffff 00cf9300 DPL=0 DS   [-WA]
DS =0030 0000000000000000 ffffffff 00cf9300 DPL=0 DS   [-WA]
FS =0030 0000000000000000 ffffffff 00cf9300 DPL=0 DS   [-WA]
GS =0030 0000000000000000 ffffffff 00cf9300 DPL=0 DS   [-WA]
LDT=0000 0000000000000000 0000ffff 00008200 DPL=0 LDT
TR =0000 0000000000000000 0000ffff 00008b00 DPL=0 TSS64-busy
GDT=     000000007f5dc000 00000047
IDT=     000000007f268018 00000fff
CR0=80010033 CR2=0000000000000000 CR3=000000007f801000 CR4=00000668
DR0=0000000000000000 DR1=0000000000000000 DR2=0000000000000000 DR3=0000000000000000 
DR6=00000000ffff0ff0 DR7=0000000000000400
CCS=0000000000000004 CCD=000000007ff023f0 CCO=EFLAGS
EFER=0000000000000d00
Servicing hardware INT=0x20
   309: v=20 e=0000 i=0 cpl=0 IP=0038:000000007ee3ba01 pc=000000007ee3ba01 SP=0030:000000007ff023f8 env->regs[R_EAX]=0000000000000000
RAX=0000000000000000 RBX=0000000000000004 RCX=000000007ee5ca18 RDX=0000000000000000
RSI=00000000ffffffff RDI=000000007ff1ce70 RBP=000000007ff02470 RSP=000000007ff023f8
R8 =000000007ff1ce60 R9 =000000007ff02331 R10=0000000000000180 R11=000000007ff1d478
R12=000000007ee5ca60 R13=0000000000000100 R14=000000007ff24960 R15=000000007ff24a60
RIP=000000007ee3ba01 RFL=00000206 [-----P-] CPL=0 II=0 A20=1 SMM=0 HLT=0
ES =0030 0000000000000000 ffffffff 00cf9300 DPL=0 DS   [-WA]
CS =0038 0000000000000000 ffffffff 00af9a00 DPL=0 CS64 [-R-]
SS =0030 0000000000000000 ffffffff 00cf9300 DPL=0 DS   [-WA]
DS =0030 0000000000000000 ffffffff 00cf9300 DPL=0 DS   [-WA]
FS =0030 0000000000000000 ffffffff 00cf9300 DPL=0 DS   [-WA]
GS =0030 0000000000000000 ffffffff 00cf9300 DPL=0 DS   [-WA]
LDT=0000 0000000000000000 0000ffff 00008200 DPL=0 LDT
TR =0000 0000000000000000 0000ffff 00008b00 DPL=0 TSS64-busy
GDT=     000000007f5dc000 00000047
IDT=     000000007f268018 00000fff
CR0=80010033 CR2=0000000000000000 CR3=000000007f801000 CR4=00000668
DR0=0000000000000000 DR1=0000000000000000 DR2=0000000000000000 DR3=0000000000000000 
DR6=00000000ffff0ff0 DR7=0000000000000400
CCS=0000000000000004 CCD=000000007ff023f0 CCO=EFLAGS
EFER=0000000000000d00
Servicing hardware INT=0x20
   310: v=20 e=0000 i=0 cpl=0 IP=0038:000000007ee3ba01 pc=000000007ee3ba01 SP=0030:000000007ff023f8 env->regs[R_EAX]=0000000000000000
RAX=0000000000000000 RBX=0000000000000004 RCX=000000007ee5ca18 RDX=0000000000000000
RSI=00000000ffffffff RDI=000000007ff1ce70 RBP=000000007ff02470 RSP=000000007ff023f8
R8 =000000007ff1ce60 R9 =000000007ff02331 R10=0000000000000180 R11=000000007ff1d478
R12=000000007ee5ca60 R13=0000000000000100 R14=000000007ff24960 R15=000000007ff24a60
RIP=000000007ee3ba01 RFL=00000206 [-----P-] CPL=0 II=0 A20=1 SMM=0 HLT=0
ES =0030 0000000000000000 ffffffff 00cf9300 DPL=0 DS   [-WA]
CS =0038 0000000000000000 ffffffff 00af9a00 DPL=0 CS64 [-R-]
SS =0030 0000000000000000 ffffffff 00cf9300 DPL=0 DS   [-WA]
DS =0030 0000000000000000 ffffffff 00cf9300 DPL=0 DS   [-WA]
FS =0030 0000000000000000 ffffffff 00cf9300 DPL=0 DS   [-WA]
GS =0030 0000000000000000 ffffffff 00cf9300 DPL=0 DS   [-WA]
LDT=0000 0000000000000000 0000ffff 00008200 DPL=0 LDT
TR =0000 0000000000000000 0000ffff 00008b00 DPL=0 TSS64-busy
GDT=     000000007f5dc000 00000047
IDT=     000000007f268018 00000fff
CR0=80010033 CR2=0000000000000000 CR3=000000007f801000 CR4=00000668
DR0=0000000000000000 DR1=0000000000000000 DR2=0000000000000000 DR3=0000000000000000 
DR6=00000000ffff0ff0 DR7=0000000000000400
CCS=0000000000000004 CCD=000000007ff023f0 CCO=EFLAGS
EFER=0000000000000d00
Servicing hardware INT=0x20
   311: v=20 e=0000 i=0 cpl=0 IP=0038:000000007ee3ba01 pc=000000007ee3ba01 SP=0030:000000007ff023f8 env->regs[R_EAX]=0000000000000000
RAX=0000000000000000 RBX=0000000000000004 RCX=000000007ee5ca18 RDX=0000000000000000
RSI=00000000ffffffff RDI=000000007ff1ce70 RBP=000000007ff02470 RSP=000000007ff023f8
R8 =000000007ff1ce60 R9 =000000007ff02331 R10=0000000000000180 R11=000000007ff1d478
R12=000000007ee5ca60 R13=0000000000000100 R14=000000007ff24960 R15=000000007ff24a60
RIP=000000007ee3ba01 RFL=00000206 [-----P-] CPL=0 II=0 A20=1 SMM=0 HLT=0
ES =0030 0000000000000000 ffffffff 00cf9300 DPL=0 DS   [-WA]
CS =0038 0000000000000000 ffffffff 00af9a00 DPL=0 CS64 [-R-]
SS =0030 0000000000000000 ffffffff 00cf9300 DPL=0 DS   [-WA]
DS =0030 0000000000000000 ffffffff 00cf9300 DPL=0 DS   [-WA]
FS =0030 0000000000000000 ffffffff 00cf9300 DPL=0 DS   [-WA]
GS =0030 0000000000000000 ffffffff 00cf9300 DPL=0 DS   [-WA]
LDT=0000 0000000000000000 0000ffff 00008200 DPL=0 LDT
TR =0000 0000000000000000 0000ffff 00008b00 DPL=0 TSS64-busy
GDT=     000000007f5dc000 00000047
IDT=     000000007f268018 00000fff
CR0=80010033 CR2=0000000000000000 CR3=000000007f801000 CR4=00000668
DR0=0000000000000000 DR1=0000000000000000 DR2=0000000000000000 DR3=0000000000000000 
DR6=00000000ffff0ff0 DR7=0000000000000400
CCS=0000000000000004 CCD=000000007ff023f0 CCO=EFLAGS
EFER=0000000000000d00
Servicing hardware INT=0x20
   312: v=20 e=0000 i=0 cpl=0 IP=0038:000000007ee3ba01 pc=000000007ee3ba01 SP=0030:000000007ff023f8 env->regs[R_EAX]=0000000000000000
RAX=0000000000000000 RBX=0000000000000004 RCX=000000007ee5ca18 RDX=0000000000000000
RSI=00000000ffffffff RDI=000000007ff1ce70 RBP=000000007ff02470 RSP=000000007ff023f8
R8 =000000007ff1ce60 R9 =000000007ff02331 R10=0000000000000180 R11=000000007ff1d478
R12=000000007ee5ca60 R13=0000000000000100 R14=000000007ff24960 R15=000000007ff24a60
RIP=000000007ee3ba01 RFL=00000206 [-----P-] CPL=0 II=0 A20=1 SMM=0 HLT=0
ES =0030 0000000000000000 ffffffff 00cf9300 DPL=0 DS   [-WA]
CS =0038 0000000000000000 ffffffff 00af9a00 DPL=0 CS64 [-R-]
SS =0030 0000000000000000 ffffffff 00cf9300 DPL=0 DS   [-WA]
DS =0030 0000000000000000 ffffffff 00cf9300 DPL=0 DS   [-WA]
FS =0030 0000000000000000 ffffffff 00cf9300 DPL=0 DS   [-WA]
GS =0030 0000000000000000 ffffffff 00cf9300 DPL=0 DS   [-WA]
LDT=0000 0000000000000000 0000ffff 00008200 DPL=0 LDT
TR =0000 0000000000000000 0000ffff 00008b00 DPL=0 TSS64-busy
GDT=     000000007f5dc000 00000047
IDT=     000000007f268018 00000fff
CR0=80010033 CR2=0000000000000000 CR3=000000007f801000 CR4=00000668
DR0=0000000000000000 DR1=0000000000000000 DR2=0000000000000000 DR3=0000000000000000 
DR6=00000000ffff0ff0 DR7=0000000000000400
CCS=0000000000000004 CCD=000000007ff023f0 CCO=EFLAGS
EFER=0000000000000d00
Servicing hardware INT=0x20
   313: v=20 e=0000 i=0 cpl=0 IP=0038:000000007ee3ba01 pc=000000007ee3ba01 SP=0030:000000007ff023f8 env->regs[R_EAX]=0000000000000000
RAX=0000000000000000 RBX=0000000000000004 RCX=000000007ee5ca18 RDX=0000000000000000
RSI=00000000ffffffff RDI=000000007ff1ce70 RBP=000000007ff02470 RSP=000000007ff023f8
R8 =000000007ff1ce60 R9 =000000007ff02331 R10=0000000000000180 R11=000000007ff1d478
R12=000000007ee5ca60 R13=0000000000000100 R14=000000007ff24960 R15=000000007ff24a60
RIP=000000007ee3ba01 RFL=00000206 [-----P-] CPL=0 II=0 A20=1 SMM=0 HLT=0
ES =0030 0000000000000000 ffffffff 00cf9300 DPL=0 DS   [-WA]
CS =0038 0000000000000000 ffffffff 00af9a00 DPL=0 CS64 [-R-]
SS =0030 0000000000000000 ffffffff 00cf9300 DPL=0 DS   [-WA]
DS =0030 0000000000000000 ffffffff 00cf9300 DPL=0 DS   [-WA]
FS =0030 0000000000000000 ffffffff 00cf9300 DPL=0 DS   [-WA]
GS =0030 0000000000000000 ffffffff 00cf9300 DPL=0 DS   [-WA]
LDT=0000 0000000000000000 0000ffff 00008200 DPL=0 LDT
TR =0000 0000000000000000 0000ffff 00008b00 DPL=0 TSS64-busy
GDT=     000000007f5dc000 00000047
IDT=     000000007f268018 00000fff
CR0=80010033 CR2=0000000000000000 CR3=000000007f801000 CR4=00000668
DR0=0000000000000000 DR1=0000000000000000 DR2=0000000000000000 DR3=0000000000000000 
DR6=00000000ffff0ff0 DR7=0000000000000400
CCS=0000000000000004 CCD=000000007ff023f0 CCO=EFLAGS
EFER=0000000000000d00
Servicing hardware INT=0x20
   314: v=20 e=0000 i=0 cpl=0 IP=0038:000000007ee3ba01 pc=000000007ee3ba01 SP=0030:000000007ff023f8 env->regs[R_EAX]=0000000000000000
RAX=0000000000000000 RBX=0000000000000004 RCX=000000007ee5ca18 RDX=0000000000000000
RSI=00000000ffffffff RDI=000000007ff1ce70 RBP=000000007ff02470 RSP=000000007ff023f8
R8 =000000007ff1ce60 R9 =000000007ff02331 R10=0000000000000080 R11=000000007e621908
R12=000000007ee5ca60 R13=0000000000000100 R14=000000007ff24960 R15=000000007ff24a60
RIP=000000007ee3ba01 RFL=00000206 [-----P-] CPL=0 II=0 A20=1 SMM=0 HLT=0
ES =0030 0000000000000000 ffffffff 00cf9300 DPL=0 DS   [-WA]
CS =0038 0000000000000000 ffffffff 00af9a00 DPL=0 CS64 [-R-]
SS =0030 0000000000000000 ffffffff 00cf9300 DPL=0 DS   [-WA]
DS =0030 0000000000000000 ffffffff 00cf9300 DPL=0 DS   [-WA]
FS =0030 0000000000000000 ffffffff 00cf9300 DPL=0 DS   [-WA]
GS =0030 0000000000000000 ffffffff 00cf9300 DPL=0 DS   [-WA]
LDT=0000 0000000000000000 0000ffff 00008200 DPL=0 LDT
TR =0000 0000000000000000 0000ffff 00008b00 DPL=0 TSS64-busy
GDT=     000000007f5dc000 00000047
IDT=     000000007f268018 00000fff
CR0=80010033 CR2=0000000000000000 CR3=000000007f801000 CR4=00000668
DR0=0000000000000000 DR1=0000000000000000 DR2=0000000000000000 DR3=0000000000000000 
DR6=00000000ffff0ff0 DR7=0000000000000400
CCS=0000000000000004 CCD=000000007ff023f0 CCO=EFLAGS
EFER=0000000000000d00
Servicing hardware INT=0x20
   315: v=20 e=0000 i=0 cpl=0 IP=0038:000000007ee3ba01 pc=000000007ee3ba01 SP=0030:000000007ff023f8 env->regs[R_EAX]=0000000000000000
RAX=0000000000000000 RBX=0000000000000004 RCX=000000007ee5ca18 RDX=0000000000000000
RSI=00000000ffffffff RDI=000000007ff1ce70 RBP=000000007ff02470 RSP=000000007ff023f8
R8 =000000007ff1ce60 R9 =000000007ff02331 R10=0000000000000080 R11=000000007e621908
R12=000000007ee5ca60 R13=0000000000000100 R14=000000007ff24960 R15=000000007ff24a60
RIP=000000007ee3ba01 RFL=00000206 [-----P-] CPL=0 II=0 A20=1 SMM=0 HLT=0
ES =0030 0000000000000000 ffffffff 00cf9300 DPL=0 DS   [-WA]
CS =0038 0000000000000000 ffffffff 00af9a00 DPL=0 CS64 [-R-]
SS =0030 0000000000000000 ffffffff 00cf9300 DPL=0 DS   [-WA]
DS =0030 0000000000000000 ffffffff 00cf9300 DPL=0 DS   [-WA]
FS =0030 0000000000000000 ffffffff 00cf9300 DPL=0 DS   [-WA]
GS =0030 0000000000000000 ffffffff 00cf9300 DPL=0 DS   [-WA]
LDT=0000 0000000000000000 0000ffff 00008200 DPL=0 LDT
TR =0000 0000000000000000 0000ffff 00008b00 DPL=0 TSS64-busy
GDT=     000000007f5dc000 00000047
IDT=     000000007f268018 00000fff
CR0=80010033 CR2=0000000000000000 CR3=000000007f801000 CR4=00000668
DR0=0000000000000000 DR1=0000000000000000 DR2=0000000000000000 DR3=0000000000000000 
DR6=00000000ffff0ff0 DR7=0000000000000400
CCS=0000000000000004 CCD=000000007ff023f0 CCO=EFLAGS
EFER=0000000000000d00
Servicing hardware INT=0x20
   316: v=20 e=0000 i=0 cpl=0 IP=0038:000000007ee3ba01 pc=000000007ee3ba01 SP=0030:000000007ff023f8 env->regs[R_EAX]=0000000000000000
RAX=0000000000000000 RBX=0000000000000004 RCX=000000007ee5ca18 RDX=0000000000000000
RSI=00000000ffffffff RDI=000000007ff1ce70 RBP=000000007ff02470 RSP=000000007ff023f8
R8 =000000007ff1ce60 R9 =000000007ff02331 R10=0000000000000080 R11=000000007e621908
R12=000000007ee5ca60 R13=0000000000000100 R14=000000007ff24960 R15=000000007ff24a60
RIP=000000007ee3ba01 RFL=00000206 [-----P-] CPL=0 II=0 A20=1 SMM=0 HLT=0
ES =0030 0000000000000000 ffffffff 00cf9300 DPL=0 DS   [-WA]
CS =0038 0000000000000000 ffffffff 00af9a00 DPL=0 CS64 [-R-]
SS =0030 0000000000000000 ffffffff 00cf9300 DPL=0 DS   [-WA]
DS =0030 0000000000000000 ffffffff 00cf9300 DPL=0 DS   [-WA]
FS =0030 0000000000000000 ffffffff 00cf9300 DPL=0 DS   [-WA]
GS =0030 0000000000000000 ffffffff 00cf9300 DPL=0 DS   [-WA]
LDT=0000 0000000000000000 0000ffff 00008200 DPL=0 LDT
TR =0000 0000000000000000 0000ffff 00008b00 DPL=0 TSS64-busy
GDT=     000000007f5dc000 00000047
IDT=     000000007f268018 00000fff
CR0=80010033 CR2=0000000000000000 CR3=000000007f801000 CR4=00000668
DR0=0000000000000000 DR1=0000000000000000 DR2=0000000000000000 DR3=0000000000000000 
DR6=00000000ffff0ff0 DR7=0000000000000400
CCS=0000000000000004 CCD=000000007ff023f0 CCO=EFLAGS
EFER=0000000000000d00
Servicing hardware INT=0x20
   317: v=20 e=0000 i=0 cpl=0 IP=0038:000000007ee3ba01 pc=000000007ee3ba01 SP=0030:000000007ff023f8 env->regs[R_EAX]=0000000000000000
RAX=0000000000000000 RBX=0000000000000004 RCX=000000007ee5ca18 RDX=0000000000000000
RSI=00000000ffffffff RDI=000000007ff1ce70 RBP=000000007ff02470 RSP=000000007ff023f8
R8 =000000007ff1ce60 R9 =000000007ff02331 R10=0000000000000080 R11=000000007e621908
R12=000000007ee5ca60 R13=0000000000000100 R14=000000007ff24960 R15=000000007ff24a60
RIP=000000007ee3ba01 RFL=00000206 [-----P-] CPL=0 II=0 A20=1 SMM=0 HLT=0
ES =0030 0000000000000000 ffffffff 00cf9300 DPL=0 DS   [-WA]
CS =0038 0000000000000000 ffffffff 00af9a00 DPL=0 CS64 [-R-]
SS =0030 0000000000000000 ffffffff 00cf9300 DPL=0 DS   [-WA]
DS =0030 0000000000000000 ffffffff 00cf9300 DPL=0 DS   [-WA]
FS =0030 0000000000000000 ffffffff 00cf9300 DPL=0 DS   [-WA]
GS =0030 0000000000000000 ffffffff 00cf9300 DPL=0 DS   [-WA]
LDT=0000 0000000000000000 0000ffff 00008200 DPL=0 LDT
TR =0000 0000000000000000 0000ffff 00008b00 DPL=0 TSS64-busy
GDT=     000000007f5dc000 00000047
IDT=     000000007f268018 00000fff
CR0=80010033 CR2=0000000000000000 CR3=000000007f801000 CR4=00000668
DR0=0000000000000000 DR1=0000000000000000 DR2=0000000000000000 DR3=0000000000000000 
DR6=00000000ffff0ff0 DR7=0000000000000400
CCS=0000000000000004 CCD=000000007ff023f0 CCO=EFLAGS
EFER=0000000000000d00
Servicing hardware INT=0x20
   318: v=20 e=0000 i=0 cpl=0 IP=0038:000000007ee3ba01 pc=000000007ee3ba01 SP=0030:000000007ff023f8 env->regs[R_EAX]=0000000000000000
RAX=0000000000000000 RBX=0000000000000004 RCX=000000007ee5ca18 RDX=0000000000000000
RSI=00000000ffffffff RDI=000000007ff1ce70 RBP=000000007ff02470 RSP=000000007ff023f8
R8 =000000007ff1ce60 R9 =000000007ff02331 R10=0000000000000080 R11=000000007e621908
R12=000000007ee5ca60 R13=0000000000000100 R14=000000007ff24960 R15=000000007ff24a60
RIP=000000007ee3ba01 RFL=00000206 [-----P-] CPL=0 II=0 A20=1 SMM=0 HLT=0
ES =0030 0000000000000000 ffffffff 00cf9300 DPL=0 DS   [-WA]
CS =0038 0000000000000000 ffffffff 00af9a00 DPL=0 CS64 [-R-]
SS =0030 0000000000000000 ffffffff 00cf9300 DPL=0 DS   [-WA]
DS =0030 0000000000000000 ffffffff 00cf9300 DPL=0 DS   [-WA]
FS =0030 0000000000000000 ffffffff 00cf9300 DPL=0 DS   [-WA]
GS =0030 0000000000000000 ffffffff 00cf9300 DPL=0 DS   [-WA]
LDT=0000 0000000000000000 0000ffff 00008200 DPL=0 LDT
TR =0000 0000000000000000 0000ffff 00008b00 DPL=0 TSS64-busy
GDT=     000000007f5dc000 00000047
IDT=     000000007f268018 00000fff
CR0=80010033 CR2=0000000000000000 CR3=000000007f801000 CR4=00000668
DR0=0000000000000000 DR1=0000000000000000 DR2=0000000000000000 DR3=0000000000000000 
DR6=00000000ffff0ff0 DR7=0000000000000400
CCS=0000000000000004 CCD=000000007ff023f0 CCO=EFLAGS
EFER=0000000000000d00
Servicing hardware INT=0x20
   319: v=20 e=0000 i=0 cpl=0 IP=0038:000000007ee3ba01 pc=000000007ee3ba01 SP=0030:000000007ff023f8 env->regs[R_EAX]=0000000000000000
RAX=0000000000000000 RBX=0000000000000004 RCX=000000007ee5ca18 RDX=0000000000000000
RSI=00000000ffffffff RDI=000000007ff1ce70 RBP=000000007ff02470 RSP=000000007ff023f8
R8 =000000007ff1ce60 R9 =000000007ff02331 R10=0000000000000080 R11=000000007e621908
R12=000000007ee5ca60 R13=0000000000000100 R14=000000007ff24960 R15=000000007ff24a60
RIP=000000007ee3ba01 RFL=00000206 [-----P-] CPL=0 II=0 A20=1 SMM=0 HLT=0
ES =0030 0000000000000000 ffffffff 00cf9300 DPL=0 DS   [-WA]
CS =0038 0000000000000000 ffffffff 00af9a00 DPL=0 CS64 [-R-]
SS =0030 0000000000000000 ffffffff 00cf9300 DPL=0 DS   [-WA]
DS =0030 0000000000000000 ffffffff 00cf9300 DPL=0 DS   [-WA]
FS =0030 0000000000000000 ffffffff 00cf9300 DPL=0 DS   [-WA]
GS =0030 0000000000000000 ffffffff 00cf9300 DPL=0 DS   [-WA]
LDT=0000 0000000000000000 0000ffff 00008200 DPL=0 LDT
TR =0000 0000000000000000 0000ffff 00008b00 DPL=0 TSS64-busy
GDT=     000000007f5dc000 00000047
IDT=     000000007f268018 00000fff
CR0=80010033 CR2=0000000000000000 CR3=000000007f801000 CR4=00000668
DR0=0000000000000000 DR1=0000000000000000 DR2=0000000000000000 DR3=0000000000000000 
DR6=00000000ffff0ff0 DR7=0000000000000400
CCS=0000000000000004 CCD=000000007ff023f0 CCO=EFLAGS
EFER=0000000000000d00
Servicing hardware INT=0x20
   320: v=20 e=0000 i=0 cpl=0 IP=0038:000000007ee3ba01 pc=000000007ee3ba01 SP=0030:000000007ff023f8 env->regs[R_EAX]=0000000000000000
RAX=0000000000000000 RBX=0000000000000004 RCX=000000007ee5ca18 RDX=0000000000000000
RSI=00000000ffffffff RDI=000000007ff1ce70 RBP=000000007ff02470 RSP=000000007ff023f8
R8 =000000007ff1ce60 R9 =000000007ff02331 R10=0000000000000080 R11=000000007e621908
R12=000000007ee5ca60 R13=0000000000000100 R14=000000007ff24960 R15=000000007ff24a60
RIP=000000007ee3ba01 RFL=00000206 [-----P-] CPL=0 II=0 A20=1 SMM=0 HLT=0
ES =0030 0000000000000000 ffffffff 00cf9300 DPL=0 DS   [-WA]
CS =0038 0000000000000000 ffffffff 00af9a00 DPL=0 CS64 [-R-]
SS =0030 0000000000000000 ffffffff 00cf9300 DPL=0 DS   [-WA]
DS =0030 0000000000000000 ffffffff 00cf9300 DPL=0 DS   [-WA]
FS =0030 0000000000000000 ffffffff 00cf9300 DPL=0 DS   [-WA]
GS =0030 0000000000000000 ffffffff 00cf9300 DPL=0 DS   [-WA]
LDT=0000 0000000000000000 0000ffff 00008200 DPL=0 LDT
TR =0000 0000000000000000 0000ffff 00008b00 DPL=0 TSS64-busy
GDT=     000000007f5dc000 00000047
IDT=     000000007f268018 00000fff
CR0=80010033 CR2=0000000000000000 CR3=000000007f801000 CR4=00000668
DR0=0000000000000000 DR1=0000000000000000 DR2=0000000000000000 DR3=0000000000000000 
DR6=00000000ffff0ff0 DR7=0000000000000400
CCS=0000000000000004 CCD=000000007ff023f0 CCO=EFLAGS
EFER=0000000000000d00
Servicing hardware INT=0x20
   321: v=20 e=0000 i=0 cpl=0 IP=0038:000000007ee3ba01 pc=000000007ee3ba01 SP=0030:000000007ff023f8 env->regs[R_EAX]=0000000000000000
RAX=0000000000000000 RBX=0000000000000004 RCX=000000007ee5ca18 RDX=0000000000000000
RSI=00000000ffffffff RDI=000000007ff1ce70 RBP=000000007ff02470 RSP=000000007ff023f8
R8 =000000007ff1ce60 R9 =000000007ff02331 R10=0000000000000080 R11=000000007e621908
R12=000000007ee5ca60 R13=0000000000000100 R14=000000007ff24960 R15=000000007ff24a60
RIP=000000007ee3ba01 RFL=00000206 [-----P-] CPL=0 II=0 A20=1 SMM=0 HLT=0
ES =0030 0000000000000000 ffffffff 00cf9300 DPL=0 DS   [-WA]
CS =0038 0000000000000000 ffffffff 00af9a00 DPL=0 CS64 [-R-]
SS =0030 0000000000000000 ffffffff 00cf9300 DPL=0 DS   [-WA]
DS =0030 0000000000000000 ffffffff 00cf9300 DPL=0 DS   [-WA]
FS =0030 0000000000000000 ffffffff 00cf9300 DPL=0 DS   [-WA]
GS =0030 0000000000000000 ffffffff 00cf9300 DPL=0 DS   [-WA]
LDT=0000 0000000000000000 0000ffff 00008200 DPL=0 LDT
TR =0000 0000000000000000 0000ffff 00008b00 DPL=0 TSS64-busy
GDT=     000000007f5dc000 00000047
IDT=     000000007f268018 00000fff
CR0=80010033 CR2=0000000000000000 CR3=000000007f801000 CR4=00000668
DR0=0000000000000000 DR1=0000000000000000 DR2=0000000000000000 DR3=0000000000000000 
DR6=00000000ffff0ff0 DR7=0000000000000400
CCS=0000000000000004 CCD=000000007ff023f0 CCO=EFLAGS
EFER=0000000000000d00
Servicing hardware INT=0x20
   322: v=20 e=0000 i=0 cpl=0 IP=0038:000000007ee3ba01 pc=000000007ee3ba01 SP=0030:000000007ff023f8 env->regs[R_EAX]=0000000000000000
RAX=0000000000000000 RBX=0000000000000004 RCX=000000007ee5ca18 RDX=0000000000000000
RSI=00000000ffffffff RDI=000000007ff1ce70 RBP=000000007ff02470 RSP=000000007ff023f8
R8 =000000007ff1ce60 R9 =000000007ff02331 R10=0000000000000080 R11=000000007e621908
R12=000000007ee5ca60 R13=0000000000000100 R14=000000007ff24960 R15=000000007ff24a60
RIP=000000007ee3ba01 RFL=00000206 [-----P-] CPL=0 II=0 A20=1 SMM=0 HLT=0
ES =0030 0000000000000000 ffffffff 00cf9300 DPL=0 DS   [-WA]
CS =0038 0000000000000000 ffffffff 00af9a00 DPL=0 CS64 [-R-]
SS =0030 0000000000000000 ffffffff 00cf9300 DPL=0 DS   [-WA]
DS =0030 0000000000000000 ffffffff 00cf9300 DPL=0 DS   [-WA]
FS =0030 0000000000000000 ffffffff 00cf9300 DPL=0 DS   [-WA]
GS =0030 0000000000000000 ffffffff 00cf9300 DPL=0 DS   [-WA]
LDT=0000 0000000000000000 0000ffff 00008200 DPL=0 LDT
TR =0000 0000000000000000 0000ffff 00008b00 DPL=0 TSS64-busy
GDT=     000000007f5dc000 00000047
IDT=     000000007f268018 00000fff
CR0=80010033 CR2=0000000000000000 CR3=000000007f801000 CR4=00000668
DR0=0000000000000000 DR1=0000000000000000 DR2=0000000000000000 DR3=0000000000000000 
DR6=00000000ffff0ff0 DR7=0000000000000400
CCS=0000000000000004 CCD=000000007ff023f0 CCO=EFLAGS
EFER=0000000000000d00
Servicing hardware INT=0x20
   323: v=20 e=0000 i=0 cpl=0 IP=0038:000000007ee3ba01 pc=000000007ee3ba01 SP=0030:000000007ff023f8 env->regs[R_EAX]=0000000000000000
RAX=0000000000000000 RBX=0000000000000004 RCX=000000007ee5ca18 RDX=0000000000000000
RSI=00000000ffffffff RDI=000000007ff1ce70 RBP=000000007ff02470 RSP=000000007ff023f8
R8 =000000007ff1ce60 R9 =000000007ff02331 R10=0000000000000080 R11=000000007e621908
R12=000000007ee5ca60 R13=0000000000000100 R14=000000007ff24960 R15=000000007ff24a60
RIP=000000007ee3ba01 RFL=00000206 [-----P-] CPL=0 II=0 A20=1 SMM=0 HLT=0
ES =0030 0000000000000000 ffffffff 00cf9300 DPL=0 DS   [-WA]
CS =0038 0000000000000000 ffffffff 00af9a00 DPL=0 CS64 [-R-]
SS =0030 0000000000000000 ffffffff 00cf9300 DPL=0 DS   [-WA]
DS =0030 0000000000000000 ffffffff 00cf9300 DPL=0 DS   [-WA]
FS =0030 0000000000000000 ffffffff 00cf9300 DPL=0 DS   [-WA]
GS =0030 0000000000000000 ffffffff 00cf9300 DPL=0 DS   [-WA]
LDT=0000 0000000000000000 0000ffff 00008200 DPL=0 LDT
TR =0000 0000000000000000 0000ffff 00008b00 DPL=0 TSS64-busy
GDT=     000000007f5dc000 00000047
IDT=     000000007f268018 00000fff
CR0=80010033 CR2=0000000000000000 CR3=000000007f801000 CR4=00000668
DR0=0000000000000000 DR1=0000000000000000 DR2=0000000000000000 DR3=0000000000000000 
DR6=00000000ffff0ff0 DR7=0000000000000400
CCS=0000000000000004 CCD=000000007ff023f0 CCO=EFLAGS
EFER=0000000000000d00
Servicing hardware INT=0x20
   324: v=20 e=0000 i=0 cpl=0 IP=0038:000000007ee3ba01 pc=000000007ee3ba01 SP=0030:000000007ff023f8 env->regs[R_EAX]=0000000000000000
RAX=0000000000000000 RBX=0000000000000004 RCX=000000007ee5ca18 RDX=0000000000000000
RSI=00000000ffffffff RDI=000000007ff1ce70 RBP=000000007ff02470 RSP=000000007ff023f8
R8 =000000007ff1ce60 R9 =000000007ff02331 R10=0000000000000080 R11=000000007e621908
R12=000000007ee5ca60 R13=0000000000000100 R14=000000007ff24960 R15=000000007ff24a60
RIP=000000007ee3ba01 RFL=00000206 [-----P-] CPL=0 II=0 A20=1 SMM=0 HLT=0
ES =0030 0000000000000000 ffffffff 00cf9300 DPL=0 DS   [-WA]
CS =0038 0000000000000000 ffffffff 00af9a00 DPL=0 CS64 [-R-]
SS =0030 0000000000000000 ffffffff 00cf9300 DPL=0 DS   [-WA]
DS =0030 0000000000000000 ffffffff 00cf9300 DPL=0 DS   [-WA]
FS =0030 0000000000000000 ffffffff 00cf9300 DPL=0 DS   [-WA]
GS =0030 0000000000000000 ffffffff 00cf9300 DPL=0 DS   [-WA]
LDT=0000 0000000000000000 0000ffff 00008200 DPL=0 LDT
TR =0000 0000000000000000 0000ffff 00008b00 DPL=0 TSS64-busy
GDT=     000000007f5dc000 00000047
IDT=     000000007f268018 00000fff
CR0=80010033 CR2=0000000000000000 CR3=000000007f801000 CR4=00000668
DR0=0000000000000000 DR1=0000000000000000 DR2=0000000000000000 DR3=0000000000000000 
DR6=00000000ffff0ff0 DR7=0000000000000400
CCS=0000000000000004 CCD=000000007ff023f0 CCO=EFLAGS
EFER=0000000000000d00
Servicing hardware INT=0x20
   325: v=20 e=0000 i=0 cpl=0 IP=0038:000000007ee3ba01 pc=000000007ee3ba01 SP=0030:000000007ff023f8 env->regs[R_EAX]=0000000000000000
RAX=0000000000000000 RBX=0000000000000004 RCX=000000007ee5ca18 RDX=0000000000000000
RSI=00000000ffffffff RDI=000000007ff1ce70 RBP=000000007ff02470 RSP=000000007ff023f8
R8 =000000007ff1ce60 R9 =000000007ff02331 R10=0000000000000080 R11=000000007e621908
R12=000000007ee5ca60 R13=0000000000000100 R14=000000007ff24960 R15=000000007ff24a60
RIP=000000007ee3ba01 RFL=00000206 [-----P-] CPL=0 II=0 A20=1 SMM=0 HLT=0
ES =0030 0000000000000000 ffffffff 00cf9300 DPL=0 DS   [-WA]
CS =0038 0000000000000000 ffffffff 00af9a00 DPL=0 CS64 [-R-]
SS =0030 0000000000000000 ffffffff 00cf9300 DPL=0 DS   [-WA]
DS =0030 0000000000000000 ffffffff 00cf9300 DPL=0 DS   [-WA]
FS =0030 0000000000000000 ffffffff 00cf9300 DPL=0 DS   [-WA]
GS =0030 0000000000000000 ffffffff 00cf9300 DPL=0 DS   [-WA]
LDT=0000 0000000000000000 0000ffff 00008200 DPL=0 LDT
TR =0000 0000000000000000 0000ffff 00008b00 DPL=0 TSS64-busy
GDT=     000000007f5dc000 00000047
IDT=     000000007f268018 00000fff
CR0=80010033 CR2=0000000000000000 CR3=000000007f801000 CR4=00000668
DR0=0000000000000000 DR1=0000000000000000 DR2=0000000000000000 DR3=0000000000000000 
DR6=00000000ffff0ff0 DR7=0000000000000400
CCS=0000000000000004 CCD=000000007ff023f0 CCO=EFLAGS
EFER=0000000000000d00
Servicing hardware INT=0x20
   326: v=20 e=0000 i=0 cpl=0 IP=0038:000000007ee3ba01 pc=000000007ee3ba01 SP=0030:000000007ff023f8 env->regs[R_EAX]=0000000000000000
RAX=0000000000000000 RBX=0000000000000004 RCX=000000007ee5ca18 RDX=0000000000000000
RSI=00000000ffffffff RDI=000000007ff1ce70 RBP=000000007ff02470 RSP=000000007ff023f8
R8 =000000007ff1ce60 R9 =000000007ff02331 R10=0000000000000080 R11=000000007e621908
R12=000000007ee5ca60 R13=0000000000000100 R14=000000007ff24960 R15=000000007ff24a60
RIP=000000007ee3ba01 RFL=00000206 [-----P-] CPL=0 II=0 A20=1 SMM=0 HLT=0
ES =0030 0000000000000000 ffffffff 00cf9300 DPL=0 DS   [-WA]
CS =0038 0000000000000000 ffffffff 00af9a00 DPL=0 CS64 [-R-]
SS =0030 0000000000000000 ffffffff 00cf9300 DPL=0 DS   [-WA]
DS =0030 0000000000000000 ffffffff 00cf9300 DPL=0 DS   [-WA]
FS =0030 0000000000000000 ffffffff 00cf9300 DPL=0 DS   [-WA]
GS =0030 0000000000000000 ffffffff 00cf9300 DPL=0 DS   [-WA]
LDT=0000 0000000000000000 0000ffff 00008200 DPL=0 LDT
TR =0000 0000000000000000 0000ffff 00008b00 DPL=0 TSS64-busy
GDT=     000000007f5dc000 00000047
IDT=     000000007f268018 00000fff
CR0=80010033 CR2=0000000000000000 CR3=000000007f801000 CR4=00000668
DR0=0000000000000000 DR1=0000000000000000 DR2=0000000000000000 DR3=0000000000000000 
DR6=00000000ffff0ff0 DR7=0000000000000400
CCS=0000000000000004 CCD=000000007ff023f0 CCO=EFLAGS
EFER=0000000000000d00
Servicing hardware INT=0x20
   327: v=20 e=0000 i=0 cpl=0 IP=0038:000000007ee3ba01 pc=000000007ee3ba01 SP=0030:000000007ff023f8 env->regs[R_EAX]=0000000000000000
RAX=0000000000000000 RBX=0000000000000004 RCX=000000007ee5ca18 RDX=0000000000000000
RSI=00000000ffffffff RDI=000000007ff1ce70 RBP=000000007ff02470 RSP=000000007ff023f8
R8 =000000007ff1ce60 R9 =000000007ff02331 R10=0000000000000080 R11=000000007e621908
R12=000000007ee5ca60 R13=0000000000000100 R14=000000007ff24960 R15=000000007ff24a60
RIP=000000007ee3ba01 RFL=00000206 [-----P-] CPL=0 II=0 A20=1 SMM=0 HLT=0
ES =0030 0000000000000000 ffffffff 00cf9300 DPL=0 DS   [-WA]
CS =0038 0000000000000000 ffffffff 00af9a00 DPL=0 CS64 [-R-]
SS =0030 0000000000000000 ffffffff 00cf9300 DPL=0 DS   [-WA]
DS =0030 0000000000000000 ffffffff 00cf9300 DPL=0 DS   [-WA]
FS =0030 0000000000000000 ffffffff 00cf9300 DPL=0 DS   [-WA]
GS =0030 0000000000000000 ffffffff 00cf9300 DPL=0 DS   [-WA]
LDT=0000 0000000000000000 0000ffff 00008200 DPL=0 LDT
TR =0000 0000000000000000 0000ffff 00008b00 DPL=0 TSS64-busy
GDT=     000000007f5dc000 00000047
IDT=     000000007f268018 00000fff
CR0=80010033 CR2=0000000000000000 CR3=000000007f801000 CR4=00000668
DR0=0000000000000000 DR1=0000000000000000 DR2=0000000000000000 DR3=0000000000000000 
DR6=00000000ffff0ff0 DR7=0000000000000400
CCS=0000000000000004 CCD=000000007ff023f0 CCO=EFLAGS
EFER=0000000000000d00
Servicing hardware INT=0x20
   328: v=20 e=0000 i=0 cpl=0 IP=0038:000000007ee3ba01 pc=000000007ee3ba01 SP=0030:000000007ff023f8 env->regs[R_EAX]=0000000000000000
RAX=0000000000000000 RBX=0000000000000004 RCX=000000007ee5ca18 RDX=0000000000000000
RSI=00000000ffffffff RDI=000000007ff1ce70 RBP=000000007ff02470 RSP=000000007ff023f8
R8 =000000007ff1ce60 R9 =000000007ff02331 R10=0000000000000080 R11=000000007e621908
R12=000000007ee5ca60 R13=0000000000000100 R14=000000007ff24960 R15=000000007ff24a60
RIP=000000007ee3ba01 RFL=00000206 [-----P-] CPL=0 II=0 A20=1 SMM=0 HLT=0
ES =0030 0000000000000000 ffffffff 00cf9300 DPL=0 DS   [-WA]
CS =0038 0000000000000000 ffffffff 00af9a00 DPL=0 CS64 [-R-]
SS =0030 0000000000000000 ffffffff 00cf9300 DPL=0 DS   [-WA]
DS =0030 0000000000000000 ffffffff 00cf9300 DPL=0 DS   [-WA]
FS =0030 0000000000000000 ffffffff 00cf9300 DPL=0 DS   [-WA]
GS =0030 0000000000000000 ffffffff 00cf9300 DPL=0 DS   [-WA]
LDT=0000 0000000000000000 0000ffff 00008200 DPL=0 LDT
TR =0000 0000000000000000 0000ffff 00008b00 DPL=0 TSS64-busy
GDT=     000000007f5dc000 00000047
IDT=     000000007f268018 00000fff
CR0=80010033 CR2=0000000000000000 CR3=000000007f801000 CR4=00000668
DR0=0000000000000000 DR1=0000000000000000 DR2=0000000000000000 DR3=0000000000000000 
DR6=00000000ffff0ff0 DR7=0000000000000400
CCS=0000000000000004 CCD=000000007ff023f0 CCO=EFLAGS
EFER=0000000000000d00
Servicing hardware INT=0x20
   329: v=20 e=0000 i=0 cpl=0 IP=0038:000000007ee3ba01 pc=000000007ee3ba01 SP=0030:000000007ff023f8 env->regs[R_EAX]=0000000000000000
RAX=0000000000000000 RBX=0000000000000004 RCX=000000007ee5ca18 RDX=0000000000000000
RSI=00000000ffffffff RDI=000000007ff1ce70 RBP=000000007ff02470 RSP=000000007ff023f8
R8 =000000007ff1ce60 R9 =000000007ff02331 R10=0000000000000080 R11=000000007e621908
R12=000000007ee5ca60 R13=0000000000000100 R14=000000007ff24960 R15=000000007ff24a60
RIP=000000007ee3ba01 RFL=00000206 [-----P-] CPL=0 II=0 A20=1 SMM=0 HLT=0
ES =0030 0000000000000000 ffffffff 00cf9300 DPL=0 DS   [-WA]
CS =0038 0000000000000000 ffffffff 00af9a00 DPL=0 CS64 [-R-]
SS =0030 0000000000000000 ffffffff 00cf9300 DPL=0 DS   [-WA]
DS =0030 0000000000000000 ffffffff 00cf9300 DPL=0 DS   [-WA]
FS =0030 0000000000000000 ffffffff 00cf9300 DPL=0 DS   [-WA]
GS =0030 0000000000000000 ffffffff 00cf9300 DPL=0 DS   [-WA]
LDT=0000 0000000000000000 0000ffff 00008200 DPL=0 LDT
TR =0000 0000000000000000 0000ffff 00008b00 DPL=0 TSS64-busy
GDT=     000000007f5dc000 00000047
IDT=     000000007f268018 00000fff
CR0=80010033 CR2=0000000000000000 CR3=000000007f801000 CR4=00000668
DR0=0000000000000000 DR1=0000000000000000 DR2=0000000000000000 DR3=0000000000000000 
DR6=00000000ffff0ff0 DR7=0000000000000400
CCS=0000000000000004 CCD=000000007ff023f0 CCO=EFLAGS
EFER=0000000000000d00
Servicing hardware INT=0x20
   330: v=20 e=0000 i=0 cpl=0 IP=0038:000000007ee3ba01 pc=000000007ee3ba01 SP=0030:000000007ff023f8 env->regs[R_EAX]=0000000000000000
RAX=0000000000000000 RBX=0000000000000004 RCX=000000007ee5ca18 RDX=0000000000000000
RSI=00000000ffffffff RDI=000000007ff1ce70 RBP=000000007ff02470 RSP=000000007ff023f8
R8 =000000007ff1ce60 R9 =000000007ff02331 R10=0000000000000080 R11=000000007e621908
R12=000000007ee5ca60 R13=0000000000000100 R14=000000007ff24960 R15=000000007ff24a60
RIP=000000007ee3ba01 RFL=00000206 [-----P-] CPL=0 II=0 A20=1 SMM=0 HLT=0
ES =0030 0000000000000000 ffffffff 00cf9300 DPL=0 DS   [-WA]
CS =0038 0000000000000000 ffffffff 00af9a00 DPL=0 CS64 [-R-]
SS =0030 0000000000000000 ffffffff 00cf9300 DPL=0 DS   [-WA]
DS =0030 0000000000000000 ffffffff 00cf9300 DPL=0 DS   [-WA]
FS =0030 0000000000000000 ffffffff 00cf9300 DPL=0 DS   [-WA]
GS =0030 0000000000000000 ffffffff 00cf9300 DPL=0 DS   [-WA]
LDT=0000 0000000000000000 0000ffff 00008200 DPL=0 LDT
TR =0000 0000000000000000 0000ffff 00008b00 DPL=0 TSS64-busy
GDT=     000000007f5dc000 00000047
IDT=     000000007f268018 00000fff
CR0=80010033 CR2=0000000000000000 CR3=000000007f801000 CR4=00000668
DR0=0000000000000000 DR1=0000000000000000 DR2=0000000000000000 DR3=0000000000000000 
DR6=00000000ffff0ff0 DR7=0000000000000400
CCS=0000000000000004 CCD=000000007ff023f0 CCO=EFLAGS
EFER=0000000000000d00
Servicing hardware INT=0x20
   331: v=20 e=0000 i=0 cpl=0 IP=0038:000000007ee3ba01 pc=000000007ee3ba01 SP=0030:000000007ff023f8 env->regs[R_EAX]=0000000000000000
RAX=0000000000000000 RBX=0000000000000004 RCX=000000007ee5ca18 RDX=0000000000000000
RSI=00000000ffffffff RDI=000000007ff1ce70 RBP=000000007ff02470 RSP=000000007ff023f8
R8 =000000007ff1ce60 R9 =000000007ff02331 R10=0000000000000080 R11=000000007e621908
R12=000000007ee5ca60 R13=0000000000000100 R14=000000007ff24960 R15=000000007ff24a60
RIP=000000007ee3ba01 RFL=00000206 [-----P-] CPL=0 II=0 A20=1 SMM=0 HLT=0
ES =0030 0000000000000000 ffffffff 00cf9300 DPL=0 DS   [-WA]
CS =0038 0000000000000000 ffffffff 00af9a00 DPL=0 CS64 [-R-]
SS =0030 0000000000000000 ffffffff 00cf9300 DPL=0 DS   [-WA]
DS =0030 0000000000000000 ffffffff 00cf9300 DPL=0 DS   [-WA]
FS =0030 0000000000000000 ffffffff 00cf9300 DPL=0 DS   [-WA]
GS =0030 0000000000000000 ffffffff 00cf9300 DPL=0 DS   [-WA]
LDT=0000 0000000000000000 0000ffff 00008200 DPL=0 LDT
TR =0000 0000000000000000 0000ffff 00008b00 DPL=0 TSS64-busy
GDT=     000000007f5dc000 00000047
IDT=     000000007f268018 00000fff
CR0=80010033 CR2=0000000000000000 CR3=000000007f801000 CR4=00000668
DR0=0000000000000000 DR1=0000000000000000 DR2=0000000000000000 DR3=0000000000000000 
DR6=00000000ffff0ff0 DR7=0000000000000400
CCS=0000000000000004 CCD=000000007ff023f0 CCO=EFLAGS
EFER=0000000000000d00
Servicing hardware INT=0x20
   332: v=20 e=0000 i=0 cpl=0 IP=0038:000000007ee3ba01 pc=000000007ee3ba01 SP=0030:000000007ff023f8 env->regs[R_EAX]=0000000000000000
RAX=0000000000000000 RBX=0000000000000004 RCX=000000007ee5ca18 RDX=0000000000000000
RSI=00000000ffffffff RDI=000000007ff1ce70 RBP=000000007ff02470 RSP=000000007ff023f8
R8 =000000007ff1ce60 R9 =000000007ff02331 R10=0000000000000080 R11=000000007e621908
R12=000000007ee5ca60 R13=0000000000000100 R14=000000007ff24960 R15=000000007ff24a60
RIP=000000007ee3ba01 RFL=00000206 [-----P-] CPL=0 II=0 A20=1 SMM=0 HLT=0
ES =0030 0000000000000000 ffffffff 00cf9300 DPL=0 DS   [-WA]
CS =0038 0000000000000000 ffffffff 00af9a00 DPL=0 CS64 [-R-]
SS =0030 0000000000000000 ffffffff 00cf9300 DPL=0 DS   [-WA]
DS =0030 0000000000000000 ffffffff 00cf9300 DPL=0 DS   [-WA]
FS =0030 0000000000000000 ffffffff 00cf9300 DPL=0 DS   [-WA]
GS =0030 0000000000000000 ffffffff 00cf9300 DPL=0 DS   [-WA]
LDT=0000 0000000000000000 0000ffff 00008200 DPL=0 LDT
TR =0000 0000000000000000 0000ffff 00008b00 DPL=0 TSS64-busy
GDT=     000000007f5dc000 00000047
IDT=     000000007f268018 00000fff
CR0=80010033 CR2=0000000000000000 CR3=000000007f801000 CR4=00000668
DR0=0000000000000000 DR1=0000000000000000 DR2=0000000000000000 DR3=0000000000000000 
DR6=00000000ffff0ff0 DR7=0000000000000400
CCS=0000000000000004 CCD=000000007ff023f0 CCO=EFLAGS
EFER=0000000000000d00
Servicing hardware INT=0x20
   333: v=20 e=0000 i=0 cpl=0 IP=0038:000000007ee3ba01 pc=000000007ee3ba01 SP=0030:000000007ff023f8 env->regs[R_EAX]=0000000000000000
RAX=0000000000000000 RBX=0000000000000004 RCX=000000007ee5ca18 RDX=0000000000000000
RSI=00000000ffffffff RDI=000000007ff1ce70 RBP=000000007ff02470 RSP=000000007ff023f8
R8 =000000007ff1ce60 R9 =000000007ff02331 R10=0000000000000080 R11=000000007e621908
R12=000000007ee5ca60 R13=0000000000000100 R14=000000007ff24960 R15=000000007ff24a60
RIP=000000007ee3ba01 RFL=00000206 [-----P-] CPL=0 II=0 A20=1 SMM=0 HLT=0
ES =0030 0000000000000000 ffffffff 00cf9300 DPL=0 DS   [-WA]
CS =0038 0000000000000000 ffffffff 00af9a00 DPL=0 CS64 [-R-]
SS =0030 0000000000000000 ffffffff 00cf9300 DPL=0 DS   [-WA]
DS =0030 0000000000000000 ffffffff 00cf9300 DPL=0 DS   [-WA]
FS =0030 0000000000000000 ffffffff 00cf9300 DPL=0 DS   [-WA]
GS =0030 0000000000000000 ffffffff 00cf9300 DPL=0 DS   [-WA]
LDT=0000 0000000000000000 0000ffff 00008200 DPL=0 LDT
TR =0000 0000000000000000 0000ffff 00008b00 DPL=0 TSS64-busy
GDT=     000000007f5dc000 00000047
IDT=     000000007f268018 00000fff
CR0=80010033 CR2=0000000000000000 CR3=000000007f801000 CR4=00000668
DR0=0000000000000000 DR1=0000000000000000 DR2=0000000000000000 DR3=0000000000000000 
DR6=00000000ffff0ff0 DR7=0000000000000400
CCS=0000000000000004 CCD=000000007ff023f0 CCO=EFLAGS
EFER=0000000000000d00
Servicing hardware INT=0x20
   334: v=20 e=0000 i=0 cpl=0 IP=0038:000000007ee3ba01 pc=000000007ee3ba01 SP=0030:000000007ff023f8 env->regs[R_EAX]=0000000000000000
RAX=0000000000000000 RBX=0000000000000004 RCX=000000007ee5ca18 RDX=0000000000000000
RSI=00000000ffffffff RDI=000000007ff1ce70 RBP=000000007ff02470 RSP=000000007ff023f8
R8 =000000007ff1ce60 R9 =000000007ff02331 R10=0000000000000080 R11=000000007e621908
R12=000000007ee5ca60 R13=0000000000000100 R14=000000007ff24960 R15=000000007ff24a60
RIP=000000007ee3ba01 RFL=00000206 [-----P-] CPL=0 II=0 A20=1 SMM=0 HLT=0
ES =0030 0000000000000000 ffffffff 00cf9300 DPL=0 DS   [-WA]
CS =0038 0000000000000000 ffffffff 00af9a00 DPL=0 CS64 [-R-]
SS =0030 0000000000000000 ffffffff 00cf9300 DPL=0 DS   [-WA]
DS =0030 0000000000000000 ffffffff 00cf9300 DPL=0 DS   [-WA]
FS =0030 0000000000000000 ffffffff 00cf9300 DPL=0 DS   [-WA]
GS =0030 0000000000000000 ffffffff 00cf9300 DPL=0 DS   [-WA]
LDT=0000 0000000000000000 0000ffff 00008200 DPL=0 LDT
TR =0000 0000000000000000 0000ffff 00008b00 DPL=0 TSS64-busy
GDT=     000000007f5dc000 00000047
IDT=     000000007f268018 00000fff
CR0=80010033 CR2=0000000000000000 CR3=000000007f801000 CR4=00000668
DR0=0000000000000000 DR1=0000000000000000 DR2=0000000000000000 DR3=0000000000000000 
DR6=00000000ffff0ff0 DR7=0000000000000400
CCS=0000000000000004 CCD=000000007ff023f0 CCO=EFLAGS
EFER=0000000000000d00
Servicing hardware INT=0x20
   335: v=20 e=0000 i=0 cpl=0 IP=0038:000000007ee3ba01 pc=000000007ee3ba01 SP=0030:000000007ff023f8 env->regs[R_EAX]=0000000000000000
RAX=0000000000000000 RBX=0000000000000004 RCX=000000007ee5ca18 RDX=0000000000000000
RSI=00000000ffffffff RDI=000000007ff1ce70 RBP=000000007ff02470 RSP=000000007ff023f8
R8 =000000007ff1ce60 R9 =000000007ff02331 R10=0000000000000080 R11=000000007e621908
R12=000000007ee5ca60 R13=0000000000000100 R14=000000007ff24960 R15=000000007ff24a60
RIP=000000007ee3ba01 RFL=00000206 [-----P-] CPL=0 II=0 A20=1 SMM=0 HLT=0
ES =0030 0000000000000000 ffffffff 00cf9300 DPL=0 DS   [-WA]
CS =0038 0000000000000000 ffffffff 00af9a00 DPL=0 CS64 [-R-]
SS =0030 0000000000000000 ffffffff 00cf9300 DPL=0 DS   [-WA]
DS =0030 0000000000000000 ffffffff 00cf9300 DPL=0 DS   [-WA]
FS =0030 0000000000000000 ffffffff 00cf9300 DPL=0 DS   [-WA]
GS =0030 0000000000000000 ffffffff 00cf9300 DPL=0 DS   [-WA]
LDT=0000 0000000000000000 0000ffff 00008200 DPL=0 LDT
TR =0000 0000000000000000 0000ffff 00008b00 DPL=0 TSS64-busy
GDT=     000000007f5dc000 00000047
IDT=     000000007f268018 00000fff
CR0=80010033 CR2=0000000000000000 CR3=000000007f801000 CR4=00000668
DR0=0000000000000000 DR1=0000000000000000 DR2=0000000000000000 DR3=0000000000000000 
DR6=00000000ffff0ff0 DR7=0000000000000400
CCS=0000000000000004 CCD=000000007ff023f0 CCO=EFLAGS
EFER=0000000000000d00
Servicing hardware INT=0x20
   336: v=20 e=0000 i=0 cpl=0 IP=0038:000000007ee3ba01 pc=000000007ee3ba01 SP=0030:000000007ff023f8 env->regs[R_EAX]=0000000000000000
RAX=0000000000000000 RBX=0000000000000004 RCX=000000007ee5ca18 RDX=0000000000000000
RSI=00000000ffffffff RDI=000000007ff1ce70 RBP=000000007ff02470 RSP=000000007ff023f8
R8 =000000007ff1ce60 R9 =000000007ff02331 R10=0000000000000080 R11=000000007e621908
R12=000000007ee5ca60 R13=0000000000000100 R14=000000007ff24960 R15=000000007ff24a60
RIP=000000007ee3ba01 RFL=00000206 [-----P-] CPL=0 II=0 A20=1 SMM=0 HLT=0
ES =0030 0000000000000000 ffffffff 00cf9300 DPL=0 DS   [-WA]
CS =0038 0000000000000000 ffffffff 00af9a00 DPL=0 CS64 [-R-]
SS =0030 0000000000000000 ffffffff 00cf9300 DPL=0 DS   [-WA]
DS =0030 0000000000000000 ffffffff 00cf9300 DPL=0 DS   [-WA]
FS =0030 0000000000000000 ffffffff 00cf9300 DPL=0 DS   [-WA]
GS =0030 0000000000000000 ffffffff 00cf9300 DPL=0 DS   [-WA]
LDT=0000 0000000000000000 0000ffff 00008200 DPL=0 LDT
TR =0000 0000000000000000 0000ffff 00008b00 DPL=0 TSS64-busy
GDT=     000000007f5dc000 00000047
IDT=     000000007f268018 00000fff
CR0=80010033 CR2=0000000000000000 CR3=000000007f801000 CR4=00000668
DR0=0000000000000000 DR1=0000000000000000 DR2=0000000000000000 DR3=0000000000000000 
DR6=00000000ffff0ff0 DR7=0000000000000400
CCS=0000000000000004 CCD=000000007ff023f0 CCO=EFLAGS
EFER=0000000000000d00
Servicing hardware INT=0x20
   337: v=20 e=0000 i=0 cpl=0 IP=0038:000000007ee3ba01 pc=000000007ee3ba01 SP=0030:000000007ff023f8 env->regs[R_EAX]=0000000000000000
RAX=0000000000000000 RBX=0000000000000004 RCX=000000007ee5ca18 RDX=0000000000000000
RSI=00000000ffffffff RDI=000000007ff1ce70 RBP=000000007ff02470 RSP=000000007ff023f8
R8 =000000007ff1ce60 R9 =000000007ff02331 R10=0000000000000080 R11=000000007e621908
R12=000000007ee5ca60 R13=0000000000000100 R14=000000007ff24960 R15=000000007ff24a60
RIP=000000007ee3ba01 RFL=00000206 [-----P-] CPL=0 II=0 A20=1 SMM=0 HLT=0
ES =0030 0000000000000000 ffffffff 00cf9300 DPL=0 DS   [-WA]
CS =0038 0000000000000000 ffffffff 00af9a00 DPL=0 CS64 [-R-]
SS =0030 0000000000000000 ffffffff 00cf9300 DPL=0 DS   [-WA]
DS =0030 0000000000000000 ffffffff 00cf9300 DPL=0 DS   [-WA]
FS =0030 0000000000000000 ffffffff 00cf9300 DPL=0 DS   [-WA]
GS =0030 0000000000000000 ffffffff 00cf9300 DPL=0 DS   [-WA]
LDT=0000 0000000000000000 0000ffff 00008200 DPL=0 LDT
TR =0000 0000000000000000 0000ffff 00008b00 DPL=0 TSS64-busy
GDT=     000000007f5dc000 00000047
IDT=     000000007f268018 00000fff
CR0=80010033 CR2=0000000000000000 CR3=000000007f801000 CR4=00000668
DR0=0000000000000000 DR1=0000000000000000 DR2=0000000000000000 DR3=0000000000000000 
DR6=00000000ffff0ff0 DR7=0000000000000400
CCS=0000000000000004 CCD=000000007ff023f0 CCO=EFLAGS
EFER=0000000000000d00
Servicing hardware INT=0x20
   338: v=20 e=0000 i=0 cpl=0 IP=0038:000000007ee3ba01 pc=000000007ee3ba01 SP=0030:000000007ff023f8 env->regs[R_EAX]=0000000000000000
RAX=0000000000000000 RBX=0000000000000004 RCX=000000007ee5ca18 RDX=0000000000000000
RSI=00000000ffffffff RDI=000000007ff1ce70 RBP=000000007ff02470 RSP=000000007ff023f8
R8 =000000007ff1ce60 R9 =000000007ff02331 R10=0000000000000080 R11=000000007e621908
R12=000000007ee5ca60 R13=0000000000000100 R14=000000007ff24960 R15=000000007ff24a60
RIP=000000007ee3ba01 RFL=00000206 [-----P-] CPL=0 II=0 A20=1 SMM=0 HLT=0
ES =0030 0000000000000000 ffffffff 00cf9300 DPL=0 DS   [-WA]
CS =0038 0000000000000000 ffffffff 00af9a00 DPL=0 CS64 [-R-]
SS =0030 0000000000000000 ffffffff 00cf9300 DPL=0 DS   [-WA]
DS =0030 0000000000000000 ffffffff 00cf9300 DPL=0 DS   [-WA]
FS =0030 0000000000000000 ffffffff 00cf9300 DPL=0 DS   [-WA]
GS =0030 0000000000000000 ffffffff 00cf9300 DPL=0 DS   [-WA]
LDT=0000 0000000000000000 0000ffff 00008200 DPL=0 LDT
TR =0000 0000000000000000 0000ffff 00008b00 DPL=0 TSS64-busy
GDT=     000000007f5dc000 00000047
IDT=     000000007f268018 00000fff
CR0=80010033 CR2=0000000000000000 CR3=000000007f801000 CR4=00000668
DR0=0000000000000000 DR1=0000000000000000 DR2=0000000000000000 DR3=0000000000000000 
DR6=00000000ffff0ff0 DR7=0000000000000400
CCS=0000000000000004 CCD=000000007ff023f0 CCO=EFLAGS
EFER=0000000000000d00
Servicing hardware INT=0x20
   339: v=20 e=0000 i=0 cpl=0 IP=0038:000000007ee3ba01 pc=000000007ee3ba01 SP=0030:000000007ff023f8 env->regs[R_EAX]=0000000000000000
RAX=0000000000000000 RBX=0000000000000004 RCX=000000007ee5ca18 RDX=0000000000000000
RSI=00000000ffffffff RDI=000000007ff1ce70 RBP=000000007ff02470 RSP=000000007ff023f8
R8 =000000007ff1ce60 R9 =000000007ff02331 R10=0000000000000080 R11=000000007e621908
R12=000000007ee5ca60 R13=0000000000000100 R14=000000007ff24960 R15=000000007ff24a60
RIP=000000007ee3ba01 RFL=00000206 [-----P-] CPL=0 II=0 A20=1 SMM=0 HLT=0
ES =0030 0000000000000000 ffffffff 00cf9300 DPL=0 DS   [-WA]
CS =0038 0000000000000000 ffffffff 00af9a00 DPL=0 CS64 [-R-]
SS =0030 0000000000000000 ffffffff 00cf9300 DPL=0 DS   [-WA]
DS =0030 0000000000000000 ffffffff 00cf9300 DPL=0 DS   [-WA]
FS =0030 0000000000000000 ffffffff 00cf9300 DPL=0 DS   [-WA]
GS =0030 0000000000000000 ffffffff 00cf9300 DPL=0 DS   [-WA]
LDT=0000 0000000000000000 0000ffff 00008200 DPL=0 LDT
TR =0000 0000000000000000 0000ffff 00008b00 DPL=0 TSS64-busy
GDT=     000000007f5dc000 00000047
IDT=     000000007f268018 00000fff
CR0=80010033 CR2=0000000000000000 CR3=000000007f801000 CR4=00000668
DR0=0000000000000000 DR1=0000000000000000 DR2=0000000000000000 DR3=0000000000000000 
DR6=00000000ffff0ff0 DR7=0000000000000400
CCS=0000000000000004 CCD=000000007ff023f0 CCO=EFLAGS
EFER=0000000000000d00
Servicing hardware INT=0x20
   340: v=20 e=0000 i=0 cpl=0 IP=0038:000000007ee3ba01 pc=000000007ee3ba01 SP=0030:000000007ff023f8 env->regs[R_EAX]=0000000000000000
RAX=0000000000000000 RBX=0000000000000004 RCX=000000007ee5ca18 RDX=0000000000000000
RSI=00000000ffffffff RDI=000000007ff1ce70 RBP=000000007ff02470 RSP=000000007ff023f8
R8 =000000007ff1ce60 R9 =000000007ff02331 R10=0000000000000080 R11=000000007e621908
R12=000000007ee5ca60 R13=0000000000000100 R14=000000007ff24960 R15=000000007ff24a60
RIP=000000007ee3ba01 RFL=00000206 [-----P-] CPL=0 II=0 A20=1 SMM=0 HLT=0
ES =0030 0000000000000000 ffffffff 00cf9300 DPL=0 DS   [-WA]
CS =0038 0000000000000000 ffffffff 00af9a00 DPL=0 CS64 [-R-]
SS =0030 0000000000000000 ffffffff 00cf9300 DPL=0 DS   [-WA]
DS =0030 0000000000000000 ffffffff 00cf9300 DPL=0 DS   [-WA]
FS =0030 0000000000000000 ffffffff 00cf9300 DPL=0 DS   [-WA]
GS =0030 0000000000000000 ffffffff 00cf9300 DPL=0 DS   [-WA]
LDT=0000 0000000000000000 0000ffff 00008200 DPL=0 LDT
TR =0000 0000000000000000 0000ffff 00008b00 DPL=0 TSS64-busy
GDT=     000000007f5dc000 00000047
IDT=     000000007f268018 00000fff
CR0=80010033 CR2=0000000000000000 CR3=000000007f801000 CR4=00000668
DR0=0000000000000000 DR1=0000000000000000 DR2=0000000000000000 DR3=0000000000000000 
DR6=00000000ffff0ff0 DR7=0000000000000400
CCS=0000000000000004 CCD=000000007ff023f0 CCO=EFLAGS
EFER=0000000000000d00
Servicing hardware INT=0x20
   341: v=20 e=0000 i=0 cpl=0 IP=0038:000000007ee3ba01 pc=000000007ee3ba01 SP=0030:000000007ff023f8 env->regs[R_EAX]=0000000000000000
RAX=0000000000000000 RBX=0000000000000004 RCX=000000007ee5ca18 RDX=0000000000000000
RSI=00000000ffffffff RDI=000000007ff1ce70 RBP=000000007ff02470 RSP=000000007ff023f8
R8 =000000007ff1ce60 R9 =000000007ff02331 R10=0000000000000080 R11=000000007e621908
R12=000000007ee5ca60 R13=0000000000000100 R14=000000007ff24960 R15=000000007ff24a60
RIP=000000007ee3ba01 RFL=00000206 [-----P-] CPL=0 II=0 A20=1 SMM=0 HLT=0
ES =0030 0000000000000000 ffffffff 00cf9300 DPL=0 DS   [-WA]
CS =0038 0000000000000000 ffffffff 00af9a00 DPL=0 CS64 [-R-]
SS =0030 0000000000000000 ffffffff 00cf9300 DPL=0 DS   [-WA]
DS =0030 0000000000000000 ffffffff 00cf9300 DPL=0 DS   [-WA]
FS =0030 0000000000000000 ffffffff 00cf9300 DPL=0 DS   [-WA]
GS =0030 0000000000000000 ffffffff 00cf9300 DPL=0 DS   [-WA]
LDT=0000 0000000000000000 0000ffff 00008200 DPL=0 LDT
TR =0000 0000000000000000 0000ffff 00008b00 DPL=0 TSS64-busy
GDT=     000000007f5dc000 00000047
IDT=     000000007f268018 00000fff
CR0=80010033 CR2=0000000000000000 CR3=000000007f801000 CR4=00000668
DR0=0000000000000000 DR1=0000000000000000 DR2=0000000000000000 DR3=0000000000000000 
DR6=00000000ffff0ff0 DR7=0000000000000400
CCS=0000000000000004 CCD=000000007ff023f0 CCO=EFLAGS
EFER=0000000000000d00
Servicing hardware INT=0x20
   342: v=20 e=0000 i=0 cpl=0 IP=0038:000000007ee3ba01 pc=000000007ee3ba01 SP=0030:000000007ff023f8 env->regs[R_EAX]=0000000000000000
RAX=0000000000000000 RBX=0000000000000004 RCX=000000007ee5ca18 RDX=0000000000000000
RSI=00000000ffffffff RDI=000000007ff1ce70 RBP=000000007ff02470 RSP=000000007ff023f8
R8 =000000007ff1ce60 R9 =000000007ff02331 R10=0000000000000080 R11=000000007e621908
R12=000000007ee5ca60 R13=0000000000000100 R14=000000007ff24960 R15=000000007ff24a60
RIP=000000007ee3ba01 RFL=00000206 [-----P-] CPL=0 II=0 A20=1 SMM=0 HLT=0
ES =0030 0000000000000000 ffffffff 00cf9300 DPL=0 DS   [-WA]
CS =0038 0000000000000000 ffffffff 00af9a00 DPL=0 CS64 [-R-]
SS =0030 0000000000000000 ffffffff 00cf9300 DPL=0 DS   [-WA]
DS =0030 0000000000000000 ffffffff 00cf9300 DPL=0 DS   [-WA]
FS =0030 0000000000000000 ffffffff 00cf9300 DPL=0 DS   [-WA]
GS =0030 0000000000000000 ffffffff 00cf9300 DPL=0 DS   [-WA]
LDT=0000 0000000000000000 0000ffff 00008200 DPL=0 LDT
TR =0000 0000000000000000 0000ffff 00008b00 DPL=0 TSS64-busy
GDT=     000000007f5dc000 00000047
IDT=     000000007f268018 00000fff
CR0=80010033 CR2=0000000000000000 CR3=000000007f801000 CR4=00000668
DR0=0000000000000000 DR1=0000000000000000 DR2=0000000000000000 DR3=0000000000000000 
DR6=00000000ffff0ff0 DR7=0000000000000400
CCS=0000000000000004 CCD=000000007ff023f0 CCO=EFLAGS
EFER=0000000000000d00
Servicing hardware INT=0x20
   343: v=20 e=0000 i=0 cpl=0 IP=0038:000000007ee3ba01 pc=000000007ee3ba01 SP=0030:000000007ff023f8 env->regs[R_EAX]=0000000000000000
RAX=0000000000000000 RBX=0000000000000004 RCX=000000007ee5ca18 RDX=0000000000000000
RSI=00000000ffffffff RDI=000000007ff1ce70 RBP=000000007ff02470 RSP=000000007ff023f8
R8 =000000007ff1ce60 R9 =000000007ff02331 R10=0000000000000080 R11=000000007e621908
R12=000000007ee5ca60 R13=0000000000000100 R14=000000007ff24960 R15=000000007ff24a60
RIP=000000007ee3ba01 RFL=00000206 [-----P-] CPL=0 II=0 A20=1 SMM=0 HLT=0
ES =0030 0000000000000000 ffffffff 00cf9300 DPL=0 DS   [-WA]
CS =0038 0000000000000000 ffffffff 00af9a00 DPL=0 CS64 [-R-]
SS =0030 0000000000000000 ffffffff 00cf9300 DPL=0 DS   [-WA]
DS =0030 0000000000000000 ffffffff 00cf9300 DPL=0 DS   [-WA]
FS =0030 0000000000000000 ffffffff 00cf9300 DPL=0 DS   [-WA]
GS =0030 0000000000000000 ffffffff 00cf9300 DPL=0 DS   [-WA]
LDT=0000 0000000000000000 0000ffff 00008200 DPL=0 LDT
TR =0000 0000000000000000 0000ffff 00008b00 DPL=0 TSS64-busy
GDT=     000000007f5dc000 00000047
IDT=     000000007f268018 00000fff
CR0=80010033 CR2=0000000000000000 CR3=000000007f801000 CR4=00000668
DR0=0000000000000000 DR1=0000000000000000 DR2=0000000000000000 DR3=0000000000000000 
DR6=00000000ffff0ff0 DR7=0000000000000400
CCS=0000000000000004 CCD=000000007ff023f0 CCO=EFLAGS
EFER=0000000000000d00
Servicing hardware INT=0x20
   344: v=20 e=0000 i=0 cpl=0 IP=0038:000000007ee3ba01 pc=000000007ee3ba01 SP=0030:000000007ff023f8 env->regs[R_EAX]=0000000000000000
RAX=0000000000000000 RBX=0000000000000004 RCX=000000007ee5ca18 RDX=0000000000000000
RSI=00000000ffffffff RDI=000000007ff1ce70 RBP=000000007ff02470 RSP=000000007ff023f8
R8 =000000007ff1ce60 R9 =000000007ff02331 R10=0000000000000080 R11=000000007e621908
R12=000000007ee5ca60 R13=0000000000000100 R14=000000007ff24960 R15=000000007ff24a60
RIP=000000007ee3ba01 RFL=00000206 [-----P-] CPL=0 II=0 A20=1 SMM=0 HLT=0
ES =0030 0000000000000000 ffffffff 00cf9300 DPL=0 DS   [-WA]
CS =0038 0000000000000000 ffffffff 00af9a00 DPL=0 CS64 [-R-]
SS =0030 0000000000000000 ffffffff 00cf9300 DPL=0 DS   [-WA]
DS =0030 0000000000000000 ffffffff 00cf9300 DPL=0 DS   [-WA]
FS =0030 0000000000000000 ffffffff 00cf9300 DPL=0 DS   [-WA]
GS =0030 0000000000000000 ffffffff 00cf9300 DPL=0 DS   [-WA]
LDT=0000 0000000000000000 0000ffff 00008200 DPL=0 LDT
TR =0000 0000000000000000 0000ffff 00008b00 DPL=0 TSS64-busy
GDT=     000000007f5dc000 00000047
IDT=     000000007f268018 00000fff
CR0=80010033 CR2=0000000000000000 CR3=000000007f801000 CR4=00000668
DR0=0000000000000000 DR1=0000000000000000 DR2=0000000000000000 DR3=0000000000000000 
DR6=00000000ffff0ff0 DR7=0000000000000400
CCS=0000000000000004 CCD=000000007ff023f0 CCO=EFLAGS
EFER=0000000000000d00
Servicing hardware INT=0x20
   345: v=20 e=0000 i=0 cpl=0 IP=0038:000000007ee3ba01 pc=000000007ee3ba01 SP=0030:000000007ff023f8 env->regs[R_EAX]=0000000000000000
RAX=0000000000000000 RBX=0000000000000004 RCX=000000007ee5ca18 RDX=0000000000000000
RSI=00000000ffffffff RDI=000000007ff1ce70 RBP=000000007ff02470 RSP=000000007ff023f8
R8 =000000007ff1ce60 R9 =000000007ff02331 R10=0000000000000080 R11=000000007e621908
R12=000000007ee5ca60 R13=0000000000000100 R14=000000007ff24960 R15=000000007ff24a60
RIP=000000007ee3ba01 RFL=00000206 [-----P-] CPL=0 II=0 A20=1 SMM=0 HLT=0
ES =0030 0000000000000000 ffffffff 00cf9300 DPL=0 DS   [-WA]
CS =0038 0000000000000000 ffffffff 00af9a00 DPL=0 CS64 [-R-]
SS =0030 0000000000000000 ffffffff 00cf9300 DPL=0 DS   [-WA]
DS =0030 0000000000000000 ffffffff 00cf9300 DPL=0 DS   [-WA]
FS =0030 0000000000000000 ffffffff 00cf9300 DPL=0 DS   [-WA]
GS =0030 0000000000000000 ffffffff 00cf9300 DPL=0 DS   [-WA]
LDT=0000 0000000000000000 0000ffff 00008200 DPL=0 LDT
TR =0000 0000000000000000 0000ffff 00008b00 DPL=0 TSS64-busy
GDT=     000000007f5dc000 00000047
IDT=     000000007f268018 00000fff
CR0=80010033 CR2=0000000000000000 CR3=000000007f801000 CR4=00000668
DR0=0000000000000000 DR1=0000000000000000 DR2=0000000000000000 DR3=0000000000000000 
DR6=00000000ffff0ff0 DR7=0000000000000400
CCS=0000000000000004 CCD=000000007ff023f0 CCO=EFLAGS
EFER=0000000000000d00
Servicing hardware INT=0x20
   346: v=20 e=0000 i=0 cpl=0 IP=0038:000000007ee3ba01 pc=000000007ee3ba01 SP=0030:000000007ff023f8 env->regs[R_EAX]=0000000000000000
RAX=0000000000000000 RBX=0000000000000004 RCX=000000007ee5ca18 RDX=0000000000000000
RSI=00000000ffffffff RDI=000000007ff1ce70 RBP=000000007ff02470 RSP=000000007ff023f8
R8 =000000007ff1ce60 R9 =000000007ff02331 R10=0000000000000080 R11=000000007e621908
R12=000000007ee5ca60 R13=0000000000000100 R14=000000007ff24960 R15=000000007ff24a60
RIP=000000007ee3ba01 RFL=00000206 [-----P-] CPL=0 II=0 A20=1 SMM=0 HLT=0
ES =0030 0000000000000000 ffffffff 00cf9300 DPL=0 DS   [-WA]
CS =0038 0000000000000000 ffffffff 00af9a00 DPL=0 CS64 [-R-]
SS =0030 0000000000000000 ffffffff 00cf9300 DPL=0 DS   [-WA]
DS =0030 0000000000000000 ffffffff 00cf9300 DPL=0 DS   [-WA]
FS =0030 0000000000000000 ffffffff 00cf9300 DPL=0 DS   [-WA]
GS =0030 0000000000000000 ffffffff 00cf9300 DPL=0 DS   [-WA]
LDT=0000 0000000000000000 0000ffff 00008200 DPL=0 LDT
TR =0000 0000000000000000 0000ffff 00008b00 DPL=0 TSS64-busy
GDT=     000000007f5dc000 00000047
IDT=     000000007f268018 00000fff
CR0=80010033 CR2=0000000000000000 CR3=000000007f801000 CR4=00000668
DR0=0000000000000000 DR1=0000000000000000 DR2=0000000000000000 DR3=0000000000000000 
DR6=00000000ffff0ff0 DR7=0000000000000400
CCS=0000000000000004 CCD=000000007ff023f0 CCO=EFLAGS
EFER=0000000000000d00
Servicing hardware INT=0x20
   347: v=20 e=0000 i=0 cpl=0 IP=0038:000000007ee3ba01 pc=000000007ee3ba01 SP=0030:000000007ff023f8 env->regs[R_EAX]=0000000000000000
RAX=0000000000000000 RBX=0000000000000004 RCX=000000007ee5ca18 RDX=0000000000000000
RSI=00000000ffffffff RDI=000000007ff1ce70 RBP=000000007ff02470 RSP=000000007ff023f8
R8 =000000007ff1ce60 R9 =000000007ff02331 R10=0000000000000080 R11=000000007e621908
R12=000000007ee5ca60 R13=0000000000000100 R14=000000007ff24960 R15=000000007ff24a60
RIP=000000007ee3ba01 RFL=00000206 [-----P-] CPL=0 II=0 A20=1 SMM=0 HLT=0
ES =0030 0000000000000000 ffffffff 00cf9300 DPL=0 DS   [-WA]
CS =0038 0000000000000000 ffffffff 00af9a00 DPL=0 CS64 [-R-]
SS =0030 0000000000000000 ffffffff 00cf9300 DPL=0 DS   [-WA]
DS =0030 0000000000000000 ffffffff 00cf9300 DPL=0 DS   [-WA]
FS =0030 0000000000000000 ffffffff 00cf9300 DPL=0 DS   [-WA]
GS =0030 0000000000000000 ffffffff 00cf9300 DPL=0 DS   [-WA]
LDT=0000 0000000000000000 0000ffff 00008200 DPL=0 LDT
TR =0000 0000000000000000 0000ffff 00008b00 DPL=0 TSS64-busy
GDT=     000000007f5dc000 00000047
IDT=     000000007f268018 00000fff
CR0=80010033 CR2=0000000000000000 CR3=000000007f801000 CR4=00000668
DR0=0000000000000000 DR1=0000000000000000 DR2=0000000000000000 DR3=0000000000000000 
DR6=00000000ffff0ff0 DR7=0000000000000400
CCS=0000000000000004 CCD=000000007ff023f0 CCO=EFLAGS
EFER=0000000000000d00
Servicing hardware INT=0x20
   348: v=20 e=0000 i=0 cpl=0 IP=0038:000000007ee3ba01 pc=000000007ee3ba01 SP=0030:000000007ff023f8 env->regs[R_EAX]=0000000000000000
RAX=0000000000000000 RBX=0000000000000004 RCX=000000007ee5ca18 RDX=0000000000000000
RSI=00000000ffffffff RDI=000000007ff1ce70 RBP=000000007ff02470 RSP=000000007ff023f8
R8 =000000007ff1ce60 R9 =000000007ff02331 R10=0000000000000080 R11=000000007e621908
R12=000000007ee5ca60 R13=0000000000000100 R14=000000007ff24960 R15=000000007ff24a60
RIP=000000007ee3ba01 RFL=00000206 [-----P-] CPL=0 II=0 A20=1 SMM=0 HLT=0
ES =0030 0000000000000000 ffffffff 00cf9300 DPL=0 DS   [-WA]
CS =0038 0000000000000000 ffffffff 00af9a00 DPL=0 CS64 [-R-]
SS =0030 0000000000000000 ffffffff 00cf9300 DPL=0 DS   [-WA]
DS =0030 0000000000000000 ffffffff 00cf9300 DPL=0 DS   [-WA]
FS =0030 0000000000000000 ffffffff 00cf9300 DPL=0 DS   [-WA]
GS =0030 0000000000000000 ffffffff 00cf9300 DPL=0 DS   [-WA]
LDT=0000 0000000000000000 0000ffff 00008200 DPL=0 LDT
TR =0000 0000000000000000 0000ffff 00008b00 DPL=0 TSS64-busy
GDT=     000000007f5dc000 00000047
IDT=     000000007f268018 00000fff
CR0=80010033 CR2=0000000000000000 CR3=000000007f801000 CR4=00000668
DR0=0000000000000000 DR1=0000000000000000 DR2=0000000000000000 DR3=0000000000000000 
DR6=00000000ffff0ff0 DR7=0000000000000400
CCS=0000000000000004 CCD=000000007ff023f0 CCO=EFLAGS
EFER=0000000000000d00
Servicing hardware INT=0x20
   349: v=20 e=0000 i=0 cpl=0 IP=0038:000000007ee3ba01 pc=000000007ee3ba01 SP=0030:000000007ff023f8 env->regs[R_EAX]=0000000000000000
RAX=0000000000000000 RBX=0000000000000004 RCX=000000007ee5ca18 RDX=0000000000000000
RSI=00000000ffffffff RDI=000000007ff1ce70 RBP=000000007ff02470 RSP=000000007ff023f8
R8 =000000007ff1ce60 R9 =000000007ff02331 R10=0000000000000080 R11=000000007e621908
R12=000000007ee5ca60 R13=0000000000000100 R14=000000007ff24960 R15=000000007ff24a60
RIP=000000007ee3ba01 RFL=00000206 [-----P-] CPL=0 II=0 A20=1 SMM=0 HLT=0
ES =0030 0000000000000000 ffffffff 00cf9300 DPL=0 DS   [-WA]
CS =0038 0000000000000000 ffffffff 00af9a00 DPL=0 CS64 [-R-]
SS =0030 0000000000000000 ffffffff 00cf9300 DPL=0 DS   [-WA]
DS =0030 0000000000000000 ffffffff 00cf9300 DPL=0 DS   [-WA]
FS =0030 0000000000000000 ffffffff 00cf9300 DPL=0 DS   [-WA]
GS =0030 0000000000000000 ffffffff 00cf9300 DPL=0 DS   [-WA]
LDT=0000 0000000000000000 0000ffff 00008200 DPL=0 LDT
TR =0000 0000000000000000 0000ffff 00008b00 DPL=0 TSS64-busy
GDT=     000000007f5dc000 00000047
IDT=     000000007f268018 00000fff
CR0=80010033 CR2=0000000000000000 CR3=000000007f801000 CR4=00000668
DR0=0000000000000000 DR1=0000000000000000 DR2=0000000000000000 DR3=0000000000000000 
DR6=00000000ffff0ff0 DR7=0000000000000400
CCS=0000000000000004 CCD=000000007ff023f0 CCO=EFLAGS
EFER=0000000000000d00
Servicing hardware INT=0x20
   350: v=20 e=0000 i=0 cpl=0 IP=0038:000000007ee3ba01 pc=000000007ee3ba01 SP=0030:000000007ff023f8 env->regs[R_EAX]=0000000000000000
RAX=0000000000000000 RBX=0000000000000004 RCX=000000007ee5ca18 RDX=0000000000000000
RSI=00000000ffffffff RDI=000000007ff1ce70 RBP=000000007ff02470 RSP=000000007ff023f8
R8 =000000007ff1ce60 R9 =000000007ff02331 R10=0000000000000080 R11=000000007e621908
R12=000000007ee5ca60 R13=0000000000000100 R14=000000007ff24960 R15=000000007ff24a60
RIP=000000007ee3ba01 RFL=00000206 [-----P-] CPL=0 II=0 A20=1 SMM=0 HLT=0
ES =0030 0000000000000000 ffffffff 00cf9300 DPL=0 DS   [-WA]
CS =0038 0000000000000000 ffffffff 00af9a00 DPL=0 CS64 [-R-]
SS =0030 0000000000000000 ffffffff 00cf9300 DPL=0 DS   [-WA]
DS =0030 0000000000000000 ffffffff 00cf9300 DPL=0 DS   [-WA]
FS =0030 0000000000000000 ffffffff 00cf9300 DPL=0 DS   [-WA]
GS =0030 0000000000000000 ffffffff 00cf9300 DPL=0 DS   [-WA]
LDT=0000 0000000000000000 0000ffff 00008200 DPL=0 LDT
TR =0000 0000000000000000 0000ffff 00008b00 DPL=0 TSS64-busy
GDT=     000000007f5dc000 00000047
IDT=     000000007f268018 00000fff
CR0=80010033 CR2=0000000000000000 CR3=000000007f801000 CR4=00000668
DR0=0000000000000000 DR1=0000000000000000 DR2=0000000000000000 DR3=0000000000000000 
DR6=00000000ffff0ff0 DR7=0000000000000400
CCS=0000000000000004 CCD=000000007ff023f0 CCO=EFLAGS
EFER=0000000000000d00
Servicing hardware INT=0x20
   351: v=20 e=0000 i=0 cpl=0 IP=0038:000000007ee3ba01 pc=000000007ee3ba01 SP=0030:000000007ff023f8 env->regs[R_EAX]=0000000000000000
RAX=0000000000000000 RBX=0000000000000004 RCX=000000007ee5ca18 RDX=0000000000000000
RSI=00000000ffffffff RDI=000000007ff1ce70 RBP=000000007ff02470 RSP=000000007ff023f8
R8 =000000007ff1ce60 R9 =000000007ff02331 R10=0000000000000080 R11=000000007e621908
R12=000000007ee5ca60 R13=0000000000000100 R14=000000007ff24960 R15=000000007ff24a60
RIP=000000007ee3ba01 RFL=00000206 [-----P-] CPL=0 II=0 A20=1 SMM=0 HLT=0
ES =0030 0000000000000000 ffffffff 00cf9300 DPL=0 DS   [-WA]
CS =0038 0000000000000000 ffffffff 00af9a00 DPL=0 CS64 [-R-]
SS =0030 0000000000000000 ffffffff 00cf9300 DPL=0 DS   [-WA]
DS =0030 0000000000000000 ffffffff 00cf9300 DPL=0 DS   [-WA]
FS =0030 0000000000000000 ffffffff 00cf9300 DPL=0 DS   [-WA]
GS =0030 0000000000000000 ffffffff 00cf9300 DPL=0 DS   [-WA]
LDT=0000 0000000000000000 0000ffff 00008200 DPL=0 LDT
TR =0000 0000000000000000 0000ffff 00008b00 DPL=0 TSS64-busy
GDT=     000000007f5dc000 00000047
IDT=     000000007f268018 00000fff
CR0=80010033 CR2=0000000000000000 CR3=000000007f801000 CR4=00000668
DR0=0000000000000000 DR1=0000000000000000 DR2=0000000000000000 DR3=0000000000000000 
DR6=00000000ffff0ff0 DR7=0000000000000400
CCS=0000000000000004 CCD=000000007ff023f0 CCO=EFLAGS
EFER=0000000000000d00
Servicing hardware INT=0x20
   352: v=20 e=0000 i=0 cpl=0 IP=0038:000000007ee3ba01 pc=000000007ee3ba01 SP=0030:000000007ff023f8 env->regs[R_EAX]=0000000000000000
RAX=0000000000000000 RBX=0000000000000004 RCX=000000007ee5ca18 RDX=0000000000000000
RSI=00000000ffffffff RDI=000000007ff1ce70 RBP=000000007ff02470 RSP=000000007ff023f8
R8 =000000007ff1ce60 R9 =000000007ff02331 R10=0000000000000080 R11=000000007e621908
R12=000000007ee5ca60 R13=0000000000000100 R14=000000007ff24960 R15=000000007ff24a60
RIP=000000007ee3ba01 RFL=00000206 [-----P-] CPL=0 II=0 A20=1 SMM=0 HLT=0
ES =0030 0000000000000000 ffffffff 00cf9300 DPL=0 DS   [-WA]
CS =0038 0000000000000000 ffffffff 00af9a00 DPL=0 CS64 [-R-]
SS =0030 0000000000000000 ffffffff 00cf9300 DPL=0 DS   [-WA]
DS =0030 0000000000000000 ffffffff 00cf9300 DPL=0 DS   [-WA]
FS =0030 0000000000000000 ffffffff 00cf9300 DPL=0 DS   [-WA]
GS =0030 0000000000000000 ffffffff 00cf9300 DPL=0 DS   [-WA]
LDT=0000 0000000000000000 0000ffff 00008200 DPL=0 LDT
TR =0000 0000000000000000 0000ffff 00008b00 DPL=0 TSS64-busy
GDT=     000000007f5dc000 00000047
IDT=     000000007f268018 00000fff
CR0=80010033 CR2=0000000000000000 CR3=000000007f801000 CR4=00000668
DR0=0000000000000000 DR1=0000000000000000 DR2=0000000000000000 DR3=0000000000000000 
DR6=00000000ffff0ff0 DR7=0000000000000400
CCS=0000000000000004 CCD=000000007ff023f0 CCO=EFLAGS
EFER=0000000000000d00
Servicing hardware INT=0x20
   353: v=20 e=0000 i=0 cpl=0 IP=0038:000000007ee3ba01 pc=000000007ee3ba01 SP=0030:000000007ff023f8 env->regs[R_EAX]=0000000000000000
RAX=0000000000000000 RBX=0000000000000004 RCX=000000007ee5ca18 RDX=0000000000000000
RSI=00000000ffffffff RDI=000000007ff1ce70 RBP=000000007ff02470 RSP=000000007ff023f8
R8 =000000007ff1ce60 R9 =000000007ff02331 R10=0000000000000080 R11=000000007e621908
R12=000000007ee5ca60 R13=0000000000000100 R14=000000007ff24960 R15=000000007ff24a60
RIP=000000007ee3ba01 RFL=00000206 [-----P-] CPL=0 II=0 A20=1 SMM=0 HLT=0
ES =0030 0000000000000000 ffffffff 00cf9300 DPL=0 DS   [-WA]
CS =0038 0000000000000000 ffffffff 00af9a00 DPL=0 CS64 [-R-]
SS =0030 0000000000000000 ffffffff 00cf9300 DPL=0 DS   [-WA]
DS =0030 0000000000000000 ffffffff 00cf9300 DPL=0 DS   [-WA]
FS =0030 0000000000000000 ffffffff 00cf9300 DPL=0 DS   [-WA]
GS =0030 0000000000000000 ffffffff 00cf9300 DPL=0 DS   [-WA]
LDT=0000 0000000000000000 0000ffff 00008200 DPL=0 LDT
TR =0000 0000000000000000 0000ffff 00008b00 DPL=0 TSS64-busy
GDT=     000000007f5dc000 00000047
IDT=     000000007f268018 00000fff
CR0=80010033 CR2=0000000000000000 CR3=000000007f801000 CR4=00000668
DR0=0000000000000000 DR1=0000000000000000 DR2=0000000000000000 DR3=0000000000000000 
DR6=00000000ffff0ff0 DR7=0000000000000400
CCS=0000000000000004 CCD=000000007ff023f0 CCO=EFLAGS
EFER=0000000000000d00
Servicing hardware INT=0x20
   354: v=20 e=0000 i=0 cpl=0 IP=0038:000000007ee3ba01 pc=000000007ee3ba01 SP=0030:000000007ff023f8 env->regs[R_EAX]=0000000000000000
RAX=0000000000000000 RBX=0000000000000004 RCX=000000007ee5ca18 RDX=0000000000000000
RSI=00000000ffffffff RDI=000000007ff1ce70 RBP=000000007ff02470 RSP=000000007ff023f8
R8 =000000007ff1ce60 R9 =000000007ff02331 R10=0000000000000080 R11=000000007e621908
R12=000000007ee5ca60 R13=0000000000000100 R14=000000007ff24960 R15=000000007ff24a60
RIP=000000007ee3ba01 RFL=00000206 [-----P-] CPL=0 II=0 A20=1 SMM=0 HLT=0
ES =0030 0000000000000000 ffffffff 00cf9300 DPL=0 DS   [-WA]
CS =0038 0000000000000000 ffffffff 00af9a00 DPL=0 CS64 [-R-]
SS =0030 0000000000000000 ffffffff 00cf9300 DPL=0 DS   [-WA]
DS =0030 0000000000000000 ffffffff 00cf9300 DPL=0 DS   [-WA]
FS =0030 0000000000000000 ffffffff 00cf9300 DPL=0 DS   [-WA]
GS =0030 0000000000000000 ffffffff 00cf9300 DPL=0 DS   [-WA]
LDT=0000 0000000000000000 0000ffff 00008200 DPL=0 LDT
TR =0000 0000000000000000 0000ffff 00008b00 DPL=0 TSS64-busy
GDT=     000000007f5dc000 00000047
IDT=     000000007f268018 00000fff
CR0=80010033 CR2=0000000000000000 CR3=000000007f801000 CR4=00000668
DR0=0000000000000000 DR1=0000000000000000 DR2=0000000000000000 DR3=0000000000000000 
DR6=00000000ffff0ff0 DR7=0000000000000400
CCS=0000000000000004 CCD=000000007ff023f0 CCO=EFLAGS
EFER=0000000000000d00
Servicing hardware INT=0x20
   355: v=20 e=0000 i=0 cpl=0 IP=0038:000000007ee3ba01 pc=000000007ee3ba01 SP=0030:000000007ff023f8 env->regs[R_EAX]=0000000000000000
RAX=0000000000000000 RBX=0000000000000004 RCX=000000007ee5ca18 RDX=0000000000000000
RSI=00000000ffffffff RDI=000000007ff1ce70 RBP=000000007ff02470 RSP=000000007ff023f8
R8 =000000007ff1ce60 R9 =000000007ff02331 R10=0000000000000080 R11=000000007e621908
R12=000000007ee5ca60 R13=0000000000000100 R14=000000007ff24960 R15=000000007ff24a60
RIP=000000007ee3ba01 RFL=00000206 [-----P-] CPL=0 II=0 A20=1 SMM=0 HLT=0
ES =0030 0000000000000000 ffffffff 00cf9300 DPL=0 DS   [-WA]
CS =0038 0000000000000000 ffffffff 00af9a00 DPL=0 CS64 [-R-]
SS =0030 0000000000000000 ffffffff 00cf9300 DPL=0 DS   [-WA]
DS =0030 0000000000000000 ffffffff 00cf9300 DPL=0 DS   [-WA]
FS =0030 0000000000000000 ffffffff 00cf9300 DPL=0 DS   [-WA]
GS =0030 0000000000000000 ffffffff 00cf9300 DPL=0 DS   [-WA]
LDT=0000 0000000000000000 0000ffff 00008200 DPL=0 LDT
TR =0000 0000000000000000 0000ffff 00008b00 DPL=0 TSS64-busy
GDT=     000000007f5dc000 00000047
IDT=     000000007f268018 00000fff
CR0=80010033 CR2=0000000000000000 CR3=000000007f801000 CR4=00000668
DR0=0000000000000000 DR1=0000000000000000 DR2=0000000000000000 DR3=0000000000000000 
DR6=00000000ffff0ff0 DR7=0000000000000400
CCS=0000000000000004 CCD=000000007ff023f0 CCO=EFLAGS
EFER=0000000000000d00
Servicing hardware INT=0x20
   356: v=20 e=0000 i=0 cpl=0 IP=0038:000000007ee3ba01 pc=000000007ee3ba01 SP=0030:000000007ff023f8 env->regs[R_EAX]=0000000000000000
RAX=0000000000000000 RBX=0000000000000004 RCX=000000007ee5ca18 RDX=0000000000000000
RSI=00000000ffffffff RDI=000000007ff1ce70 RBP=000000007ff02470 RSP=000000007ff023f8
R8 =000000007ff1ce60 R9 =000000007ff02331 R10=0000000000000080 R11=000000007e621908
R12=000000007ee5ca60 R13=0000000000000100 R14=000000007ff24960 R15=000000007ff24a60
RIP=000000007ee3ba01 RFL=00000206 [-----P-] CPL=0 II=0 A20=1 SMM=0 HLT=0
ES =0030 0000000000000000 ffffffff 00cf9300 DPL=0 DS   [-WA]
CS =0038 0000000000000000 ffffffff 00af9a00 DPL=0 CS64 [-R-]
SS =0030 0000000000000000 ffffffff 00cf9300 DPL=0 DS   [-WA]
DS =0030 0000000000000000 ffffffff 00cf9300 DPL=0 DS   [-WA]
FS =0030 0000000000000000 ffffffff 00cf9300 DPL=0 DS   [-WA]
GS =0030 0000000000000000 ffffffff 00cf9300 DPL=0 DS   [-WA]
LDT=0000 0000000000000000 0000ffff 00008200 DPL=0 LDT
TR =0000 0000000000000000 0000ffff 00008b00 DPL=0 TSS64-busy
GDT=     000000007f5dc000 00000047
IDT=     000000007f268018 00000fff
CR0=80010033 CR2=0000000000000000 CR3=000000007f801000 CR4=00000668
DR0=0000000000000000 DR1=0000000000000000 DR2=0000000000000000 DR3=0000000000000000 
DR6=00000000ffff0ff0 DR7=0000000000000400
CCS=0000000000000004 CCD=000000007ff023f0 CCO=EFLAGS
EFER=0000000000000d00
Servicing hardware INT=0x20
   357: v=20 e=0000 i=0 cpl=0 IP=0038:000000007ee3ba01 pc=000000007ee3ba01 SP=0030:000000007ff023f8 env->regs[R_EAX]=0000000000000000
RAX=0000000000000000 RBX=0000000000000004 RCX=000000007ee5ca18 RDX=0000000000000000
RSI=00000000ffffffff RDI=000000007ff1ce70 RBP=000000007ff02470 RSP=000000007ff023f8
R8 =000000007ff1ce60 R9 =000000007ff02331 R10=0000000000000080 R11=000000007e621908
R12=000000007ee5ca60 R13=0000000000000100 R14=000000007ff24960 R15=000000007ff24a60
RIP=000000007ee3ba01 RFL=00000206 [-----P-] CPL=0 II=0 A20=1 SMM=0 HLT=0
ES =0030 0000000000000000 ffffffff 00cf9300 DPL=0 DS   [-WA]
CS =0038 0000000000000000 ffffffff 00af9a00 DPL=0 CS64 [-R-]
SS =0030 0000000000000000 ffffffff 00cf9300 DPL=0 DS   [-WA]
DS =0030 0000000000000000 ffffffff 00cf9300 DPL=0 DS   [-WA]
FS =0030 0000000000000000 ffffffff 00cf9300 DPL=0 DS   [-WA]
GS =0030 0000000000000000 ffffffff 00cf9300 DPL=0 DS   [-WA]
LDT=0000 0000000000000000 0000ffff 00008200 DPL=0 LDT
TR =0000 0000000000000000 0000ffff 00008b00 DPL=0 TSS64-busy
GDT=     000000007f5dc000 00000047
IDT=     000000007f268018 00000fff
CR0=80010033 CR2=0000000000000000 CR3=000000007f801000 CR4=00000668
DR0=0000000000000000 DR1=0000000000000000 DR2=0000000000000000 DR3=0000000000000000 
DR6=00000000ffff0ff0 DR7=0000000000000400
CCS=0000000000000004 CCD=000000007ff023f0 CCO=EFLAGS
EFER=0000000000000d00
Servicing hardware INT=0x20
   358: v=20 e=0000 i=0 cpl=0 IP=0038:000000007ee3ba01 pc=000000007ee3ba01 SP=0030:000000007ff023f8 env->regs[R_EAX]=0000000000000000
RAX=0000000000000000 RBX=0000000000000004 RCX=000000007ee5ca18 RDX=0000000000000000
RSI=00000000ffffffff RDI=000000007ff1ce70 RBP=000000007ff02470 RSP=000000007ff023f8
R8 =000000007ff1ce60 R9 =000000007ff02331 R10=0000000000000080 R11=000000007e621908
R12=000000007ee5ca60 R13=0000000000000100 R14=000000007ff24960 R15=000000007ff24a60
RIP=000000007ee3ba01 RFL=00000206 [-----P-] CPL=0 II=0 A20=1 SMM=0 HLT=0
ES =0030 0000000000000000 ffffffff 00cf9300 DPL=0 DS   [-WA]
CS =0038 0000000000000000 ffffffff 00af9a00 DPL=0 CS64 [-R-]
SS =0030 0000000000000000 ffffffff 00cf9300 DPL=0 DS   [-WA]
DS =0030 0000000000000000 ffffffff 00cf9300 DPL=0 DS   [-WA]
FS =0030 0000000000000000 ffffffff 00cf9300 DPL=0 DS   [-WA]
GS =0030 0000000000000000 ffffffff 00cf9300 DPL=0 DS   [-WA]
LDT=0000 0000000000000000 0000ffff 00008200 DPL=0 LDT
TR =0000 0000000000000000 0000ffff 00008b00 DPL=0 TSS64-busy
GDT=     000000007f5dc000 00000047
IDT=     000000007f268018 00000fff
CR0=80010033 CR2=0000000000000000 CR3=000000007f801000 CR4=00000668
DR0=0000000000000000 DR1=0000000000000000 DR2=0000000000000000 DR3=0000000000000000 
DR6=00000000ffff0ff0 DR7=0000000000000400
CCS=0000000000000004 CCD=000000007ff023f0 CCO=EFLAGS
EFER=0000000000000d00
Servicing hardware INT=0x20
   359: v=20 e=0000 i=0 cpl=0 IP=0038:000000007ee3ba01 pc=000000007ee3ba01 SP=0030:000000007ff023f8 env->regs[R_EAX]=0000000000000000
RAX=0000000000000000 RBX=0000000000000004 RCX=000000007ee5ca18 RDX=0000000000000000
RSI=00000000ffffffff RDI=000000007ff1ce70 RBP=000000007ff02470 RSP=000000007ff023f8
R8 =000000007ff1ce60 R9 =000000007ff02331 R10=0000000000000080 R11=000000007e621908
R12=000000007ee5ca60 R13=0000000000000100 R14=000000007ff24960 R15=000000007ff24a60
RIP=000000007ee3ba01 RFL=00000206 [-----P-] CPL=0 II=0 A20=1 SMM=0 HLT=0
ES =0030 0000000000000000 ffffffff 00cf9300 DPL=0 DS   [-WA]
CS =0038 0000000000000000 ffffffff 00af9a00 DPL=0 CS64 [-R-]
SS =0030 0000000000000000 ffffffff 00cf9300 DPL=0 DS   [-WA]
DS =0030 0000000000000000 ffffffff 00cf9300 DPL=0 DS   [-WA]
FS =0030 0000000000000000 ffffffff 00cf9300 DPL=0 DS   [-WA]
GS =0030 0000000000000000 ffffffff 00cf9300 DPL=0 DS   [-WA]
LDT=0000 0000000000000000 0000ffff 00008200 DPL=0 LDT
TR =0000 0000000000000000 0000ffff 00008b00 DPL=0 TSS64-busy
GDT=     000000007f5dc000 00000047
IDT=     000000007f268018 00000fff
CR0=80010033 CR2=0000000000000000 CR3=000000007f801000 CR4=00000668
DR0=0000000000000000 DR1=0000000000000000 DR2=0000000000000000 DR3=0000000000000000 
DR6=00000000ffff0ff0 DR7=0000000000000400
CCS=0000000000000004 CCD=000000007ff023f0 CCO=EFLAGS
EFER=0000000000000d00
Servicing hardware INT=0x20
   360: v=20 e=0000 i=0 cpl=0 IP=0038:000000007ee3ba01 pc=000000007ee3ba01 SP=0030:000000007ff023f8 env->regs[R_EAX]=0000000000000000
RAX=0000000000000000 RBX=0000000000000004 RCX=000000007ee5ca18 RDX=0000000000000000
RSI=00000000ffffffff RDI=000000007ff1ce70 RBP=000000007ff02470 RSP=000000007ff023f8
R8 =000000007ff1ce60 R9 =000000007ff02331 R10=0000000000000080 R11=000000007e621908
R12=000000007ee5ca60 R13=0000000000000100 R14=000000007ff24960 R15=000000007ff24a60
RIP=000000007ee3ba01 RFL=00000206 [-----P-] CPL=0 II=0 A20=1 SMM=0 HLT=0
ES =0030 0000000000000000 ffffffff 00cf9300 DPL=0 DS   [-WA]
CS =0038 0000000000000000 ffffffff 00af9a00 DPL=0 CS64 [-R-]
SS =0030 0000000000000000 ffffffff 00cf9300 DPL=0 DS   [-WA]
DS =0030 0000000000000000 ffffffff 00cf9300 DPL=0 DS   [-WA]
FS =0030 0000000000000000 ffffffff 00cf9300 DPL=0 DS   [-WA]
GS =0030 0000000000000000 ffffffff 00cf9300 DPL=0 DS   [-WA]
LDT=0000 0000000000000000 0000ffff 00008200 DPL=0 LDT
TR =0000 0000000000000000 0000ffff 00008b00 DPL=0 TSS64-busy
GDT=     000000007f5dc000 00000047
IDT=     000000007f268018 00000fff
CR0=80010033 CR2=0000000000000000 CR3=000000007f801000 CR4=00000668
DR0=0000000000000000 DR1=0000000000000000 DR2=0000000000000000 DR3=0000000000000000 
DR6=00000000ffff0ff0 DR7=0000000000000400
CCS=0000000000000004 CCD=000000007ff023f0 CCO=EFLAGS
EFER=0000000000000d00
Servicing hardware INT=0x20
   361: v=20 e=0000 i=0 cpl=0 IP=0038:000000007ee3ba01 pc=000000007ee3ba01 SP=0030:000000007ff023f8 env->regs[R_EAX]=0000000000000000
RAX=0000000000000000 RBX=0000000000000004 RCX=000000007ee5ca18 RDX=0000000000000000
RSI=00000000ffffffff RDI=000000007ff1ce70 RBP=000000007ff02470 RSP=000000007ff023f8
R8 =000000007ff1ce60 R9 =000000007ff02331 R10=0000000000000080 R11=000000007e621908
R12=000000007ee5ca60 R13=0000000000000100 R14=000000007ff24960 R15=000000007ff24a60
RIP=000000007ee3ba01 RFL=00000206 [-----P-] CPL=0 II=0 A20=1 SMM=0 HLT=0
ES =0030 0000000000000000 ffffffff 00cf9300 DPL=0 DS   [-WA]
CS =0038 0000000000000000 ffffffff 00af9a00 DPL=0 CS64 [-R-]
SS =0030 0000000000000000 ffffffff 00cf9300 DPL=0 DS   [-WA]
DS =0030 0000000000000000 ffffffff 00cf9300 DPL=0 DS   [-WA]
FS =0030 0000000000000000 ffffffff 00cf9300 DPL=0 DS   [-WA]
GS =0030 0000000000000000 ffffffff 00cf9300 DPL=0 DS   [-WA]
LDT=0000 0000000000000000 0000ffff 00008200 DPL=0 LDT
TR =0000 0000000000000000 0000ffff 00008b00 DPL=0 TSS64-busy
GDT=     000000007f5dc000 00000047
IDT=     000000007f268018 00000fff
CR0=80010033 CR2=0000000000000000 CR3=000000007f801000 CR4=00000668
DR0=0000000000000000 DR1=0000000000000000 DR2=0000000000000000 DR3=0000000000000000 
DR6=00000000ffff0ff0 DR7=0000000000000400
CCS=0000000000000004 CCD=000000007ff023f0 CCO=EFLAGS
EFER=0000000000000d00
Servicing hardware INT=0x20
   362: v=20 e=0000 i=0 cpl=0 IP=0038:000000007ee3ba01 pc=000000007ee3ba01 SP=0030:000000007ff023f8 env->regs[R_EAX]=0000000000000000
RAX=0000000000000000 RBX=0000000000000004 RCX=000000007ee5ca18 RDX=0000000000000000
RSI=00000000ffffffff RDI=000000007ff1ce70 RBP=000000007ff02470 RSP=000000007ff023f8
R8 =000000007ff1ce60 R9 =000000007ff02331 R10=0000000000000080 R11=000000007e621908
R12=000000007ee5ca60 R13=0000000000000100 R14=000000007ff24960 R15=000000007ff24a60
RIP=000000007ee3ba01 RFL=00000206 [-----P-] CPL=0 II=0 A20=1 SMM=0 HLT=0
ES =0030 0000000000000000 ffffffff 00cf9300 DPL=0 DS   [-WA]
CS =0038 0000000000000000 ffffffff 00af9a00 DPL=0 CS64 [-R-]
SS =0030 0000000000000000 ffffffff 00cf9300 DPL=0 DS   [-WA]
DS =0030 0000000000000000 ffffffff 00cf9300 DPL=0 DS   [-WA]
FS =0030 0000000000000000 ffffffff 00cf9300 DPL=0 DS   [-WA]
GS =0030 0000000000000000 ffffffff 00cf9300 DPL=0 DS   [-WA]
LDT=0000 0000000000000000 0000ffff 00008200 DPL=0 LDT
TR =0000 0000000000000000 0000ffff 00008b00 DPL=0 TSS64-busy
GDT=     000000007f5dc000 00000047
IDT=     000000007f268018 00000fff
CR0=80010033 CR2=0000000000000000 CR3=000000007f801000 CR4=00000668
DR0=0000000000000000 DR1=0000000000000000 DR2=0000000000000000 DR3=0000000000000000 
DR6=00000000ffff0ff0 DR7=0000000000000400
CCS=0000000000000004 CCD=000000007ff023f0 CCO=EFLAGS
EFER=0000000000000d00
Servicing hardware INT=0x20
   363: v=20 e=0000 i=0 cpl=0 IP=0038:000000007ee3ba01 pc=000000007ee3ba01 SP=0030:000000007ff023f8 env->regs[R_EAX]=0000000000000000
RAX=0000000000000000 RBX=0000000000000004 RCX=000000007ee5ca18 RDX=0000000000000000
RSI=00000000ffffffff RDI=000000007ff1ce70 RBP=000000007ff02470 RSP=000000007ff023f8
R8 =000000007ff1ce60 R9 =000000007ff02331 R10=0000000000000080 R11=000000007e621908
R12=000000007ee5ca60 R13=0000000000000100 R14=000000007ff24960 R15=000000007ff24a60
RIP=000000007ee3ba01 RFL=00000206 [-----P-] CPL=0 II=0 A20=1 SMM=0 HLT=0
ES =0030 0000000000000000 ffffffff 00cf9300 DPL=0 DS   [-WA]
CS =0038 0000000000000000 ffffffff 00af9a00 DPL=0 CS64 [-R-]
SS =0030 0000000000000000 ffffffff 00cf9300 DPL=0 DS   [-WA]
DS =0030 0000000000000000 ffffffff 00cf9300 DPL=0 DS   [-WA]
FS =0030 0000000000000000 ffffffff 00cf9300 DPL=0 DS   [-WA]
GS =0030 0000000000000000 ffffffff 00cf9300 DPL=0 DS   [-WA]
LDT=0000 0000000000000000 0000ffff 00008200 DPL=0 LDT
TR =0000 0000000000000000 0000ffff 00008b00 DPL=0 TSS64-busy
GDT=     000000007f5dc000 00000047
IDT=     000000007f268018 00000fff
CR0=80010033 CR2=0000000000000000 CR3=000000007f801000 CR4=00000668
DR0=0000000000000000 DR1=0000000000000000 DR2=0000000000000000 DR3=0000000000000000 
DR6=00000000ffff0ff0 DR7=0000000000000400
CCS=0000000000000004 CCD=000000007ff023f0 CCO=EFLAGS
EFER=0000000000000d00
Servicing hardware INT=0x20
   364: v=20 e=0000 i=0 cpl=0 IP=0038:000000007ee3ba01 pc=000000007ee3ba01 SP=0030:000000007ff023f8 env->regs[R_EAX]=0000000000000000
RAX=0000000000000000 RBX=0000000000000004 RCX=000000007ee5ca18 RDX=0000000000000000
RSI=00000000ffffffff RDI=000000007ff1ce70 RBP=000000007ff02470 RSP=000000007ff023f8
R8 =000000007ff1ce60 R9 =000000007ff02331 R10=0000000000000080 R11=000000007e621908
R12=000000007ee5ca60 R13=0000000000000100 R14=000000007ff24960 R15=000000007ff24a60
RIP=000000007ee3ba01 RFL=00000206 [-----P-] CPL=0 II=0 A20=1 SMM=0 HLT=0
ES =0030 0000000000000000 ffffffff 00cf9300 DPL=0 DS   [-WA]
CS =0038 0000000000000000 ffffffff 00af9a00 DPL=0 CS64 [-R-]
SS =0030 0000000000000000 ffffffff 00cf9300 DPL=0 DS   [-WA]
DS =0030 0000000000000000 ffffffff 00cf9300 DPL=0 DS   [-WA]
FS =0030 0000000000000000 ffffffff 00cf9300 DPL=0 DS   [-WA]
GS =0030 0000000000000000 ffffffff 00cf9300 DPL=0 DS   [-WA]
LDT=0000 0000000000000000 0000ffff 00008200 DPL=0 LDT
TR =0000 0000000000000000 0000ffff 00008b00 DPL=0 TSS64-busy
GDT=     000000007f5dc000 00000047
IDT=     000000007f268018 00000fff
CR0=80010033 CR2=0000000000000000 CR3=000000007f801000 CR4=00000668
DR0=0000000000000000 DR1=0000000000000000 DR2=0000000000000000 DR3=0000000000000000 
DR6=00000000ffff0ff0 DR7=0000000000000400
CCS=0000000000000004 CCD=000000007ff023f0 CCO=EFLAGS
EFER=0000000000000d00
Servicing hardware INT=0x20
   365: v=20 e=0000 i=0 cpl=0 IP=0038:000000007ee3ba01 pc=000000007ee3ba01 SP=0030:000000007ff023f8 env->regs[R_EAX]=0000000000000000
RAX=0000000000000000 RBX=0000000000000004 RCX=000000007ee5ca18 RDX=0000000000000000
RSI=00000000ffffffff RDI=000000007ff1ce70 RBP=000000007ff02470 RSP=000000007ff023f8
R8 =000000007ff1ce60 R9 =000000007ff02331 R10=0000000000000080 R11=000000007e621908
R12=000000007ee5ca60 R13=0000000000000100 R14=000000007ff24960 R15=000000007ff24a60
RIP=000000007ee3ba01 RFL=00000206 [-----P-] CPL=0 II=0 A20=1 SMM=0 HLT=0
ES =0030 0000000000000000 ffffffff 00cf9300 DPL=0 DS   [-WA]
CS =0038 0000000000000000 ffffffff 00af9a00 DPL=0 CS64 [-R-]
SS =0030 0000000000000000 ffffffff 00cf9300 DPL=0 DS   [-WA]
DS =0030 0000000000000000 ffffffff 00cf9300 DPL=0 DS   [-WA]
FS =0030 0000000000000000 ffffffff 00cf9300 DPL=0 DS   [-WA]
GS =0030 0000000000000000 ffffffff 00cf9300 DPL=0 DS   [-WA]
LDT=0000 0000000000000000 0000ffff 00008200 DPL=0 LDT
TR =0000 0000000000000000 0000ffff 00008b00 DPL=0 TSS64-busy
GDT=     000000007f5dc000 00000047
IDT=     000000007f268018 00000fff
CR0=80010033 CR2=0000000000000000 CR3=000000007f801000 CR4=00000668
DR0=0000000000000000 DR1=0000000000000000 DR2=0000000000000000 DR3=0000000000000000 
DR6=00000000ffff0ff0 DR7=0000000000000400
CCS=0000000000000004 CCD=000000007ff023f0 CCO=EFLAGS
EFER=0000000000000d00
Servicing hardware INT=0x20
   366: v=20 e=0000 i=0 cpl=0 IP=0038:000000007ee3ba01 pc=000000007ee3ba01 SP=0030:000000007ff023f8 env->regs[R_EAX]=0000000000000000
RAX=0000000000000000 RBX=0000000000000004 RCX=000000007ee5ca18 RDX=0000000000000000
RSI=00000000ffffffff RDI=000000007ff1ce70 RBP=000000007ff02470 RSP=000000007ff023f8
R8 =000000007ff1ce60 R9 =000000007ff02331 R10=0000000000000080 R11=000000007e621908
R12=000000007ee5ca60 R13=0000000000000100 R14=000000007ff24960 R15=000000007ff24a60
RIP=000000007ee3ba01 RFL=00000206 [-----P-] CPL=0 II=0 A20=1 SMM=0 HLT=0
ES =0030 0000000000000000 ffffffff 00cf9300 DPL=0 DS   [-WA]
CS =0038 0000000000000000 ffffffff 00af9a00 DPL=0 CS64 [-R-]
SS =0030 0000000000000000 ffffffff 00cf9300 DPL=0 DS   [-WA]
DS =0030 0000000000000000 ffffffff 00cf9300 DPL=0 DS   [-WA]
FS =0030 0000000000000000 ffffffff 00cf9300 DPL=0 DS   [-WA]
GS =0030 0000000000000000 ffffffff 00cf9300 DPL=0 DS   [-WA]
LDT=0000 0000000000000000 0000ffff 00008200 DPL=0 LDT
TR =0000 0000000000000000 0000ffff 00008b00 DPL=0 TSS64-busy
GDT=     000000007f5dc000 00000047
IDT=     000000007f268018 00000fff
CR0=80010033 CR2=0000000000000000 CR3=000000007f801000 CR4=00000668
DR0=0000000000000000 DR1=0000000000000000 DR2=0000000000000000 DR3=0000000000000000 
DR6=00000000ffff0ff0 DR7=0000000000000400
CCS=0000000000000004 CCD=000000007ff023f0 CCO=EFLAGS
EFER=0000000000000d00
Servicing hardware INT=0x20
   367: v=20 e=0000 i=0 cpl=0 IP=0038:000000007ee3ba01 pc=000000007ee3ba01 SP=0030:000000007ff023f8 env->regs[R_EAX]=0000000000000000
RAX=0000000000000000 RBX=0000000000000004 RCX=000000007ee5ca18 RDX=0000000000000000
RSI=00000000ffffffff RDI=000000007ff1ce70 RBP=000000007ff02470 RSP=000000007ff023f8
R8 =000000007ff1ce60 R9 =000000007ff02331 R10=0000000000000080 R11=000000007e621908
R12=000000007ee5ca60 R13=0000000000000100 R14=000000007ff24960 R15=000000007ff24a60
RIP=000000007ee3ba01 RFL=00000206 [-----P-] CPL=0 II=0 A20=1 SMM=0 HLT=0
ES =0030 0000000000000000 ffffffff 00cf9300 DPL=0 DS   [-WA]
CS =0038 0000000000000000 ffffffff 00af9a00 DPL=0 CS64 [-R-]
SS =0030 0000000000000000 ffffffff 00cf9300 DPL=0 DS   [-WA]
DS =0030 0000000000000000 ffffffff 00cf9300 DPL=0 DS   [-WA]
FS =0030 0000000000000000 ffffffff 00cf9300 DPL=0 DS   [-WA]
GS =0030 0000000000000000 ffffffff 00cf9300 DPL=0 DS   [-WA]
LDT=0000 0000000000000000 0000ffff 00008200 DPL=0 LDT
TR =0000 0000000000000000 0000ffff 00008b00 DPL=0 TSS64-busy
GDT=     000000007f5dc000 00000047
IDT=     000000007f268018 00000fff
CR0=80010033 CR2=0000000000000000 CR3=000000007f801000 CR4=00000668
DR0=0000000000000000 DR1=0000000000000000 DR2=0000000000000000 DR3=0000000000000000 
DR6=00000000ffff0ff0 DR7=0000000000000400
CCS=0000000000000004 CCD=000000007ff023f0 CCO=EFLAGS
EFER=0000000000000d00
Servicing hardware INT=0x20
   368: v=20 e=0000 i=0 cpl=0 IP=0038:000000007ee3ba01 pc=000000007ee3ba01 SP=0030:000000007ff023f8 env->regs[R_EAX]=0000000000000000
RAX=0000000000000000 RBX=0000000000000004 RCX=000000007ee5ca18 RDX=0000000000000000
RSI=00000000ffffffff RDI=000000007ff1ce70 RBP=000000007ff02470 RSP=000000007ff023f8
R8 =000000007ff1ce60 R9 =000000007ff02331 R10=0000000000000080 R11=000000007e621908
R12=000000007ee5ca60 R13=0000000000000100 R14=000000007ff24960 R15=000000007ff24a60
RIP=000000007ee3ba01 RFL=00000206 [-----P-] CPL=0 II=0 A20=1 SMM=0 HLT=0
ES =0030 0000000000000000 ffffffff 00cf9300 DPL=0 DS   [-WA]
CS =0038 0000000000000000 ffffffff 00af9a00 DPL=0 CS64 [-R-]
SS =0030 0000000000000000 ffffffff 00cf9300 DPL=0 DS   [-WA]
DS =0030 0000000000000000 ffffffff 00cf9300 DPL=0 DS   [-WA]
FS =0030 0000000000000000 ffffffff 00cf9300 DPL=0 DS   [-WA]
GS =0030 0000000000000000 ffffffff 00cf9300 DPL=0 DS   [-WA]
LDT=0000 0000000000000000 0000ffff 00008200 DPL=0 LDT
TR =0000 0000000000000000 0000ffff 00008b00 DPL=0 TSS64-busy
GDT=     000000007f5dc000 00000047
IDT=     000000007f268018 00000fff
CR0=80010033 CR2=0000000000000000 CR3=000000007f801000 CR4=00000668
DR0=0000000000000000 DR1=0000000000000000 DR2=0000000000000000 DR3=0000000000000000 
DR6=00000000ffff0ff0 DR7=0000000000000400
CCS=0000000000000004 CCD=000000007ff023f0 CCO=EFLAGS
EFER=0000000000000d00
Servicing hardware INT=0x20
   369: v=20 e=0000 i=0 cpl=0 IP=0038:000000007ee3ba01 pc=000000007ee3ba01 SP=0030:000000007ff023f8 env->regs[R_EAX]=0000000000000000
RAX=0000000000000000 RBX=0000000000000004 RCX=000000007ee5ca18 RDX=0000000000000000
RSI=00000000ffffffff RDI=000000007ff1ce70 RBP=000000007ff02470 RSP=000000007ff023f8
R8 =000000007ff1ce60 R9 =000000007ff02331 R10=0000000000000080 R11=000000007e621908
R12=000000007ee5ca60 R13=0000000000000100 R14=000000007ff24960 R15=000000007ff24a60
RIP=000000007ee3ba01 RFL=00000206 [-----P-] CPL=0 II=0 A20=1 SMM=0 HLT=0
ES =0030 0000000000000000 ffffffff 00cf9300 DPL=0 DS   [-WA]
CS =0038 0000000000000000 ffffffff 00af9a00 DPL=0 CS64 [-R-]
SS =0030 0000000000000000 ffffffff 00cf9300 DPL=0 DS   [-WA]
DS =0030 0000000000000000 ffffffff 00cf9300 DPL=0 DS   [-WA]
FS =0030 0000000000000000 ffffffff 00cf9300 DPL=0 DS   [-WA]
GS =0030 0000000000000000 ffffffff 00cf9300 DPL=0 DS   [-WA]
LDT=0000 0000000000000000 0000ffff 00008200 DPL=0 LDT
TR =0000 0000000000000000 0000ffff 00008b00 DPL=0 TSS64-busy
GDT=     000000007f5dc000 00000047
IDT=     000000007f268018 00000fff
CR0=80010033 CR2=0000000000000000 CR3=000000007f801000 CR4=00000668
DR0=0000000000000000 DR1=0000000000000000 DR2=0000000000000000 DR3=0000000000000000 
DR6=00000000ffff0ff0 DR7=0000000000000400
CCS=0000000000000004 CCD=000000007ff023f0 CCO=EFLAGS
EFER=0000000000000d00
Servicing hardware INT=0x20
   370: v=20 e=0000 i=0 cpl=0 IP=0038:000000007ee3ba01 pc=000000007ee3ba01 SP=0030:000000007ff023f8 env->regs[R_EAX]=0000000000000000
RAX=0000000000000000 RBX=0000000000000004 RCX=000000007ee5ca18 RDX=0000000000000000
RSI=00000000ffffffff RDI=000000007ff1ce70 RBP=000000007ff02470 RSP=000000007ff023f8
R8 =000000007ff1ce60 R9 =000000007ff02331 R10=0000000000000080 R11=000000007e621908
R12=000000007ee5ca60 R13=0000000000000100 R14=000000007ff24960 R15=000000007ff24a60
RIP=000000007ee3ba01 RFL=00000206 [-----P-] CPL=0 II=0 A20=1 SMM=0 HLT=0
ES =0030 0000000000000000 ffffffff 00cf9300 DPL=0 DS   [-WA]
CS =0038 0000000000000000 ffffffff 00af9a00 DPL=0 CS64 [-R-]
SS =0030 0000000000000000 ffffffff 00cf9300 DPL=0 DS   [-WA]
DS =0030 0000000000000000 ffffffff 00cf9300 DPL=0 DS   [-WA]
FS =0030 0000000000000000 ffffffff 00cf9300 DPL=0 DS   [-WA]
GS =0030 0000000000000000 ffffffff 00cf9300 DPL=0 DS   [-WA]
LDT=0000 0000000000000000 0000ffff 00008200 DPL=0 LDT
TR =0000 0000000000000000 0000ffff 00008b00 DPL=0 TSS64-busy
GDT=     000000007f5dc000 00000047
IDT=     000000007f268018 00000fff
CR0=80010033 CR2=0000000000000000 CR3=000000007f801000 CR4=00000668
DR0=0000000000000000 DR1=0000000000000000 DR2=0000000000000000 DR3=0000000000000000 
DR6=00000000ffff0ff0 DR7=0000000000000400
CCS=0000000000000004 CCD=000000007ff023f0 CCO=EFLAGS
EFER=0000000000000d00
Servicing hardware INT=0x20
   371: v=20 e=0000 i=0 cpl=0 IP=0038:000000007ee3ba01 pc=000000007ee3ba01 SP=0030:000000007ff023f8 env->regs[R_EAX]=0000000000000000
RAX=0000000000000000 RBX=0000000000000004 RCX=000000007ee5ca18 RDX=0000000000000000
RSI=00000000ffffffff RDI=000000007ff1ce70 RBP=000000007ff02470 RSP=000000007ff023f8
R8 =000000007ff1ce60 R9 =000000007ff02331 R10=0000000000000080 R11=000000007e621908
R12=000000007ee5ca60 R13=0000000000000100 R14=000000007ff24960 R15=000000007ff24a60
RIP=000000007ee3ba01 RFL=00000206 [-----P-] CPL=0 II=0 A20=1 SMM=0 HLT=0
ES =0030 0000000000000000 ffffffff 00cf9300 DPL=0 DS   [-WA]
CS =0038 0000000000000000 ffffffff 00af9a00 DPL=0 CS64 [-R-]
SS =0030 0000000000000000 ffffffff 00cf9300 DPL=0 DS   [-WA]
DS =0030 0000000000000000 ffffffff 00cf9300 DPL=0 DS   [-WA]
FS =0030 0000000000000000 ffffffff 00cf9300 DPL=0 DS   [-WA]
GS =0030 0000000000000000 ffffffff 00cf9300 DPL=0 DS   [-WA]
LDT=0000 0000000000000000 0000ffff 00008200 DPL=0 LDT
TR =0000 0000000000000000 0000ffff 00008b00 DPL=0 TSS64-busy
GDT=     000000007f5dc000 00000047
IDT=     000000007f268018 00000fff
CR0=80010033 CR2=0000000000000000 CR3=000000007f801000 CR4=00000668
DR0=0000000000000000 DR1=0000000000000000 DR2=0000000000000000 DR3=0000000000000000 
DR6=00000000ffff0ff0 DR7=0000000000000400
CCS=0000000000000004 CCD=000000007ff023f0 CCO=EFLAGS
EFER=0000000000000d00
Servicing hardware INT=0x20
   372: v=20 e=0000 i=0 cpl=0 IP=0038:000000007ee3ba01 pc=000000007ee3ba01 SP=0030:000000007ff023f8 env->regs[R_EAX]=0000000000000000
RAX=0000000000000000 RBX=0000000000000004 RCX=000000007ee5ca18 RDX=0000000000000000
RSI=00000000ffffffff RDI=000000007ff1ce70 RBP=000000007ff02470 RSP=000000007ff023f8
R8 =000000007ff1ce60 R9 =000000007ff02331 R10=0000000000000080 R11=000000007e621908
R12=000000007ee5ca60 R13=0000000000000100 R14=000000007ff24960 R15=000000007ff24a60
RIP=000000007ee3ba01 RFL=00000206 [-----P-] CPL=0 II=0 A20=1 SMM=0 HLT=0
ES =0030 0000000000000000 ffffffff 00cf9300 DPL=0 DS   [-WA]
CS =0038 0000000000000000 ffffffff 00af9a00 DPL=0 CS64 [-R-]
SS =0030 0000000000000000 ffffffff 00cf9300 DPL=0 DS   [-WA]
DS =0030 0000000000000000 ffffffff 00cf9300 DPL=0 DS   [-WA]
FS =0030 0000000000000000 ffffffff 00cf9300 DPL=0 DS   [-WA]
GS =0030 0000000000000000 ffffffff 00cf9300 DPL=0 DS   [-WA]
LDT=0000 0000000000000000 0000ffff 00008200 DPL=0 LDT
TR =0000 0000000000000000 0000ffff 00008b00 DPL=0 TSS64-busy
GDT=     000000007f5dc000 00000047
IDT=     000000007f268018 00000fff
CR0=80010033 CR2=0000000000000000 CR3=000000007f801000 CR4=00000668
DR0=0000000000000000 DR1=0000000000000000 DR2=0000000000000000 DR3=0000000000000000 
DR6=00000000ffff0ff0 DR7=0000000000000400
CCS=0000000000000004 CCD=000000007ff023f0 CCO=EFLAGS
EFER=0000000000000d00
Servicing hardware INT=0x20
   373: v=20 e=0000 i=0 cpl=0 IP=0038:000000007ee3ba01 pc=000000007ee3ba01 SP=0030:000000007ff023f8 env->regs[R_EAX]=0000000000000000
RAX=0000000000000000 RBX=0000000000000004 RCX=000000007ee5ca18 RDX=0000000000000000
RSI=00000000ffffffff RDI=000000007ff1ce70 RBP=000000007ff02470 RSP=000000007ff023f8
R8 =000000007ff1ce60 R9 =000000007ff02331 R10=0000000000000080 R11=000000007e621908
R12=000000007ee5ca60 R13=0000000000000100 R14=000000007ff24960 R15=000000007ff24a60
RIP=000000007ee3ba01 RFL=00000206 [-----P-] CPL=0 II=0 A20=1 SMM=0 HLT=0
ES =0030 0000000000000000 ffffffff 00cf9300 DPL=0 DS   [-WA]
CS =0038 0000000000000000 ffffffff 00af9a00 DPL=0 CS64 [-R-]
SS =0030 0000000000000000 ffffffff 00cf9300 DPL=0 DS   [-WA]
DS =0030 0000000000000000 ffffffff 00cf9300 DPL=0 DS   [-WA]
FS =0030 0000000000000000 ffffffff 00cf9300 DPL=0 DS   [-WA]
GS =0030 0000000000000000 ffffffff 00cf9300 DPL=0 DS   [-WA]
LDT=0000 0000000000000000 0000ffff 00008200 DPL=0 LDT
TR =0000 0000000000000000 0000ffff 00008b00 DPL=0 TSS64-busy
GDT=     000000007f5dc000 00000047
IDT=     000000007f268018 00000fff
CR0=80010033 CR2=0000000000000000 CR3=000000007f801000 CR4=00000668
DR0=0000000000000000 DR1=0000000000000000 DR2=0000000000000000 DR3=0000000000000000 
DR6=00000000ffff0ff0 DR7=0000000000000400
CCS=0000000000000004 CCD=000000007ff023f0 CCO=EFLAGS
EFER=0000000000000d00
Servicing hardware INT=0x20
   374: v=20 e=0000 i=0 cpl=0 IP=0038:000000007ee3ba01 pc=000000007ee3ba01 SP=0030:000000007ff023f8 env->regs[R_EAX]=0000000000000000
RAX=0000000000000000 RBX=0000000000000004 RCX=000000007ee5ca18 RDX=0000000000000000
RSI=00000000ffffffff RDI=000000007ff1ce70 RBP=000000007ff02470 RSP=000000007ff023f8
R8 =000000007ff1ce60 R9 =000000007ff02331 R10=0000000000000080 R11=000000007e621908
R12=000000007ee5ca60 R13=0000000000000100 R14=000000007ff24960 R15=000000007ff24a60
RIP=000000007ee3ba01 RFL=00000206 [-----P-] CPL=0 II=0 A20=1 SMM=0 HLT=0
ES =0030 0000000000000000 ffffffff 00cf9300 DPL=0 DS   [-WA]
CS =0038 0000000000000000 ffffffff 00af9a00 DPL=0 CS64 [-R-]
SS =0030 0000000000000000 ffffffff 00cf9300 DPL=0 DS   [-WA]
DS =0030 0000000000000000 ffffffff 00cf9300 DPL=0 DS   [-WA]
FS =0030 0000000000000000 ffffffff 00cf9300 DPL=0 DS   [-WA]
GS =0030 0000000000000000 ffffffff 00cf9300 DPL=0 DS   [-WA]
LDT=0000 0000000000000000 0000ffff 00008200 DPL=0 LDT
TR =0000 0000000000000000 0000ffff 00008b00 DPL=0 TSS64-busy
GDT=     000000007f5dc000 00000047
IDT=     000000007f268018 00000fff
CR0=80010033 CR2=0000000000000000 CR3=000000007f801000 CR4=00000668
DR0=0000000000000000 DR1=0000000000000000 DR2=0000000000000000 DR3=0000000000000000 
DR6=00000000ffff0ff0 DR7=0000000000000400
CCS=0000000000000004 CCD=000000007ff023f0 CCO=EFLAGS
EFER=0000000000000d00
Servicing hardware INT=0x20
   375: v=20 e=0000 i=0 cpl=0 IP=0038:000000007ee3ba01 pc=000000007ee3ba01 SP=0030:000000007ff023f8 env->regs[R_EAX]=0000000000000000
RAX=0000000000000000 RBX=0000000000000004 RCX=000000007ee5ca18 RDX=0000000000000000
RSI=00000000ffffffff RDI=000000007ff1ce70 RBP=000000007ff02470 RSP=000000007ff023f8
R8 =000000007ff1ce60 R9 =000000007ff02331 R10=0000000000000080 R11=000000007e621908
R12=000000007ee5ca60 R13=0000000000000100 R14=000000007ff24960 R15=000000007ff24a60
RIP=000000007ee3ba01 RFL=00000206 [-----P-] CPL=0 II=0 A20=1 SMM=0 HLT=0
ES =0030 0000000000000000 ffffffff 00cf9300 DPL=0 DS   [-WA]
CS =0038 0000000000000000 ffffffff 00af9a00 DPL=0 CS64 [-R-]
SS =0030 0000000000000000 ffffffff 00cf9300 DPL=0 DS   [-WA]
DS =0030 0000000000000000 ffffffff 00cf9300 DPL=0 DS   [-WA]
FS =0030 0000000000000000 ffffffff 00cf9300 DPL=0 DS   [-WA]
GS =0030 0000000000000000 ffffffff 00cf9300 DPL=0 DS   [-WA]
LDT=0000 0000000000000000 0000ffff 00008200 DPL=0 LDT
TR =0000 0000000000000000 0000ffff 00008b00 DPL=0 TSS64-busy
GDT=     000000007f5dc000 00000047
IDT=     000000007f268018 00000fff
CR0=80010033 CR2=0000000000000000 CR3=000000007f801000 CR4=00000668
DR0=0000000000000000 DR1=0000000000000000 DR2=0000000000000000 DR3=0000000000000000 
DR6=00000000ffff0ff0 DR7=0000000000000400
CCS=0000000000000004 CCD=000000007ff023f0 CCO=EFLAGS
EFER=0000000000000d00
Servicing hardware INT=0x20
   376: v=20 e=0000 i=0 cpl=0 IP=0038:000000007ee3ba01 pc=000000007ee3ba01 SP=0030:000000007ff023f8 env->regs[R_EAX]=0000000000000000
RAX=0000000000000000 RBX=0000000000000004 RCX=000000007ee5ca18 RDX=0000000000000000
RSI=00000000ffffffff RDI=000000007ff1ce70 RBP=000000007ff02470 RSP=000000007ff023f8
R8 =000000007ff1ce60 R9 =000000007ff02331 R10=0000000000000080 R11=000000007e621908
R12=000000007ee5ca60 R13=0000000000000100 R14=000000007ff24960 R15=000000007ff24a60
RIP=000000007ee3ba01 RFL=00000206 [-----P-] CPL=0 II=0 A20=1 SMM=0 HLT=0
ES =0030 0000000000000000 ffffffff 00cf9300 DPL=0 DS   [-WA]
CS =0038 0000000000000000 ffffffff 00af9a00 DPL=0 CS64 [-R-]
SS =0030 0000000000000000 ffffffff 00cf9300 DPL=0 DS   [-WA]
DS =0030 0000000000000000 ffffffff 00cf9300 DPL=0 DS   [-WA]
FS =0030 0000000000000000 ffffffff 00cf9300 DPL=0 DS   [-WA]
GS =0030 0000000000000000 ffffffff 00cf9300 DPL=0 DS   [-WA]
LDT=0000 0000000000000000 0000ffff 00008200 DPL=0 LDT
TR =0000 0000000000000000 0000ffff 00008b00 DPL=0 TSS64-busy
GDT=     000000007f5dc000 00000047
IDT=     000000007f268018 00000fff
CR0=80010033 CR2=0000000000000000 CR3=000000007f801000 CR4=00000668
DR0=0000000000000000 DR1=0000000000000000 DR2=0000000000000000 DR3=0000000000000000 
DR6=00000000ffff0ff0 DR7=0000000000000400
CCS=0000000000000004 CCD=000000007ff023f0 CCO=EFLAGS
EFER=0000000000000d00
Servicing hardware INT=0x20
   377: v=20 e=0000 i=0 cpl=0 IP=0038:000000007ee3ba01 pc=000000007ee3ba01 SP=0030:000000007ff023f8 env->regs[R_EAX]=0000000000000000
RAX=0000000000000000 RBX=0000000000000004 RCX=000000007ee5ca18 RDX=0000000000000000
RSI=00000000ffffffff RDI=000000007ff1ce70 RBP=000000007ff02470 RSP=000000007ff023f8
R8 =000000007ff1ce60 R9 =000000007ff02331 R10=0000000000000080 R11=000000007e621908
R12=000000007ee5ca60 R13=0000000000000100 R14=000000007ff24960 R15=000000007ff24a60
RIP=000000007ee3ba01 RFL=00000206 [-----P-] CPL=0 II=0 A20=1 SMM=0 HLT=0
ES =0030 0000000000000000 ffffffff 00cf9300 DPL=0 DS   [-WA]
CS =0038 0000000000000000 ffffffff 00af9a00 DPL=0 CS64 [-R-]
SS =0030 0000000000000000 ffffffff 00cf9300 DPL=0 DS   [-WA]
DS =0030 0000000000000000 ffffffff 00cf9300 DPL=0 DS   [-WA]
FS =0030 0000000000000000 ffffffff 00cf9300 DPL=0 DS   [-WA]
GS =0030 0000000000000000 ffffffff 00cf9300 DPL=0 DS   [-WA]
LDT=0000 0000000000000000 0000ffff 00008200 DPL=0 LDT
TR =0000 0000000000000000 0000ffff 00008b00 DPL=0 TSS64-busy
GDT=     000000007f5dc000 00000047
IDT=     000000007f268018 00000fff
CR0=80010033 CR2=0000000000000000 CR3=000000007f801000 CR4=00000668
DR0=0000000000000000 DR1=0000000000000000 DR2=0000000000000000 DR3=0000000000000000 
DR6=00000000ffff0ff0 DR7=0000000000000400
CCS=0000000000000004 CCD=000000007ff023f0 CCO=EFLAGS
EFER=0000000000000d00
Servicing hardware INT=0x20
   378: v=20 e=0000 i=0 cpl=0 IP=0038:000000007ee3ba01 pc=000000007ee3ba01 SP=0030:000000007ff023f8 env->regs[R_EAX]=0000000000000000
RAX=0000000000000000 RBX=0000000000000004 RCX=000000007ee5ca18 RDX=0000000000000000
RSI=00000000ffffffff RDI=000000007ff1ce70 RBP=000000007ff02470 RSP=000000007ff023f8
R8 =000000007ff1ce60 R9 =000000007ff02331 R10=0000000000000080 R11=000000007e621908
R12=000000007ee5ca60 R13=0000000000000100 R14=000000007ff24960 R15=000000007ff24a60
RIP=000000007ee3ba01 RFL=00000206 [-----P-] CPL=0 II=0 A20=1 SMM=0 HLT=0
ES =0030 0000000000000000 ffffffff 00cf9300 DPL=0 DS   [-WA]
CS =0038 0000000000000000 ffffffff 00af9a00 DPL=0 CS64 [-R-]
SS =0030 0000000000000000 ffffffff 00cf9300 DPL=0 DS   [-WA]
DS =0030 0000000000000000 ffffffff 00cf9300 DPL=0 DS   [-WA]
FS =0030 0000000000000000 ffffffff 00cf9300 DPL=0 DS   [-WA]
GS =0030 0000000000000000 ffffffff 00cf9300 DPL=0 DS   [-WA]
LDT=0000 0000000000000000 0000ffff 00008200 DPL=0 LDT
TR =0000 0000000000000000 0000ffff 00008b00 DPL=0 TSS64-busy
GDT=     000000007f5dc000 00000047
IDT=     000000007f268018 00000fff
CR0=80010033 CR2=0000000000000000 CR3=000000007f801000 CR4=00000668
DR0=0000000000000000 DR1=0000000000000000 DR2=0000000000000000 DR3=0000000000000000 
DR6=00000000ffff0ff0 DR7=0000000000000400
CCS=0000000000000004 CCD=000000007ff023f0 CCO=EFLAGS
EFER=0000000000000d00
Servicing hardware INT=0x20
   379: v=20 e=0000 i=0 cpl=0 IP=0038:000000007ee3ba01 pc=000000007ee3ba01 SP=0030:000000007ff023f8 env->regs[R_EAX]=0000000000000000
RAX=0000000000000000 RBX=0000000000000004 RCX=000000007ee5ca18 RDX=0000000000000000
RSI=00000000ffffffff RDI=000000007ff1ce70 RBP=000000007ff02470 RSP=000000007ff023f8
R8 =000000007ff1ce60 R9 =000000007ff02331 R10=0000000000000080 R11=000000007e621908
R12=000000007ee5ca60 R13=0000000000000100 R14=000000007ff24960 R15=000000007ff24a60
RIP=000000007ee3ba01 RFL=00000206 [-----P-] CPL=0 II=0 A20=1 SMM=0 HLT=0
ES =0030 0000000000000000 ffffffff 00cf9300 DPL=0 DS   [-WA]
CS =0038 0000000000000000 ffffffff 00af9a00 DPL=0 CS64 [-R-]
SS =0030 0000000000000000 ffffffff 00cf9300 DPL=0 DS   [-WA]
DS =0030 0000000000000000 ffffffff 00cf9300 DPL=0 DS   [-WA]
FS =0030 0000000000000000 ffffffff 00cf9300 DPL=0 DS   [-WA]
GS =0030 0000000000000000 ffffffff 00cf9300 DPL=0 DS   [-WA]
LDT=0000 0000000000000000 0000ffff 00008200 DPL=0 LDT
TR =0000 0000000000000000 0000ffff 00008b00 DPL=0 TSS64-busy
GDT=     000000007f5dc000 00000047
IDT=     000000007f268018 00000fff
CR0=80010033 CR2=0000000000000000 CR3=000000007f801000 CR4=00000668
DR0=0000000000000000 DR1=0000000000000000 DR2=0000000000000000 DR3=0000000000000000 
DR6=00000000ffff0ff0 DR7=0000000000000400
CCS=0000000000000004 CCD=000000007ff023f0 CCO=EFLAGS
EFER=0000000000000d00
Servicing hardware INT=0x20
   380: v=20 e=0000 i=0 cpl=0 IP=0038:000000007ee3ba01 pc=000000007ee3ba01 SP=0030:000000007ff023f8 env->regs[R_EAX]=0000000000000000
RAX=0000000000000000 RBX=0000000000000004 RCX=000000007ee5ca18 RDX=0000000000000000
RSI=00000000ffffffff RDI=000000007ff1ce70 RBP=000000007ff02470 RSP=000000007ff023f8
R8 =000000007ff1ce60 R9 =000000007ff02331 R10=0000000000000080 R11=000000007e621908
R12=000000007ee5ca60 R13=0000000000000100 R14=000000007ff24960 R15=000000007ff24a60
RIP=000000007ee3ba01 RFL=00000206 [-----P-] CPL=0 II=0 A20=1 SMM=0 HLT=0
ES =0030 0000000000000000 ffffffff 00cf9300 DPL=0 DS   [-WA]
CS =0038 0000000000000000 ffffffff 00af9a00 DPL=0 CS64 [-R-]
SS =0030 0000000000000000 ffffffff 00cf9300 DPL=0 DS   [-WA]
DS =0030 0000000000000000 ffffffff 00cf9300 DPL=0 DS   [-WA]
FS =0030 0000000000000000 ffffffff 00cf9300 DPL=0 DS   [-WA]
GS =0030 0000000000000000 ffffffff 00cf9300 DPL=0 DS   [-WA]
LDT=0000 0000000000000000 0000ffff 00008200 DPL=0 LDT
TR =0000 0000000000000000 0000ffff 00008b00 DPL=0 TSS64-busy
GDT=     000000007f5dc000 00000047
IDT=     000000007f268018 00000fff
CR0=80010033 CR2=0000000000000000 CR3=000000007f801000 CR4=00000668
DR0=0000000000000000 DR1=0000000000000000 DR2=0000000000000000 DR3=0000000000000000 
DR6=00000000ffff0ff0 DR7=0000000000000400
CCS=0000000000000004 CCD=000000007ff023f0 CCO=EFLAGS
EFER=0000000000000d00
Servicing hardware INT=0x20
   381: v=20 e=0000 i=0 cpl=0 IP=0038:000000007ee3ba01 pc=000000007ee3ba01 SP=0030:000000007ff023f8 env->regs[R_EAX]=0000000000000000
RAX=0000000000000000 RBX=0000000000000004 RCX=000000007ee5ca18 RDX=0000000000000000
RSI=00000000ffffffff RDI=000000007ff1ce70 RBP=000000007ff02470 RSP=000000007ff023f8
R8 =000000007ff1ce60 R9 =000000007ff02331 R10=0000000000000080 R11=000000007e621908
R12=000000007ee5ca60 R13=0000000000000100 R14=000000007ff24960 R15=000000007ff24a60
RIP=000000007ee3ba01 RFL=00000206 [-----P-] CPL=0 II=0 A20=1 SMM=0 HLT=0
ES =0030 0000000000000000 ffffffff 00cf9300 DPL=0 DS   [-WA]
CS =0038 0000000000000000 ffffffff 00af9a00 DPL=0 CS64 [-R-]
SS =0030 0000000000000000 ffffffff 00cf9300 DPL=0 DS   [-WA]
DS =0030 0000000000000000 ffffffff 00cf9300 DPL=0 DS   [-WA]
FS =0030 0000000000000000 ffffffff 00cf9300 DPL=0 DS   [-WA]
GS =0030 0000000000000000 ffffffff 00cf9300 DPL=0 DS   [-WA]
LDT=0000 0000000000000000 0000ffff 00008200 DPL=0 LDT
TR =0000 0000000000000000 0000ffff 00008b00 DPL=0 TSS64-busy
GDT=     000000007f5dc000 00000047
IDT=     000000007f268018 00000fff
CR0=80010033 CR2=0000000000000000 CR3=000000007f801000 CR4=00000668
DR0=0000000000000000 DR1=0000000000000000 DR2=0000000000000000 DR3=0000000000000000 
DR6=00000000ffff0ff0 DR7=0000000000000400
CCS=0000000000000004 CCD=000000007ff023f0 CCO=EFLAGS
EFER=0000000000000d00
Servicing hardware INT=0x20
   382: v=20 e=0000 i=0 cpl=0 IP=0038:000000007ee3ba01 pc=000000007ee3ba01 SP=0030:000000007ff023f8 env->regs[R_EAX]=0000000000000000
RAX=0000000000000000 RBX=0000000000000004 RCX=000000007ee5ca18 RDX=0000000000000000
RSI=00000000ffffffff RDI=000000007ff1ce70 RBP=000000007ff02470 RSP=000000007ff023f8
R8 =000000007ff1ce60 R9 =000000007ff02331 R10=0000000000000080 R11=000000007e621908
R12=000000007ee5ca60 R13=0000000000000100 R14=000000007ff24960 R15=000000007ff24a60
RIP=000000007ee3ba01 RFL=00000206 [-----P-] CPL=0 II=0 A20=1 SMM=0 HLT=0
ES =0030 0000000000000000 ffffffff 00cf9300 DPL=0 DS   [-WA]
CS =0038 0000000000000000 ffffffff 00af9a00 DPL=0 CS64 [-R-]
SS =0030 0000000000000000 ffffffff 00cf9300 DPL=0 DS   [-WA]
DS =0030 0000000000000000 ffffffff 00cf9300 DPL=0 DS   [-WA]
FS =0030 0000000000000000 ffffffff 00cf9300 DPL=0 DS   [-WA]
GS =0030 0000000000000000 ffffffff 00cf9300 DPL=0 DS   [-WA]
LDT=0000 0000000000000000 0000ffff 00008200 DPL=0 LDT
TR =0000 0000000000000000 0000ffff 00008b00 DPL=0 TSS64-busy
GDT=     000000007f5dc000 00000047
IDT=     000000007f268018 00000fff
CR0=80010033 CR2=0000000000000000 CR3=000000007f801000 CR4=00000668
DR0=0000000000000000 DR1=0000000000000000 DR2=0000000000000000 DR3=0000000000000000 
DR6=00000000ffff0ff0 DR7=0000000000000400
CCS=0000000000000004 CCD=000000007ff023f0 CCO=EFLAGS
EFER=0000000000000d00
Servicing hardware INT=0x20
   383: v=20 e=0000 i=0 cpl=0 IP=0038:000000007ee3ba01 pc=000000007ee3ba01 SP=0030:000000007ff023f8 env->regs[R_EAX]=0000000000000000
RAX=0000000000000000 RBX=0000000000000004 RCX=000000007ee5ca18 RDX=0000000000000000
RSI=00000000ffffffff RDI=000000007ff1ce70 RBP=000000007ff02470 RSP=000000007ff023f8
R8 =000000007ff1ce60 R9 =000000007ff02331 R10=0000000000000080 R11=000000007e621908
R12=000000007ee5ca60 R13=0000000000000100 R14=000000007ff24960 R15=000000007ff24a60
RIP=000000007ee3ba01 RFL=00000206 [-----P-] CPL=0 II=0 A20=1 SMM=0 HLT=0
ES =0030 0000000000000000 ffffffff 00cf9300 DPL=0 DS   [-WA]
CS =0038 0000000000000000 ffffffff 00af9a00 DPL=0 CS64 [-R-]
SS =0030 0000000000000000 ffffffff 00cf9300 DPL=0 DS   [-WA]
DS =0030 0000000000000000 ffffffff 00cf9300 DPL=0 DS   [-WA]
FS =0030 0000000000000000 ffffffff 00cf9300 DPL=0 DS   [-WA]
GS =0030 0000000000000000 ffffffff 00cf9300 DPL=0 DS   [-WA]
LDT=0000 0000000000000000 0000ffff 00008200 DPL=0 LDT
TR =0000 0000000000000000 0000ffff 00008b00 DPL=0 TSS64-busy
GDT=     000000007f5dc000 00000047
IDT=     000000007f268018 00000fff
CR0=80010033 CR2=0000000000000000 CR3=000000007f801000 CR4=00000668
DR0=0000000000000000 DR1=0000000000000000 DR2=0000000000000000 DR3=0000000000000000 
DR6=00000000ffff0ff0 DR7=0000000000000400
CCS=0000000000000004 CCD=000000007ff023f0 CCO=EFLAGS
EFER=0000000000000d00
Servicing hardware INT=0x20
   384: v=20 e=0000 i=0 cpl=0 IP=0038:000000007ee3ba01 pc=000000007ee3ba01 SP=0030:000000007ff023f8 env->regs[R_EAX]=0000000000000000
RAX=0000000000000000 RBX=0000000000000004 RCX=000000007ee5ca18 RDX=0000000000000000
RSI=00000000ffffffff RDI=000000007ff1ce70 RBP=000000007ff02470 RSP=000000007ff023f8
R8 =000000007ff1ce60 R9 =000000007ff02331 R10=0000000000000080 R11=000000007e621908
R12=000000007ee5ca60 R13=0000000000000100 R14=000000007ff24960 R15=000000007ff24a60
RIP=000000007ee3ba01 RFL=00000206 [-----P-] CPL=0 II=0 A20=1 SMM=0 HLT=0
ES =0030 0000000000000000 ffffffff 00cf9300 DPL=0 DS   [-WA]
CS =0038 0000000000000000 ffffffff 00af9a00 DPL=0 CS64 [-R-]
SS =0030 0000000000000000 ffffffff 00cf9300 DPL=0 DS   [-WA]
DS =0030 0000000000000000 ffffffff 00cf9300 DPL=0 DS   [-WA]
FS =0030 0000000000000000 ffffffff 00cf9300 DPL=0 DS   [-WA]
GS =0030 0000000000000000 ffffffff 00cf9300 DPL=0 DS   [-WA]
LDT=0000 0000000000000000 0000ffff 00008200 DPL=0 LDT
TR =0000 0000000000000000 0000ffff 00008b00 DPL=0 TSS64-busy
GDT=     000000007f5dc000 00000047
IDT=     000000007f268018 00000fff
CR0=80010033 CR2=0000000000000000 CR3=000000007f801000 CR4=00000668
DR0=0000000000000000 DR1=0000000000000000 DR2=0000000000000000 DR3=0000000000000000 
DR6=00000000ffff0ff0 DR7=0000000000000400
CCS=0000000000000004 CCD=000000007ff023f0 CCO=EFLAGS
EFER=0000000000000d00
Servicing hardware INT=0x20
   385: v=20 e=0000 i=0 cpl=0 IP=0038:000000007ee3ba01 pc=000000007ee3ba01 SP=0030:000000007ff023f8 env->regs[R_EAX]=0000000000000000
RAX=0000000000000000 RBX=0000000000000004 RCX=000000007ee5ca18 RDX=0000000000000000
RSI=00000000ffffffff RDI=000000007ff1ce70 RBP=000000007ff02470 RSP=000000007ff023f8
R8 =000000007ff1ce60 R9 =000000007ff02331 R10=0000000000000080 R11=000000007e621908
R12=000000007ee5ca60 R13=0000000000000100 R14=000000007ff24960 R15=000000007ff24a60
RIP=000000007ee3ba01 RFL=00000206 [-----P-] CPL=0 II=0 A20=1 SMM=0 HLT=0
ES =0030 0000000000000000 ffffffff 00cf9300 DPL=0 DS   [-WA]
CS =0038 0000000000000000 ffffffff 00af9a00 DPL=0 CS64 [-R-]
SS =0030 0000000000000000 ffffffff 00cf9300 DPL=0 DS   [-WA]
DS =0030 0000000000000000 ffffffff 00cf9300 DPL=0 DS   [-WA]
FS =0030 0000000000000000 ffffffff 00cf9300 DPL=0 DS   [-WA]
GS =0030 0000000000000000 ffffffff 00cf9300 DPL=0 DS   [-WA]
LDT=0000 0000000000000000 0000ffff 00008200 DPL=0 LDT
TR =0000 0000000000000000 0000ffff 00008b00 DPL=0 TSS64-busy
GDT=     000000007f5dc000 00000047
IDT=     000000007f268018 00000fff
CR0=80010033 CR2=0000000000000000 CR3=000000007f801000 CR4=00000668
DR0=0000000000000000 DR1=0000000000000000 DR2=0000000000000000 DR3=0000000000000000 
DR6=00000000ffff0ff0 DR7=0000000000000400
CCS=0000000000000004 CCD=000000007ff023f0 CCO=EFLAGS
EFER=0000000000000d00
Servicing hardware INT=0x20
   386: v=20 e=0000 i=0 cpl=0 IP=0038:000000007ee3ba01 pc=000000007ee3ba01 SP=0030:000000007ff023f8 env->regs[R_EAX]=0000000000000000
RAX=0000000000000000 RBX=0000000000000004 RCX=000000007ee5ca18 RDX=0000000000000000
RSI=00000000ffffffff RDI=000000007ff1ce70 RBP=000000007ff02470 RSP=000000007ff023f8
R8 =000000007ff1ce60 R9 =000000007ff02331 R10=0000000000000080 R11=000000007e621908
R12=000000007ee5ca60 R13=0000000000000100 R14=000000007ff24960 R15=000000007ff24a60
RIP=000000007ee3ba01 RFL=00000206 [-----P-] CPL=0 II=0 A20=1 SMM=0 HLT=0
ES =0030 0000000000000000 ffffffff 00cf9300 DPL=0 DS   [-WA]
CS =0038 0000000000000000 ffffffff 00af9a00 DPL=0 CS64 [-R-]
SS =0030 0000000000000000 ffffffff 00cf9300 DPL=0 DS   [-WA]
DS =0030 0000000000000000 ffffffff 00cf9300 DPL=0 DS   [-WA]
FS =0030 0000000000000000 ffffffff 00cf9300 DPL=0 DS   [-WA]
GS =0030 0000000000000000 ffffffff 00cf9300 DPL=0 DS   [-WA]
LDT=0000 0000000000000000 0000ffff 00008200 DPL=0 LDT
TR =0000 0000000000000000 0000ffff 00008b00 DPL=0 TSS64-busy
GDT=     000000007f5dc000 00000047
IDT=     000000007f268018 00000fff
CR0=80010033 CR2=0000000000000000 CR3=000000007f801000 CR4=00000668
DR0=0000000000000000 DR1=0000000000000000 DR2=0000000000000000 DR3=0000000000000000 
DR6=00000000ffff0ff0 DR7=0000000000000400
CCS=0000000000000004 CCD=000000007ff023f0 CCO=EFLAGS
EFER=0000000000000d00
Servicing hardware INT=0x20
   387: v=20 e=0000 i=0 cpl=0 IP=0038:000000007ee3ba01 pc=000000007ee3ba01 SP=0030:000000007ff023f8 env->regs[R_EAX]=0000000000000000
RAX=0000000000000000 RBX=0000000000000004 RCX=000000007ee5ca18 RDX=0000000000000000
RSI=00000000ffffffff RDI=000000007ff1ce70 RBP=000000007ff02470 RSP=000000007ff023f8
R8 =000000007ff1ce60 R9 =000000007ff02331 R10=0000000000000080 R11=000000007e621908
R12=000000007ee5ca60 R13=0000000000000100 R14=000000007ff24960 R15=000000007ff24a60
RIP=000000007ee3ba01 RFL=00000206 [-----P-] CPL=0 II=0 A20=1 SMM=0 HLT=0
ES =0030 0000000000000000 ffffffff 00cf9300 DPL=0 DS   [-WA]
CS =0038 0000000000000000 ffffffff 00af9a00 DPL=0 CS64 [-R-]
SS =0030 0000000000000000 ffffffff 00cf9300 DPL=0 DS   [-WA]
DS =0030 0000000000000000 ffffffff 00cf9300 DPL=0 DS   [-WA]
FS =0030 0000000000000000 ffffffff 00cf9300 DPL=0 DS   [-WA]
GS =0030 0000000000000000 ffffffff 00cf9300 DPL=0 DS   [-WA]
LDT=0000 0000000000000000 0000ffff 00008200 DPL=0 LDT
TR =0000 0000000000000000 0000ffff 00008b00 DPL=0 TSS64-busy
GDT=     000000007f5dc000 00000047
IDT=     000000007f268018 00000fff
CR0=80010033 CR2=0000000000000000 CR3=000000007f801000 CR4=00000668
DR0=0000000000000000 DR1=0000000000000000 DR2=0000000000000000 DR3=0000000000000000 
DR6=00000000ffff0ff0 DR7=0000000000000400
CCS=0000000000000004 CCD=000000007ff023f0 CCO=EFLAGS
EFER=0000000000000d00
Servicing hardware INT=0x20
   388: v=20 e=0000 i=0 cpl=0 IP=0038:000000007ee3ba01 pc=000000007ee3ba01 SP=0030:000000007ff023f8 env->regs[R_EAX]=0000000000000000
RAX=0000000000000000 RBX=0000000000000004 RCX=000000007ee5ca18 RDX=0000000000000000
RSI=00000000ffffffff RDI=000000007ff1ce70 RBP=000000007ff02470 RSP=000000007ff023f8
R8 =000000007ff1ce60 R9 =000000007ff02331 R10=0000000000000080 R11=000000007e621908
R12=000000007ee5ca60 R13=0000000000000100 R14=000000007ff24960 R15=000000007ff24a60
RIP=000000007ee3ba01 RFL=00000206 [-----P-] CPL=0 II=0 A20=1 SMM=0 HLT=0
ES =0030 0000000000000000 ffffffff 00cf9300 DPL=0 DS   [-WA]
CS =0038 0000000000000000 ffffffff 00af9a00 DPL=0 CS64 [-R-]
SS =0030 0000000000000000 ffffffff 00cf9300 DPL=0 DS   [-WA]
DS =0030 0000000000000000 ffffffff 00cf9300 DPL=0 DS   [-WA]
FS =0030 0000000000000000 ffffffff 00cf9300 DPL=0 DS   [-WA]
GS =0030 0000000000000000 ffffffff 00cf9300 DPL=0 DS   [-WA]
LDT=0000 0000000000000000 0000ffff 00008200 DPL=0 LDT
TR =0000 0000000000000000 0000ffff 00008b00 DPL=0 TSS64-busy
GDT=     000000007f5dc000 00000047
IDT=     000000007f268018 00000fff
CR0=80010033 CR2=0000000000000000 CR3=000000007f801000 CR4=00000668
DR0=0000000000000000 DR1=0000000000000000 DR2=0000000000000000 DR3=0000000000000000 
DR6=00000000ffff0ff0 DR7=0000000000000400
CCS=0000000000000004 CCD=000000007ff023f0 CCO=EFLAGS
EFER=0000000000000d00
Servicing hardware INT=0x20
   389: v=20 e=0000 i=0 cpl=0 IP=0038:000000007ee3ba01 pc=000000007ee3ba01 SP=0030:000000007ff023f8 env->regs[R_EAX]=0000000000000000
RAX=0000000000000000 RBX=0000000000000004 RCX=000000007ee5ca18 RDX=0000000000000000
RSI=00000000ffffffff RDI=000000007ff1ce70 RBP=000000007ff02470 RSP=000000007ff023f8
R8 =000000007ff1ce60 R9 =000000007ff02331 R10=0000000000000080 R11=000000007e621908
R12=000000007ee5ca60 R13=0000000000000100 R14=000000007ff24960 R15=000000007ff24a60
RIP=000000007ee3ba01 RFL=00000206 [-----P-] CPL=0 II=0 A20=1 SMM=0 HLT=0
ES =0030 0000000000000000 ffffffff 00cf9300 DPL=0 DS   [-WA]
CS =0038 0000000000000000 ffffffff 00af9a00 DPL=0 CS64 [-R-]
SS =0030 0000000000000000 ffffffff 00cf9300 DPL=0 DS   [-WA]
DS =0030 0000000000000000 ffffffff 00cf9300 DPL=0 DS   [-WA]
FS =0030 0000000000000000 ffffffff 00cf9300 DPL=0 DS   [-WA]
GS =0030 0000000000000000 ffffffff 00cf9300 DPL=0 DS   [-WA]
LDT=0000 0000000000000000 0000ffff 00008200 DPL=0 LDT
TR =0000 0000000000000000 0000ffff 00008b00 DPL=0 TSS64-busy
GDT=     000000007f5dc000 00000047
IDT=     000000007f268018 00000fff
CR0=80010033 CR2=0000000000000000 CR3=000000007f801000 CR4=00000668
DR0=0000000000000000 DR1=0000000000000000 DR2=0000000000000000 DR3=0000000000000000 
DR6=00000000ffff0ff0 DR7=0000000000000400
CCS=0000000000000004 CCD=000000007ff023f0 CCO=EFLAGS
EFER=0000000000000d00
Servicing hardware INT=0x20
   390: v=20 e=0000 i=0 cpl=0 IP=0038:000000007ee3ba01 pc=000000007ee3ba01 SP=0030:000000007ff023f8 env->regs[R_EAX]=0000000000000000
RAX=0000000000000000 RBX=0000000000000004 RCX=000000007ee5ca18 RDX=0000000000000000
RSI=00000000ffffffff RDI=000000007ff1ce70 RBP=000000007ff02470 RSP=000000007ff023f8
R8 =000000007ff1ce60 R9 =000000007ff02331 R10=0000000000000080 R11=000000007e621908
R12=000000007ee5ca60 R13=0000000000000100 R14=000000007ff24960 R15=000000007ff24a60
RIP=000000007ee3ba01 RFL=00000206 [-----P-] CPL=0 II=0 A20=1 SMM=0 HLT=0
ES =0030 0000000000000000 ffffffff 00cf9300 DPL=0 DS   [-WA]
CS =0038 0000000000000000 ffffffff 00af9a00 DPL=0 CS64 [-R-]
SS =0030 0000000000000000 ffffffff 00cf9300 DPL=0 DS   [-WA]
DS =0030 0000000000000000 ffffffff 00cf9300 DPL=0 DS   [-WA]
FS =0030 0000000000000000 ffffffff 00cf9300 DPL=0 DS   [-WA]
GS =0030 0000000000000000 ffffffff 00cf9300 DPL=0 DS   [-WA]
LDT=0000 0000000000000000 0000ffff 00008200 DPL=0 LDT
TR =0000 0000000000000000 0000ffff 00008b00 DPL=0 TSS64-busy
GDT=     000000007f5dc000 00000047
IDT=     000000007f268018 00000fff
CR0=80010033 CR2=0000000000000000 CR3=000000007f801000 CR4=00000668
DR0=0000000000000000 DR1=0000000000000000 DR2=0000000000000000 DR3=0000000000000000 
DR6=00000000ffff0ff0 DR7=0000000000000400
CCS=0000000000000004 CCD=000000007ff023f0 CCO=EFLAGS
EFER=0000000000000d00
Servicing hardware INT=0x20
   391: v=20 e=0000 i=0 cpl=0 IP=0038:000000007ee3ba01 pc=000000007ee3ba01 SP=0030:000000007ff023f8 env->regs[R_EAX]=0000000000000000
RAX=0000000000000000 RBX=0000000000000004 RCX=000000007ee5ca18 RDX=0000000000000000
RSI=00000000ffffffff RDI=000000007ff1ce70 RBP=000000007ff02470 RSP=000000007ff023f8
R8 =000000007ff1ce60 R9 =000000007ff02331 R10=0000000000000080 R11=000000007e621908
R12=000000007ee5ca60 R13=0000000000000100 R14=000000007ff24960 R15=000000007ff24a60
RIP=000000007ee3ba01 RFL=00000206 [-----P-] CPL=0 II=0 A20=1 SMM=0 HLT=0
ES =0030 0000000000000000 ffffffff 00cf9300 DPL=0 DS   [-WA]
CS =0038 0000000000000000 ffffffff 00af9a00 DPL=0 CS64 [-R-]
SS =0030 0000000000000000 ffffffff 00cf9300 DPL=0 DS   [-WA]
DS =0030 0000000000000000 ffffffff 00cf9300 DPL=0 DS   [-WA]
FS =0030 0000000000000000 ffffffff 00cf9300 DPL=0 DS   [-WA]
GS =0030 0000000000000000 ffffffff 00cf9300 DPL=0 DS   [-WA]
LDT=0000 0000000000000000 0000ffff 00008200 DPL=0 LDT
TR =0000 0000000000000000 0000ffff 00008b00 DPL=0 TSS64-busy
GDT=     000000007f5dc000 00000047
IDT=     000000007f268018 00000fff
CR0=80010033 CR2=0000000000000000 CR3=000000007f801000 CR4=00000668
DR0=0000000000000000 DR1=0000000000000000 DR2=0000000000000000 DR3=0000000000000000 
DR6=00000000ffff0ff0 DR7=0000000000000400
CCS=0000000000000004 CCD=000000007ff023f0 CCO=EFLAGS
EFER=0000000000000d00
Servicing hardware INT=0x20
   392: v=20 e=0000 i=0 cpl=0 IP=0038:000000007ee3ba01 pc=000000007ee3ba01 SP=0030:000000007ff023f8 env->regs[R_EAX]=0000000000000000
RAX=0000000000000000 RBX=0000000000000004 RCX=000000007ee5ca18 RDX=0000000000000000
RSI=00000000ffffffff RDI=000000007ff1ce70 RBP=000000007ff02470 RSP=000000007ff023f8
R8 =000000007ff1ce60 R9 =000000007ff02331 R10=0000000000000080 R11=000000007e621908
R12=000000007ee5ca60 R13=0000000000000100 R14=000000007ff24960 R15=000000007ff24a60
RIP=000000007ee3ba01 RFL=00000206 [-----P-] CPL=0 II=0 A20=1 SMM=0 HLT=0
ES =0030 0000000000000000 ffffffff 00cf9300 DPL=0 DS   [-WA]
CS =0038 0000000000000000 ffffffff 00af9a00 DPL=0 CS64 [-R-]
SS =0030 0000000000000000 ffffffff 00cf9300 DPL=0 DS   [-WA]
DS =0030 0000000000000000 ffffffff 00cf9300 DPL=0 DS   [-WA]
FS =0030 0000000000000000 ffffffff 00cf9300 DPL=0 DS   [-WA]
GS =0030 0000000000000000 ffffffff 00cf9300 DPL=0 DS   [-WA]
LDT=0000 0000000000000000 0000ffff 00008200 DPL=0 LDT
TR =0000 0000000000000000 0000ffff 00008b00 DPL=0 TSS64-busy
GDT=     000000007f5dc000 00000047
IDT=     000000007f268018 00000fff
CR0=80010033 CR2=0000000000000000 CR3=000000007f801000 CR4=00000668
DR0=0000000000000000 DR1=0000000000000000 DR2=0000000000000000 DR3=0000000000000000 
DR6=00000000ffff0ff0 DR7=0000000000000400
CCS=0000000000000004 CCD=000000007ff023f0 CCO=EFLAGS
EFER=0000000000000d00
Servicing hardware INT=0x20
   393: v=20 e=0000 i=0 cpl=0 IP=0038:000000007ee3ba01 pc=000000007ee3ba01 SP=0030:000000007ff023f8 env->regs[R_EAX]=0000000000000000
RAX=0000000000000000 RBX=0000000000000004 RCX=000000007ee5ca18 RDX=0000000000000000
RSI=00000000ffffffff RDI=000000007ff1ce70 RBP=000000007ff02470 RSP=000000007ff023f8
R8 =000000007ff1ce60 R9 =000000007ff02331 R10=0000000000000080 R11=000000007e621908
R12=000000007ee5ca60 R13=0000000000000100 R14=000000007ff24960 R15=000000007ff24a60
RIP=000000007ee3ba01 RFL=00000206 [-----P-] CPL=0 II=0 A20=1 SMM=0 HLT=0
ES =0030 0000000000000000 ffffffff 00cf9300 DPL=0 DS   [-WA]
CS =0038 0000000000000000 ffffffff 00af9a00 DPL=0 CS64 [-R-]
SS =0030 0000000000000000 ffffffff 00cf9300 DPL=0 DS   [-WA]
DS =0030 0000000000000000 ffffffff 00cf9300 DPL=0 DS   [-WA]
FS =0030 0000000000000000 ffffffff 00cf9300 DPL=0 DS   [-WA]
GS =0030 0000000000000000 ffffffff 00cf9300 DPL=0 DS   [-WA]
LDT=0000 0000000000000000 0000ffff 00008200 DPL=0 LDT
TR =0000 0000000000000000 0000ffff 00008b00 DPL=0 TSS64-busy
GDT=     000000007f5dc000 00000047
IDT=     000000007f268018 00000fff
CR0=80010033 CR2=0000000000000000 CR3=000000007f801000 CR4=00000668
DR0=0000000000000000 DR1=0000000000000000 DR2=0000000000000000 DR3=0000000000000000 
DR6=00000000ffff0ff0 DR7=0000000000000400
CCS=0000000000000004 CCD=000000007ff023f0 CCO=EFLAGS
EFER=0000000000000d00
Servicing hardware INT=0x20
   394: v=20 e=0000 i=0 cpl=0 IP=0038:000000007ee3ba01 pc=000000007ee3ba01 SP=0030:000000007ff023f8 env->regs[R_EAX]=0000000000000000
RAX=0000000000000000 RBX=0000000000000004 RCX=000000007ee5ca18 RDX=0000000000000000
RSI=00000000ffffffff RDI=000000007ff1ce70 RBP=000000007ff02470 RSP=000000007ff023f8
R8 =000000007ff1ce60 R9 =000000007ff02331 R10=0000000000000080 R11=000000007e621908
R12=000000007ee5ca60 R13=0000000000000100 R14=000000007ff24960 R15=000000007ff24a60
RIP=000000007ee3ba01 RFL=00000206 [-----P-] CPL=0 II=0 A20=1 SMM=0 HLT=0
ES =0030 0000000000000000 ffffffff 00cf9300 DPL=0 DS   [-WA]
CS =0038 0000000000000000 ffffffff 00af9a00 DPL=0 CS64 [-R-]
SS =0030 0000000000000000 ffffffff 00cf9300 DPL=0 DS   [-WA]
DS =0030 0000000000000000 ffffffff 00cf9300 DPL=0 DS   [-WA]
FS =0030 0000000000000000 ffffffff 00cf9300 DPL=0 DS   [-WA]
GS =0030 0000000000000000 ffffffff 00cf9300 DPL=0 DS   [-WA]
LDT=0000 0000000000000000 0000ffff 00008200 DPL=0 LDT
TR =0000 0000000000000000 0000ffff 00008b00 DPL=0 TSS64-busy
GDT=     000000007f5dc000 00000047
IDT=     000000007f268018 00000fff
CR0=80010033 CR2=0000000000000000 CR3=000000007f801000 CR4=00000668
DR0=0000000000000000 DR1=0000000000000000 DR2=0000000000000000 DR3=0000000000000000 
DR6=00000000ffff0ff0 DR7=0000000000000400
CCS=0000000000000004 CCD=000000007ff023f0 CCO=EFLAGS
EFER=0000000000000d00
Servicing hardware INT=0x20
   395: v=20 e=0000 i=0 cpl=0 IP=0038:000000007ee3ba01 pc=000000007ee3ba01 SP=0030:000000007ff023f8 env->regs[R_EAX]=0000000000000000
RAX=0000000000000000 RBX=0000000000000004 RCX=000000007ee5ca18 RDX=0000000000000000
RSI=00000000ffffffff RDI=000000007ff1ce70 RBP=000000007ff02470 RSP=000000007ff023f8
R8 =000000007ff1ce60 R9 =000000007ff02331 R10=0000000000000080 R11=000000007e621908
R12=000000007ee5ca60 R13=0000000000000100 R14=000000007ff24960 R15=000000007ff24a60
RIP=000000007ee3ba01 RFL=00000206 [-----P-] CPL=0 II=0 A20=1 SMM=0 HLT=0
ES =0030 0000000000000000 ffffffff 00cf9300 DPL=0 DS   [-WA]
CS =0038 0000000000000000 ffffffff 00af9a00 DPL=0 CS64 [-R-]
SS =0030 0000000000000000 ffffffff 00cf9300 DPL=0 DS   [-WA]
DS =0030 0000000000000000 ffffffff 00cf9300 DPL=0 DS   [-WA]
FS =0030 0000000000000000 ffffffff 00cf9300 DPL=0 DS   [-WA]
GS =0030 0000000000000000 ffffffff 00cf9300 DPL=0 DS   [-WA]
LDT=0000 0000000000000000 0000ffff 00008200 DPL=0 LDT
TR =0000 0000000000000000 0000ffff 00008b00 DPL=0 TSS64-busy
GDT=     000000007f5dc000 00000047
IDT=     000000007f268018 00000fff
CR0=80010033 CR2=0000000000000000 CR3=000000007f801000 CR4=00000668
DR0=0000000000000000 DR1=0000000000000000 DR2=0000000000000000 DR3=0000000000000000 
DR6=00000000ffff0ff0 DR7=0000000000000400
CCS=0000000000000004 CCD=000000007ff023f0 CCO=EFLAGS
EFER=0000000000000d00
Servicing hardware INT=0x20
   396: v=20 e=0000 i=0 cpl=0 IP=0038:000000007ee3ba01 pc=000000007ee3ba01 SP=0030:000000007ff023f8 env->regs[R_EAX]=0000000000000000
RAX=0000000000000000 RBX=0000000000000004 RCX=000000007ee5ca18 RDX=0000000000000000
RSI=00000000ffffffff RDI=000000007ff1ce70 RBP=000000007ff02470 RSP=000000007ff023f8
R8 =000000007ff1ce60 R9 =000000007ff02331 R10=0000000000000080 R11=000000007e621908
R12=000000007ee5ca60 R13=0000000000000100 R14=000000007ff24960 R15=000000007ff24a60
RIP=000000007ee3ba01 RFL=00000206 [-----P-] CPL=0 II=0 A20=1 SMM=0 HLT=0
ES =0030 0000000000000000 ffffffff 00cf9300 DPL=0 DS   [-WA]
CS =0038 0000000000000000 ffffffff 00af9a00 DPL=0 CS64 [-R-]
SS =0030 0000000000000000 ffffffff 00cf9300 DPL=0 DS   [-WA]
DS =0030 0000000000000000 ffffffff 00cf9300 DPL=0 DS   [-WA]
FS =0030 0000000000000000 ffffffff 00cf9300 DPL=0 DS   [-WA]
GS =0030 0000000000000000 ffffffff 00cf9300 DPL=0 DS   [-WA]
LDT=0000 0000000000000000 0000ffff 00008200 DPL=0 LDT
TR =0000 0000000000000000 0000ffff 00008b00 DPL=0 TSS64-busy
GDT=     000000007f5dc000 00000047
IDT=     000000007f268018 00000fff
CR0=80010033 CR2=0000000000000000 CR3=000000007f801000 CR4=00000668
DR0=0000000000000000 DR1=0000000000000000 DR2=0000000000000000 DR3=0000000000000000 
DR6=00000000ffff0ff0 DR7=0000000000000400
CCS=0000000000000004 CCD=000000007ff023f0 CCO=EFLAGS
EFER=0000000000000d00
Servicing hardware INT=0x20
   397: v=20 e=0000 i=0 cpl=0 IP=0038:000000007ee3ba01 pc=000000007ee3ba01 SP=0030:000000007ff023f8 env->regs[R_EAX]=0000000000000000
RAX=0000000000000000 RBX=0000000000000004 RCX=000000007ee5ca18 RDX=0000000000000000
RSI=00000000ffffffff RDI=000000007ff1ce70 RBP=000000007ff02470 RSP=000000007ff023f8
R8 =000000007ff1ce60 R9 =000000007ff02331 R10=0000000000000080 R11=000000007e621908
R12=000000007ee5ca60 R13=0000000000000100 R14=000000007ff24960 R15=000000007ff24a60
RIP=000000007ee3ba01 RFL=00000206 [-----P-] CPL=0 II=0 A20=1 SMM=0 HLT=0
ES =0030 0000000000000000 ffffffff 00cf9300 DPL=0 DS   [-WA]
CS =0038 0000000000000000 ffffffff 00af9a00 DPL=0 CS64 [-R-]
SS =0030 0000000000000000 ffffffff 00cf9300 DPL=0 DS   [-WA]
DS =0030 0000000000000000 ffffffff 00cf9300 DPL=0 DS   [-WA]
FS =0030 0000000000000000 ffffffff 00cf9300 DPL=0 DS   [-WA]
GS =0030 0000000000000000 ffffffff 00cf9300 DPL=0 DS   [-WA]
LDT=0000 0000000000000000 0000ffff 00008200 DPL=0 LDT
TR =0000 0000000000000000 0000ffff 00008b00 DPL=0 TSS64-busy
GDT=     000000007f5dc000 00000047
IDT=     000000007f268018 00000fff
CR0=80010033 CR2=0000000000000000 CR3=000000007f801000 CR4=00000668
DR0=0000000000000000 DR1=0000000000000000 DR2=0000000000000000 DR3=0000000000000000 
DR6=00000000ffff0ff0 DR7=0000000000000400
CCS=0000000000000004 CCD=000000007ff023f0 CCO=EFLAGS
EFER=0000000000000d00
Servicing hardware INT=0x20
   398: v=20 e=0000 i=0 cpl=0 IP=0038:000000007ee3ba01 pc=000000007ee3ba01 SP=0030:000000007ff023f8 env->regs[R_EAX]=0000000000000000
RAX=0000000000000000 RBX=0000000000000004 RCX=000000007ee5ca18 RDX=0000000000000000
RSI=00000000ffffffff RDI=000000007ff1ce70 RBP=000000007ff02470 RSP=000000007ff023f8
R8 =000000007ff1ce60 R9 =000000007ff02331 R10=0000000000000080 R11=000000007e621908
R12=000000007ee5ca60 R13=0000000000000100 R14=000000007ff24960 R15=000000007ff24a60
RIP=000000007ee3ba01 RFL=00000206 [-----P-] CPL=0 II=0 A20=1 SMM=0 HLT=0
ES =0030 0000000000000000 ffffffff 00cf9300 DPL=0 DS   [-WA]
CS =0038 0000000000000000 ffffffff 00af9a00 DPL=0 CS64 [-R-]
SS =0030 0000000000000000 ffffffff 00cf9300 DPL=0 DS   [-WA]
DS =0030 0000000000000000 ffffffff 00cf9300 DPL=0 DS   [-WA]
FS =0030 0000000000000000 ffffffff 00cf9300 DPL=0 DS   [-WA]
GS =0030 0000000000000000 ffffffff 00cf9300 DPL=0 DS   [-WA]
LDT=0000 0000000000000000 0000ffff 00008200 DPL=0 LDT
TR =0000 0000000000000000 0000ffff 00008b00 DPL=0 TSS64-busy
GDT=     000000007f5dc000 00000047
IDT=     000000007f268018 00000fff
CR0=80010033 CR2=0000000000000000 CR3=000000007f801000 CR4=00000668
DR0=0000000000000000 DR1=0000000000000000 DR2=0000000000000000 DR3=0000000000000000 
DR6=00000000ffff0ff0 DR7=0000000000000400
CCS=0000000000000004 CCD=000000007ff023f0 CCO=EFLAGS
EFER=0000000000000d00
Servicing hardware INT=0x20
   399: v=20 e=0000 i=0 cpl=0 IP=0038:000000007ee3ba01 pc=000000007ee3ba01 SP=0030:000000007ff023f8 env->regs[R_EAX]=0000000000000000
RAX=0000000000000000 RBX=0000000000000004 RCX=000000007ee5ca18 RDX=0000000000000000
RSI=00000000ffffffff RDI=000000007ff1ce70 RBP=000000007ff02470 RSP=000000007ff023f8
R8 =000000007ff1ce60 R9 =000000007ff02331 R10=0000000000000080 R11=000000007e621908
R12=000000007ee5ca60 R13=0000000000000100 R14=000000007ff24960 R15=000000007ff24a60
RIP=000000007ee3ba01 RFL=00000206 [-----P-] CPL=0 II=0 A20=1 SMM=0 HLT=0
ES =0030 0000000000000000 ffffffff 00cf9300 DPL=0 DS   [-WA]
CS =0038 0000000000000000 ffffffff 00af9a00 DPL=0 CS64 [-R-]
SS =0030 0000000000000000 ffffffff 00cf9300 DPL=0 DS   [-WA]
DS =0030 0000000000000000 ffffffff 00cf9300 DPL=0 DS   [-WA]
FS =0030 0000000000000000 ffffffff 00cf9300 DPL=0 DS   [-WA]
GS =0030 0000000000000000 ffffffff 00cf9300 DPL=0 DS   [-WA]
LDT=0000 0000000000000000 0000ffff 00008200 DPL=0 LDT
TR =0000 0000000000000000 0000ffff 00008b00 DPL=0 TSS64-busy
GDT=     000000007f5dc000 00000047
IDT=     000000007f268018 00000fff
CR0=80010033 CR2=0000000000000000 CR3=000000007f801000 CR4=00000668
DR0=0000000000000000 DR1=0000000000000000 DR2=0000000000000000 DR3=0000000000000000 
DR6=00000000ffff0ff0 DR7=0000000000000400
CCS=0000000000000004 CCD=000000007ff023f0 CCO=EFLAGS
EFER=0000000000000d00
Servicing hardware INT=0x20
   400: v=20 e=0000 i=0 cpl=0 IP=0038:000000007ee3ba01 pc=000000007ee3ba01 SP=0030:000000007ff023f8 env->regs[R_EAX]=0000000000000000
RAX=0000000000000000 RBX=0000000000000004 RCX=000000007ee5ca18 RDX=0000000000000000
RSI=00000000ffffffff RDI=000000007ff1ce70 RBP=000000007ff02470 RSP=000000007ff023f8
R8 =000000007ff1ce60 R9 =000000007ff02331 R10=0000000000000080 R11=000000007e621908
R12=000000007ee5ca60 R13=0000000000000100 R14=000000007ff24960 R15=000000007ff24a60
RIP=000000007ee3ba01 RFL=00000206 [-----P-] CPL=0 II=0 A20=1 SMM=0 HLT=0
ES =0030 0000000000000000 ffffffff 00cf9300 DPL=0 DS   [-WA]
CS =0038 0000000000000000 ffffffff 00af9a00 DPL=0 CS64 [-R-]
SS =0030 0000000000000000 ffffffff 00cf9300 DPL=0 DS   [-WA]
DS =0030 0000000000000000 ffffffff 00cf9300 DPL=0 DS   [-WA]
FS =0030 0000000000000000 ffffffff 00cf9300 DPL=0 DS   [-WA]
GS =0030 0000000000000000 ffffffff 00cf9300 DPL=0 DS   [-WA]
LDT=0000 0000000000000000 0000ffff 00008200 DPL=0 LDT
TR =0000 0000000000000000 0000ffff 00008b00 DPL=0 TSS64-busy
GDT=     000000007f5dc000 00000047
IDT=     000000007f268018 00000fff
CR0=80010033 CR2=0000000000000000 CR3=000000007f801000 CR4=00000668
DR0=0000000000000000 DR1=0000000000000000 DR2=0000000000000000 DR3=0000000000000000 
DR6=00000000ffff0ff0 DR7=0000000000000400
CCS=0000000000000004 CCD=000000007ff023f0 CCO=EFLAGS
EFER=0000000000000d00
Servicing hardware INT=0x20
   401: v=20 e=0000 i=0 cpl=0 IP=0038:000000007ee3ba01 pc=000000007ee3ba01 SP=0030:000000007ff023f8 env->regs[R_EAX]=0000000000000000
RAX=0000000000000000 RBX=0000000000000004 RCX=000000007ee5ca18 RDX=0000000000000000
RSI=00000000ffffffff RDI=000000007ff1ce70 RBP=000000007ff02470 RSP=000000007ff023f8
R8 =000000007ff1ce60 R9 =000000007ff02331 R10=0000000000000080 R11=000000007e621908
R12=000000007ee5ca60 R13=0000000000000100 R14=000000007ff24960 R15=000000007ff24a60
RIP=000000007ee3ba01 RFL=00000206 [-----P-] CPL=0 II=0 A20=1 SMM=0 HLT=0
ES =0030 0000000000000000 ffffffff 00cf9300 DPL=0 DS   [-WA]
CS =0038 0000000000000000 ffffffff 00af9a00 DPL=0 CS64 [-R-]
SS =0030 0000000000000000 ffffffff 00cf9300 DPL=0 DS   [-WA]
DS =0030 0000000000000000 ffffffff 00cf9300 DPL=0 DS   [-WA]
FS =0030 0000000000000000 ffffffff 00cf9300 DPL=0 DS   [-WA]
GS =0030 0000000000000000 ffffffff 00cf9300 DPL=0 DS   [-WA]
LDT=0000 0000000000000000 0000ffff 00008200 DPL=0 LDT
TR =0000 0000000000000000 0000ffff 00008b00 DPL=0 TSS64-busy
GDT=     000000007f5dc000 00000047
IDT=     000000007f268018 00000fff
CR0=80010033 CR2=0000000000000000 CR3=000000007f801000 CR4=00000668
DR0=0000000000000000 DR1=0000000000000000 DR2=0000000000000000 DR3=0000000000000000 
DR6=00000000ffff0ff0 DR7=0000000000000400
CCS=0000000000000004 CCD=000000007ff023f0 CCO=EFLAGS
EFER=0000000000000d00
Servicing hardware INT=0x20
   402: v=20 e=0000 i=0 cpl=0 IP=0038:000000007ee3ba01 pc=000000007ee3ba01 SP=0030:000000007ff023f8 env->regs[R_EAX]=0000000000000000
RAX=0000000000000000 RBX=0000000000000004 RCX=000000007ee5ca18 RDX=0000000000000000
RSI=00000000ffffffff RDI=000000007ff1ce70 RBP=000000007ff02470 RSP=000000007ff023f8
R8 =000000007ff1ce60 R9 =000000007ff02331 R10=0000000000000080 R11=000000007e621908
R12=000000007ee5ca60 R13=0000000000000100 R14=000000007ff24960 R15=000000007ff24a60
RIP=000000007ee3ba01 RFL=00000206 [-----P-] CPL=0 II=0 A20=1 SMM=0 HLT=0
ES =0030 0000000000000000 ffffffff 00cf9300 DPL=0 DS   [-WA]
CS =0038 0000000000000000 ffffffff 00af9a00 DPL=0 CS64 [-R-]
SS =0030 0000000000000000 ffffffff 00cf9300 DPL=0 DS   [-WA]
DS =0030 0000000000000000 ffffffff 00cf9300 DPL=0 DS   [-WA]
FS =0030 0000000000000000 ffffffff 00cf9300 DPL=0 DS   [-WA]
GS =0030 0000000000000000 ffffffff 00cf9300 DPL=0 DS   [-WA]
LDT=0000 0000000000000000 0000ffff 00008200 DPL=0 LDT
TR =0000 0000000000000000 0000ffff 00008b00 DPL=0 TSS64-busy
GDT=     000000007f5dc000 00000047
IDT=     000000007f268018 00000fff
CR0=80010033 CR2=0000000000000000 CR3=000000007f801000 CR4=00000668
DR0=0000000000000000 DR1=0000000000000000 DR2=0000000000000000 DR3=0000000000000000 
DR6=00000000ffff0ff0 DR7=0000000000000400
CCS=0000000000000004 CCD=000000007ff023f0 CCO=EFLAGS
EFER=0000000000000d00
Servicing hardware INT=0x20
   403: v=20 e=0000 i=0 cpl=0 IP=0038:000000007ee3ba01 pc=000000007ee3ba01 SP=0030:000000007ff023f8 env->regs[R_EAX]=0000000000000000
RAX=0000000000000000 RBX=0000000000000004 RCX=000000007ee5ca18 RDX=0000000000000000
RSI=00000000ffffffff RDI=000000007ff1ce70 RBP=000000007ff02470 RSP=000000007ff023f8
R8 =000000007ff1ce60 R9 =000000007ff02331 R10=0000000000000080 R11=000000007e621908
R12=000000007ee5ca60 R13=0000000000000100 R14=000000007ff24960 R15=000000007ff24a60
RIP=000000007ee3ba01 RFL=00000206 [-----P-] CPL=0 II=0 A20=1 SMM=0 HLT=0
ES =0030 0000000000000000 ffffffff 00cf9300 DPL=0 DS   [-WA]
CS =0038 0000000000000000 ffffffff 00af9a00 DPL=0 CS64 [-R-]
SS =0030 0000000000000000 ffffffff 00cf9300 DPL=0 DS   [-WA]
DS =0030 0000000000000000 ffffffff 00cf9300 DPL=0 DS   [-WA]
FS =0030 0000000000000000 ffffffff 00cf9300 DPL=0 DS   [-WA]
GS =0030 0000000000000000 ffffffff 00cf9300 DPL=0 DS   [-WA]
LDT=0000 0000000000000000 0000ffff 00008200 DPL=0 LDT
TR =0000 0000000000000000 0000ffff 00008b00 DPL=0 TSS64-busy
GDT=     000000007f5dc000 00000047
IDT=     000000007f268018 00000fff
CR0=80010033 CR2=0000000000000000 CR3=000000007f801000 CR4=00000668
DR0=0000000000000000 DR1=0000000000000000 DR2=0000000000000000 DR3=0000000000000000 
DR6=00000000ffff0ff0 DR7=0000000000000400
CCS=0000000000000004 CCD=000000007ff023f0 CCO=EFLAGS
EFER=0000000000000d00
Servicing hardware INT=0x20
   404: v=20 e=0000 i=0 cpl=0 IP=0038:000000007ee3ba01 pc=000000007ee3ba01 SP=0030:000000007ff023f8 env->regs[R_EAX]=0000000000000000
RAX=0000000000000000 RBX=0000000000000004 RCX=000000007ee5ca18 RDX=0000000000000000
RSI=00000000ffffffff RDI=000000007ff1ce70 RBP=000000007ff02470 RSP=000000007ff023f8
R8 =000000007ff1ce60 R9 =000000007ff02331 R10=0000000000000080 R11=000000007e621908
R12=000000007ee5ca60 R13=0000000000000100 R14=000000007ff24960 R15=000000007ff24a60
RIP=000000007ee3ba01 RFL=00000206 [-----P-] CPL=0 II=0 A20=1 SMM=0 HLT=0
ES =0030 0000000000000000 ffffffff 00cf9300 DPL=0 DS   [-WA]
CS =0038 0000000000000000 ffffffff 00af9a00 DPL=0 CS64 [-R-]
SS =0030 0000000000000000 ffffffff 00cf9300 DPL=0 DS   [-WA]
DS =0030 0000000000000000 ffffffff 00cf9300 DPL=0 DS   [-WA]
FS =0030 0000000000000000 ffffffff 00cf9300 DPL=0 DS   [-WA]
GS =0030 0000000000000000 ffffffff 00cf9300 DPL=0 DS   [-WA]
LDT=0000 0000000000000000 0000ffff 00008200 DPL=0 LDT
TR =0000 0000000000000000 0000ffff 00008b00 DPL=0 TSS64-busy
GDT=     000000007f5dc000 00000047
IDT=     000000007f268018 00000fff
CR0=80010033 CR2=0000000000000000 CR3=000000007f801000 CR4=00000668
DR0=0000000000000000 DR1=0000000000000000 DR2=0000000000000000 DR3=0000000000000000 
DR6=00000000ffff0ff0 DR7=0000000000000400
CCS=0000000000000004 CCD=000000007ff023f0 CCO=EFLAGS
EFER=0000000000000d00
Servicing hardware INT=0x20
   405: v=20 e=0000 i=0 cpl=0 IP=0038:000000007ee3ba01 pc=000000007ee3ba01 SP=0030:000000007ff023f8 env->regs[R_EAX]=0000000000000000
RAX=0000000000000000 RBX=0000000000000004 RCX=000000007ee5ca18 RDX=0000000000000000
RSI=00000000ffffffff RDI=000000007ff1ce70 RBP=000000007ff02470 RSP=000000007ff023f8
R8 =000000007ff1ce60 R9 =000000007ff02331 R10=0000000000000080 R11=000000007e621908
R12=000000007ee5ca60 R13=0000000000000100 R14=000000007ff24960 R15=000000007ff24a60
RIP=000000007ee3ba01 RFL=00000206 [-----P-] CPL=0 II=0 A20=1 SMM=0 HLT=0
ES =0030 0000000000000000 ffffffff 00cf9300 DPL=0 DS   [-WA]
CS =0038 0000000000000000 ffffffff 00af9a00 DPL=0 CS64 [-R-]
SS =0030 0000000000000000 ffffffff 00cf9300 DPL=0 DS   [-WA]
DS =0030 0000000000000000 ffffffff 00cf9300 DPL=0 DS   [-WA]
FS =0030 0000000000000000 ffffffff 00cf9300 DPL=0 DS   [-WA]
GS =0030 0000000000000000 ffffffff 00cf9300 DPL=0 DS   [-WA]
LDT=0000 0000000000000000 0000ffff 00008200 DPL=0 LDT
TR =0000 0000000000000000 0000ffff 00008b00 DPL=0 TSS64-busy
GDT=     000000007f5dc000 00000047
IDT=     000000007f268018 00000fff
CR0=80010033 CR2=0000000000000000 CR3=000000007f801000 CR4=00000668
DR0=0000000000000000 DR1=0000000000000000 DR2=0000000000000000 DR3=0000000000000000 
DR6=00000000ffff0ff0 DR7=0000000000000400
CCS=0000000000000004 CCD=000000007ff023f0 CCO=EFLAGS
EFER=0000000000000d00
Servicing hardware INT=0x20
   406: v=20 e=0000 i=0 cpl=0 IP=0038:000000007ee3ba01 pc=000000007ee3ba01 SP=0030:000000007ff023f8 env->regs[R_EAX]=0000000000000000
RAX=0000000000000000 RBX=0000000000000004 RCX=000000007ee5ca18 RDX=0000000000000000
RSI=00000000ffffffff RDI=000000007ff1ce70 RBP=000000007ff02470 RSP=000000007ff023f8
R8 =000000007ff1ce60 R9 =000000007ff02331 R10=0000000000000080 R11=000000007e621908
R12=000000007ee5ca60 R13=0000000000000100 R14=000000007ff24960 R15=000000007ff24a60
RIP=000000007ee3ba01 RFL=00000206 [-----P-] CPL=0 II=0 A20=1 SMM=0 HLT=0
ES =0030 0000000000000000 ffffffff 00cf9300 DPL=0 DS   [-WA]
CS =0038 0000000000000000 ffffffff 00af9a00 DPL=0 CS64 [-R-]
SS =0030 0000000000000000 ffffffff 00cf9300 DPL=0 DS   [-WA]
DS =0030 0000000000000000 ffffffff 00cf9300 DPL=0 DS   [-WA]
FS =0030 0000000000000000 ffffffff 00cf9300 DPL=0 DS   [-WA]
GS =0030 0000000000000000 ffffffff 00cf9300 DPL=0 DS   [-WA]
LDT=0000 0000000000000000 0000ffff 00008200 DPL=0 LDT
TR =0000 0000000000000000 0000ffff 00008b00 DPL=0 TSS64-busy
GDT=     000000007f5dc000 00000047
IDT=     000000007f268018 00000fff
CR0=80010033 CR2=0000000000000000 CR3=000000007f801000 CR4=00000668
DR0=0000000000000000 DR1=0000000000000000 DR2=0000000000000000 DR3=0000000000000000 
DR6=00000000ffff0ff0 DR7=0000000000000400
CCS=0000000000000004 CCD=000000007ff023f0 CCO=EFLAGS
EFER=0000000000000d00
Servicing hardware INT=0x20
   407: v=20 e=0000 i=0 cpl=0 IP=0038:000000007ee3ba01 pc=000000007ee3ba01 SP=0030:000000007ff023f8 env->regs[R_EAX]=0000000000000000
RAX=0000000000000000 RBX=0000000000000004 RCX=000000007ee5ca18 RDX=0000000000000000
RSI=00000000ffffffff RDI=000000007ff1ce70 RBP=000000007ff02470 RSP=000000007ff023f8
R8 =000000007ff1ce60 R9 =000000007ff02331 R10=0000000000000080 R11=000000007e621908
R12=000000007ee5ca60 R13=0000000000000100 R14=000000007ff24960 R15=000000007ff24a60
RIP=000000007ee3ba01 RFL=00000206 [-----P-] CPL=0 II=0 A20=1 SMM=0 HLT=0
ES =0030 0000000000000000 ffffffff 00cf9300 DPL=0 DS   [-WA]
CS =0038 0000000000000000 ffffffff 00af9a00 DPL=0 CS64 [-R-]
SS =0030 0000000000000000 ffffffff 00cf9300 DPL=0 DS   [-WA]
DS =0030 0000000000000000 ffffffff 00cf9300 DPL=0 DS   [-WA]
FS =0030 0000000000000000 ffffffff 00cf9300 DPL=0 DS   [-WA]
GS =0030 0000000000000000 ffffffff 00cf9300 DPL=0 DS   [-WA]
LDT=0000 0000000000000000 0000ffff 00008200 DPL=0 LDT
TR =0000 0000000000000000 0000ffff 00008b00 DPL=0 TSS64-busy
GDT=     000000007f5dc000 00000047
IDT=     000000007f268018 00000fff
CR0=80010033 CR2=0000000000000000 CR3=000000007f801000 CR4=00000668
DR0=0000000000000000 DR1=0000000000000000 DR2=0000000000000000 DR3=0000000000000000 
DR6=00000000ffff0ff0 DR7=0000000000000400
CCS=0000000000000004 CCD=000000007ff023f0 CCO=EFLAGS
EFER=0000000000000d00
Servicing hardware INT=0x20
   408: v=20 e=0000 i=0 cpl=0 IP=0038:000000007ee3ba01 pc=000000007ee3ba01 SP=0030:000000007ff023f8 env->regs[R_EAX]=0000000000000000
RAX=0000000000000000 RBX=0000000000000004 RCX=000000007ee5ca18 RDX=0000000000000000
RSI=00000000ffffffff RDI=000000007ff1ce70 RBP=000000007ff02470 RSP=000000007ff023f8
R8 =000000007ff1ce60 R9 =000000007ff02331 R10=0000000000000080 R11=000000007e621908
R12=000000007ee5ca60 R13=0000000000000100 R14=000000007ff24960 R15=000000007ff24a60
RIP=000000007ee3ba01 RFL=00000206 [-----P-] CPL=0 II=0 A20=1 SMM=0 HLT=0
ES =0030 0000000000000000 ffffffff 00cf9300 DPL=0 DS   [-WA]
CS =0038 0000000000000000 ffffffff 00af9a00 DPL=0 CS64 [-R-]
SS =0030 0000000000000000 ffffffff 00cf9300 DPL=0 DS   [-WA]
DS =0030 0000000000000000 ffffffff 00cf9300 DPL=0 DS   [-WA]
FS =0030 0000000000000000 ffffffff 00cf9300 DPL=0 DS   [-WA]
GS =0030 0000000000000000 ffffffff 00cf9300 DPL=0 DS   [-WA]
LDT=0000 0000000000000000 0000ffff 00008200 DPL=0 LDT
TR =0000 0000000000000000 0000ffff 00008b00 DPL=0 TSS64-busy
GDT=     000000007f5dc000 00000047
IDT=     000000007f268018 00000fff
CR0=80010033 CR2=0000000000000000 CR3=000000007f801000 CR4=00000668
DR0=0000000000000000 DR1=0000000000000000 DR2=0000000000000000 DR3=0000000000000000 
DR6=00000000ffff0ff0 DR7=0000000000000400
CCS=0000000000000004 CCD=000000007ff023f0 CCO=EFLAGS
EFER=0000000000000d00
Servicing hardware INT=0x20
   409: v=20 e=0000 i=0 cpl=0 IP=0038:000000007ee3ba01 pc=000000007ee3ba01 SP=0030:000000007ff023f8 env->regs[R_EAX]=0000000000000000
RAX=0000000000000000 RBX=0000000000000004 RCX=000000007ee5ca18 RDX=0000000000000000
RSI=00000000ffffffff RDI=000000007ff1ce70 RBP=000000007ff02470 RSP=000000007ff023f8
R8 =000000007ff1ce60 R9 =000000007ff02331 R10=0000000000000080 R11=000000007e621908
R12=000000007ee5ca60 R13=0000000000000100 R14=000000007ff24960 R15=000000007ff24a60
RIP=000000007ee3ba01 RFL=00000206 [-----P-] CPL=0 II=0 A20=1 SMM=0 HLT=0
ES =0030 0000000000000000 ffffffff 00cf9300 DPL=0 DS   [-WA]
CS =0038 0000000000000000 ffffffff 00af9a00 DPL=0 CS64 [-R-]
SS =0030 0000000000000000 ffffffff 00cf9300 DPL=0 DS   [-WA]
DS =0030 0000000000000000 ffffffff 00cf9300 DPL=0 DS   [-WA]
FS =0030 0000000000000000 ffffffff 00cf9300 DPL=0 DS   [-WA]
GS =0030 0000000000000000 ffffffff 00cf9300 DPL=0 DS   [-WA]
LDT=0000 0000000000000000 0000ffff 00008200 DPL=0 LDT
TR =0000 0000000000000000 0000ffff 00008b00 DPL=0 TSS64-busy
GDT=     000000007f5dc000 00000047
IDT=     000000007f268018 00000fff
CR0=80010033 CR2=0000000000000000 CR3=000000007f801000 CR4=00000668
DR0=0000000000000000 DR1=0000000000000000 DR2=0000000000000000 DR3=0000000000000000 
DR6=00000000ffff0ff0 DR7=0000000000000400
CCS=0000000000000004 CCD=000000007ff023f0 CCO=EFLAGS
EFER=0000000000000d00
Servicing hardware INT=0x20
   410: v=20 e=0000 i=0 cpl=0 IP=0038:000000007ee3ba01 pc=000000007ee3ba01 SP=0030:000000007ff023f8 env->regs[R_EAX]=0000000000000000
RAX=0000000000000000 RBX=0000000000000004 RCX=000000007ee5ca18 RDX=0000000000000000
RSI=00000000ffffffff RDI=000000007ff1ce70 RBP=000000007ff02470 RSP=000000007ff023f8
R8 =000000007ff1ce60 R9 =000000007ff02331 R10=0000000000000080 R11=000000007e621908
R12=000000007ee5ca60 R13=0000000000000100 R14=000000007ff24960 R15=000000007ff24a60
RIP=000000007ee3ba01 RFL=00000206 [-----P-] CPL=0 II=0 A20=1 SMM=0 HLT=0
ES =0030 0000000000000000 ffffffff 00cf9300 DPL=0 DS   [-WA]
CS =0038 0000000000000000 ffffffff 00af9a00 DPL=0 CS64 [-R-]
SS =0030 0000000000000000 ffffffff 00cf9300 DPL=0 DS   [-WA]
DS =0030 0000000000000000 ffffffff 00cf9300 DPL=0 DS   [-WA]
FS =0030 0000000000000000 ffffffff 00cf9300 DPL=0 DS   [-WA]
GS =0030 0000000000000000 ffffffff 00cf9300 DPL=0 DS   [-WA]
LDT=0000 0000000000000000 0000ffff 00008200 DPL=0 LDT
TR =0000 0000000000000000 0000ffff 00008b00 DPL=0 TSS64-busy
GDT=     000000007f5dc000 00000047
IDT=     000000007f268018 00000fff
CR0=80010033 CR2=0000000000000000 CR3=000000007f801000 CR4=00000668
DR0=0000000000000000 DR1=0000000000000000 DR2=0000000000000000 DR3=0000000000000000 
DR6=00000000ffff0ff0 DR7=0000000000000400
CCS=0000000000000004 CCD=000000007ff023f0 CCO=EFLAGS
EFER=0000000000000d00
Servicing hardware INT=0x20
   411: v=20 e=0000 i=0 cpl=0 IP=0038:000000007ee3ba01 pc=000000007ee3ba01 SP=0030:000000007ff023f8 env->regs[R_EAX]=0000000000000000
RAX=0000000000000000 RBX=0000000000000004 RCX=000000007ee5ca18 RDX=0000000000000000
RSI=00000000ffffffff RDI=000000007ff1ce70 RBP=000000007ff02470 RSP=000000007ff023f8
R8 =000000007ff1ce60 R9 =000000007ff02331 R10=0000000000000080 R11=000000007e621908
R12=000000007ee5ca60 R13=0000000000000100 R14=000000007ff24960 R15=000000007ff24a60
RIP=000000007ee3ba01 RFL=00000206 [-----P-] CPL=0 II=0 A20=1 SMM=0 HLT=0
ES =0030 0000000000000000 ffffffff 00cf9300 DPL=0 DS   [-WA]
CS =0038 0000000000000000 ffffffff 00af9a00 DPL=0 CS64 [-R-]
SS =0030 0000000000000000 ffffffff 00cf9300 DPL=0 DS   [-WA]
DS =0030 0000000000000000 ffffffff 00cf9300 DPL=0 DS   [-WA]
FS =0030 0000000000000000 ffffffff 00cf9300 DPL=0 DS   [-WA]
GS =0030 0000000000000000 ffffffff 00cf9300 DPL=0 DS   [-WA]
LDT=0000 0000000000000000 0000ffff 00008200 DPL=0 LDT
TR =0000 0000000000000000 0000ffff 00008b00 DPL=0 TSS64-busy
GDT=     000000007f5dc000 00000047
IDT=     000000007f268018 00000fff
CR0=80010033 CR2=0000000000000000 CR3=000000007f801000 CR4=00000668
DR0=0000000000000000 DR1=0000000000000000 DR2=0000000000000000 DR3=0000000000000000 
DR6=00000000ffff0ff0 DR7=0000000000000400
CCS=0000000000000004 CCD=000000007ff023f0 CCO=EFLAGS
EFER=0000000000000d00
Servicing hardware INT=0x20
   412: v=20 e=0000 i=0 cpl=0 IP=0038:000000007ee3ba01 pc=000000007ee3ba01 SP=0030:000000007ff023f8 env->regs[R_EAX]=0000000000000000
RAX=0000000000000000 RBX=0000000000000004 RCX=000000007ee5ca18 RDX=0000000000000000
RSI=00000000ffffffff RDI=000000007ff1ce70 RBP=000000007ff02470 RSP=000000007ff023f8
R8 =000000007ff1ce60 R9 =000000007ff02331 R10=0000000000000080 R11=000000007e621908
R12=000000007ee5ca60 R13=0000000000000100 R14=000000007ff24960 R15=000000007ff24a60
RIP=000000007ee3ba01 RFL=00000206 [-----P-] CPL=0 II=0 A20=1 SMM=0 HLT=0
ES =0030 0000000000000000 ffffffff 00cf9300 DPL=0 DS   [-WA]
CS =0038 0000000000000000 ffffffff 00af9a00 DPL=0 CS64 [-R-]
SS =0030 0000000000000000 ffffffff 00cf9300 DPL=0 DS   [-WA]
DS =0030 0000000000000000 ffffffff 00cf9300 DPL=0 DS   [-WA]
FS =0030 0000000000000000 ffffffff 00cf9300 DPL=0 DS   [-WA]
GS =0030 0000000000000000 ffffffff 00cf9300 DPL=0 DS   [-WA]
LDT=0000 0000000000000000 0000ffff 00008200 DPL=0 LDT
TR =0000 0000000000000000 0000ffff 00008b00 DPL=0 TSS64-busy
GDT=     000000007f5dc000 00000047
IDT=     000000007f268018 00000fff
CR0=80010033 CR2=0000000000000000 CR3=000000007f801000 CR4=00000668
DR0=0000000000000000 DR1=0000000000000000 DR2=0000000000000000 DR3=0000000000000000 
DR6=00000000ffff0ff0 DR7=0000000000000400
CCS=0000000000000004 CCD=000000007ff023f0 CCO=EFLAGS
EFER=0000000000000d00
Servicing hardware INT=0x20
   413: v=20 e=0000 i=0 cpl=0 IP=0038:000000007ee3ba01 pc=000000007ee3ba01 SP=0030:000000007ff023f8 env->regs[R_EAX]=0000000000000000
RAX=0000000000000000 RBX=0000000000000004 RCX=000000007ee5ca18 RDX=0000000000000000
RSI=00000000ffffffff RDI=000000007ff1ce70 RBP=000000007ff02470 RSP=000000007ff023f8
R8 =000000007ff1ce60 R9 =000000007ff02331 R10=0000000000000080 R11=000000007e621908
R12=000000007ee5ca60 R13=0000000000000100 R14=000000007ff24960 R15=000000007ff24a60
RIP=000000007ee3ba01 RFL=00000206 [-----P-] CPL=0 II=0 A20=1 SMM=0 HLT=0
ES =0030 0000000000000000 ffffffff 00cf9300 DPL=0 DS   [-WA]
CS =0038 0000000000000000 ffffffff 00af9a00 DPL=0 CS64 [-R-]
SS =0030 0000000000000000 ffffffff 00cf9300 DPL=0 DS   [-WA]
DS =0030 0000000000000000 ffffffff 00cf9300 DPL=0 DS   [-WA]
FS =0030 0000000000000000 ffffffff 00cf9300 DPL=0 DS   [-WA]
GS =0030 0000000000000000 ffffffff 00cf9300 DPL=0 DS   [-WA]
LDT=0000 0000000000000000 0000ffff 00008200 DPL=0 LDT
TR =0000 0000000000000000 0000ffff 00008b00 DPL=0 TSS64-busy
GDT=     000000007f5dc000 00000047
IDT=     000000007f268018 00000fff
CR0=80010033 CR2=0000000000000000 CR3=000000007f801000 CR4=00000668
DR0=0000000000000000 DR1=0000000000000000 DR2=0000000000000000 DR3=0000000000000000 
DR6=00000000ffff0ff0 DR7=0000000000000400
CCS=0000000000000004 CCD=000000007ff023f0 CCO=EFLAGS
EFER=0000000000000d00
Servicing hardware INT=0x20
   414: v=20 e=0000 i=0 cpl=0 IP=0038:000000007eb07c1a pc=000000007eb07c1a SP=0030:000000007ff01310 env->regs[R_EAX]=00000000000000e4
RAX=00000000000000e4 RBX=0000000000000064 RCX=0000000000000608 RDX=00000000000b9083
RSI=00000000000b9167 RDI=000000007eacd428 RBP=000000007ff01340 RSP=000000007ff01310
R8 =000000007ff0130c R9 =0000000000000608 R10=0000000000000000 R11=0000000000000002
R12=0000000000000000 R13=0000000000000002 R14=0000000000000000 R15=8000000000000006
RIP=000000007eb07c1a RFL=00000206 [-----P-] CPL=0 II=0 A20=1 SMM=0 HLT=0
ES =0030 0000000000000000 ffffffff 00cf9300 DPL=0 DS   [-WA]
CS =0038 0000000000000000 ffffffff 00af9a00 DPL=0 CS64 [-R-]
SS =0030 0000000000000000 ffffffff 00cf9300 DPL=0 DS   [-WA]
DS =0030 0000000000000000 ffffffff 00cf9300 DPL=0 DS   [-WA]
FS =0030 0000000000000000 ffffffff 00cf9300 DPL=0 DS   [-WA]
GS =0030 0000000000000000 ffffffff 00cf9300 DPL=0 DS   [-WA]
LDT=0000 0000000000000000 0000ffff 00008200 DPL=0 LDT
TR =0000 0000000000000000 0000ffff 00008b00 DPL=0 TSS64-busy
GDT=     000000007f5dc000 00000047
IDT=     000000007f268018 00000fff
CR0=80010033 CR2=0000000000000000 CR3=000000007f801000 CR4=00000668
DR0=0000000000000000 DR1=0000000000000000 DR2=0000000000000000 DR3=0000000000000000 
DR6=00000000ffff0ff0 DR7=0000000000000400
CCS=0000000000000004 CCD=00000000000000e4 CCO=EFLAGS
EFER=0000000000000d00
Servicing hardware INT=0x20
   415: v=20 e=0000 i=0 cpl=0 IP=0038:000000007e64fe28 pc=000000007e64fe28 SP=0030:000000007ff02450 env->regs[R_EAX]=0000000000000040
RAX=0000000000000040 RBX=000000007e66c001 RCX=000000000000003e RDX=0000000000000003
RSI=000000007e6598f5 RDI=000000007e666000 RBP=000000007ff025d0 RSP=000000007ff02450
R8 =0000000000000004 R9 =000000000000000a R10=000000000000000a R11=000000000000006b
R12=000000007fe02000 R13=000000007e657cfa R14=000000007e666000 R15=000000007e66f000
RIP=000000007e64fe28 RFL=00000217 [----APC] CPL=0 II=0 A20=1 SMM=0 HLT=0
ES =0030 0000000000000000 ffffffff 00cf9300 DPL=0 DS   [-WA]
CS =0038 0000000000000000 ffffffff 00af9a00 DPL=0 CS64 [-R-]
SS =0030 0000000000000000 ffffffff 00cf9300 DPL=0 DS   [-WA]
DS =0030 0000000000000000 ffffffff 00cf9300 DPL=0 DS   [-WA]
FS =0030 0000000000000000 ffffffff 00cf9300 DPL=0 DS   [-WA]
GS =0030 0000000000000000 ffffffff 00cf9300 DPL=0 DS   [-WA]
LDT=0000 0000000000000000 0000ffff 00008200 DPL=0 LDT
TR =0000 0000000000000000 0000ffff 00008b00 DPL=0 TSS64-busy
GDT=     000000007f5dc000 00000047
IDT=     000000007f268018 00000fff
CR0=80010033 CR2=0000000000000000 CR3=000000007f801000 CR4=00000668
DR0=0000000000000000 DR1=0000000000000000 DR2=0000000000000000 DR3=0000000000000000 
DR6=00000000ffff0ff0 DR7=0000000000000400
CCS=0000000000000015 CCD=0000000000000041 CCO=EFLAGS
EFER=0000000000000d00
Servicing hardware INT=0x20
   416: v=20 e=0000 i=0 cpl=0 IP=0038:000000007e6358f0 pc=000000007e6358f0 SP=0030:000000007ff022c0 env->regs[R_EAX]=00000000000001fc
RAX=00000000000001fc RBX=000000007e692000 RCX=000000008027b000 RDX=000000000000025e
RSI=0000000000000000 RDI=000000007e692000 RBP=000000007ff022c0 RSP=000000007ff022c0
R8 =0000000000000000 R9 =000000007ff022b8 R10=000000000000021f R11=00000000000a0000
R12=0000000000000000 R13=0000000000000000 R14=000000007ea5d5b8 R15=000000007e662430
RIP=000000007e6358f0 RFL=00000283 [--S---C] CPL=0 II=0 A20=1 SMM=0 HLT=0
ES =0030 0000000000000000 ffffffff 00cf9300 DPL=0 DS   [-WA]
CS =0038 0000000000000000 ffffffff 00af9a00 DPL=0 CS64 [-R-]
SS =0030 0000000000000000 ffffffff 00cf9300 DPL=0 DS   [-WA]
DS =0030 0000000000000000 ffffffff 00cf9300 DPL=0 DS   [-WA]
FS =0030 0000000000000000 ffffffff 00cf9300 DPL=0 DS   [-WA]
GS =0030 0000000000000000 ffffffff 00cf9300 DPL=0 DS   [-WA]
LDT=0000 0000000000000000 0000ffff 00008200 DPL=0 LDT
TR =0000 0000000000000000 0000ffff 00008b00 DPL=0 TSS64-busy
GDT=     000000007f5dc000 00000047
IDT=     000000007f268018 00000fff
CR0=80010033 CR2=0000000000000000 CR3=000000007f801000 CR4=00000668
DR0=0000000000000000 DR1=0000000000000000 DR2=0000000000000000 DR3=0000000000000000 
DR6=00000000ffff0ff0 DR7=0000000000000400
CCS=0000000000000081 CCD=fffffffffffffd5e CCO=EFLAGS
EFER=0000000000000d00
check_exception old: 0xffffffff new 0xe
   417: v=0e e=0002 i=0 cpl=0 IP=0028:ffffffff8000104e pc=ffffffff8000104e SP=0030:ffff80007e68aff0 CR2=00000000000b8000
RAX=00000000000b8004 RBX=0000000000000000 RCX=0000000000000720 RDX=00000000000b80a0
RSI=0000000000000720 RDI=0000000000000000 RBP=0000000000000000 RSP=ffff80007e68aff0
R8 =0000000000000000 R9 =0000000000000000 R10=0000000000000000 R11=0000000000000000
R12=0000000000000000 R13=0000000000000000 R14=0000000000000000 R15=0000000000000000
RIP=ffffffff8000104e RFL=00000002 [-------] CPL=0 II=0 A20=1 SMM=0 HLT=0
ES =0030 0000000000000000 00000000 00009300 DPL=0 DS   [-WA]
CS =0028 0000000000000000 00000000 00209b00 DPL=0 CS64 [-RA]
SS =0030 0000000000000000 00000000 00009300 DPL=0 DS   [-WA]
DS =0030 0000000000000000 00000000 00009300 DPL=0 DS   [-WA]
FS =0030 0000000000000000 00000000 00009300 DPL=0 DS   [-WA]
GS =0030 0000000000000000 00000000 00009300 DPL=0 DS   [-WA]
LDT=0000 0000000000000000 00000000 00008200 DPL=0 LDT
TR =0000 0000000000000000 0000ffff 00008b00 DPL=0 TSS64-busy
GDT=     ffff80007feda000 00000037
IDT=     0000000000000000 00000000
CR0=80010011 CR2=00000000000b8000 CR3=000000007e67a000 CR4=00000020
DR0=0000000000000000 DR1=0000000000000000 DR2=0000000000000000 DR3=0000000000000000 
DR6=00000000ffff0ff0 DR7=0000000000000400
CCS=0000000000000004 CCD=00000000000b8004 CCO=ADDQ
EFER=0000000000000d00
check_exception old: 0xe new 0xd
   418: v=08 e=0000 i=0 cpl=0 IP=0028:ffffffff8000104e pc=ffffffff8000104e SP=0030:ffff80007e68aff0 env->regs[R_EAX]=00000000000b8004
RAX=00000000000b8004 RBX=0000000000000000 RCX=0000000000000720 RDX=00000000000b80a0
RSI=0000000000000720 RDI=0000000000000000 RBP=0000000000000000 RSP=ffff80007e68aff0
R8 =0000000000000000 R9 =0000000000000000 R10=0000000000000000 R11=0000000000000000
R12=0000000000000000 R13=0000000000000000 R14=0000000000000000 R15=0000000000000000
RIP=ffffffff8000104e RFL=00000002 [-------] CPL=0 II=0 A20=1 SMM=0 HLT=0
ES =0030 0000000000000000 00000000 00009300 DPL=0 DS   [-WA]
CS =0028 0000000000000000 00000000 00209b00 DPL=0 CS64 [-RA]
SS =0030 0000000000000000 00000000 00009300 DPL=0 DS   [-WA]
DS =0030 0000000000000000 00000000 00009300 DPL=0 DS   [-WA]
FS =0030 0000000000000000 00000000 00009300 DPL=0 DS   [-WA]
GS =0030 0000000000000000 00000000 00009300 DPL=0 DS   [-WA]
LDT=0000 0000000000000000 00000000 00008200 DPL=0 LDT
TR =0000 0000000000000000 0000ffff 00008b00 DPL=0 TSS64-busy
GDT=     ffff80007feda000 00000037
IDT=     0000000000000000 00000000
CR0=80010011 CR2=00000000000b8000 CR3=000000007e67a000 CR4=00000020
DR0=0000000000000000 DR1=0000000000000000 DR2=0000000000000000 DR3=0000000000000000 
DR6=00000000ffff0ff0 DR7=0000000000000400
CCS=0000000000000004 CCD=00000000000b8004 CCO=ADDQ
EFER=0000000000000d00
check_exception old: 0x8 new 0xd
